image_name,label_a,label_b
sektion_0_1.png,181,186
sektion_0_10.png,187,190
sektion_0_100.png,189,185
sektion_0_101.png,116,209
sektion_0_102.png,116,210
sektion_0_103.png,116,211
sektion_0_104.png,116,212
sektion_0_105.png,114,212
sektion_0_106.png,114,213
sektion_0_107.png,114,213
sektion_0_108.png,114,213
sektion_0_109.png,114,213
sektion_0_11.png,115,212
sektion_0_110.png,190,184
sektion_0_111.png,115,211
sektion_0_112.png,115,213
sektion_0_113.png,113,216
sektion_0_114.png,112,216
sektion_0_115.png,113,216
sektion_0_116.png,113,215
sektion_0_117.png,112,216
sektion_0_118.png,112,216
sektion_0_119.png,112,216
sektion_0_12.png,114,217
sektion_0_120.png,191,180
sektion_0_121.png,114,217
sektion_0_122.png,115,218
sektion_0_123.png,115,218
sektion_0_124.png,116,217
sektion_0_125.png,117,216
sektion_0_126.png,117,216
sektion_0_127.png,121,215
sektion_0_128.png,122,215
sektion_0_129.png,119,215
sektion_0_13.png,112,214
sektion_0_130.png,188,175
sektion_0_131.png,111,213
sektion_0_132.png,115,210
sektion_0_133.png,116,207
sektion_0_134.png,113,205
sektion_0_135.png,109,204
sektion_0_136.png,109,201
sektion_0_137.png,112,195
sektion_0_138.png,112,197
sektion_0_139.png,110,200
sektion_0_14.png,109,202
sektion_0_140.png,189,175
sektion_0_141.png,107,207
sektion_0_142.png,109,207
sektion_0_143.png,111,206
sektion_0_144.png,112,210
sektion_0_145.png,110,214
sektion_0_146.png,109,213
sektion_0_147.png,108,213
sektion_0_148.png,108,211
sektion_0_149.png,109,207
sektion_0_15.png,111,203
sektion_0_150.png,188,174
sektion_0_151.png,112,201
sektion_0_152.png,111,205
sektion_0_153.png,109,210
sektion_0_154.png,110,212
sektion_0_155.png,113,210
sektion_0_156.png,113,208
sektion_0_157.png,112,211
sektion_0_158.png,111,214
sektion_0_159.png,110,215
sektion_0_16.png,111,215
sektion_0_160.png,188,173
sektion_0_161.png,112,213
sektion_0_162.png,112,212
sektion_0_163.png,113,212
sektion_0_164.png,117,211
sektion_0_165.png,120,205
sektion_0_166.png,132,192
sektion_0_167.png,151,169
sektion_0_168.png,157,149
sektion_0_169.png,153,148
sektion_0_17.png,148,157
sektion_0_170.png,187,173
sektion_0_171.png,143,165
sektion_0_172.png,136,168
sektion_0_173.png,140,171
sektion_0_174.png,138,170
sektion_0_175.png,133,166
sektion_0_176.png,131,165
sektion_0_177.png,130,169
sektion_0_178.png,133,169
sektion_0_179.png,135,164
sektion_0_18.png,136,157
sektion_0_180.png,186,173
sektion_0_181.png,135,155
sektion_0_182.png,133,148
sektion_0_183.png,137,144
sektion_0_184.png,141,143
sektion_0_185.png,137,139
sektion_0_186.png,134,139
sektion_0_187.png,133,112
sektion_0_188.png,152,67
sektion_0_189.png,163,49
sektion_0_19.png,160,52
sektion_0_190.png,185,174
sektion_0_191.png,165,48
sektion_0_192.png,155,56
sektion_0_193.png,132,81
sektion_0_194.png,117,124
sektion_0_195.png,115,148
sektion_0_196.png,118,148
sektion_0_197.png,123,145
sektion_0_198.png,118,153
sektion_0_199.png,115,162
sektion_0_2.png,117,156
sektion_0_20.png,189,191
sektion_0_200.png,184,175
sektion_0_201.png,120,157
sektion_0_202.png,120,158
sektion_0_203.png,118,156
sektion_0_204.png,118,158
sektion_0_205.png,120,165
sektion_0_206.png,121,170
sektion_0_207.png,123,171
sektion_0_208.png,123,170
sektion_0_209.png,122,170
sektion_0_21.png,126,162
sektion_0_210.png,184,175
sektion_0_211.png,139,155
sektion_0_212.png,143,170
sektion_0_213.png,146,166
sektion_0_214.png,154,160
sektion_0_215.png,168,172
sektion_0_216.png,161,168
sektion_0_217.png,150,156
sektion_0_218.png,162,165
sektion_0_219.png,165,168
sektion_0_22.png,169,168
sektion_0_220.png,183,175
sektion_0_221.png,167,167
sektion_0_222.png,161,166
sektion_0_223.png,152,174
sektion_0_224.png,148,178
sektion_0_225.png,150,172
sektion_0_226.png,137,185
sektion_0_227.png,127,197
sektion_0_228.png,124,198
sektion_0_229.png,127,197
sektion_0_23.png,125,193
sektion_0_230.png,184,176
sektion_0_231.png,121,187
sektion_0_232.png,124,173
sektion_0_233.png,126,165
sektion_0_234.png,123,161
sektion_0_235.png,124,167
sektion_0_236.png,132,171
sektion_0_237.png,136,169
sektion_0_238.png,129,165
sektion_0_239.png,123,137
sektion_0_24.png,124,135
sektion_0_240.png,184,177
sektion_0_241.png,120,136
sektion_0_242.png,119,138
sektion_0_243.png,120,139
sektion_0_244.png,121,145
sektion_0_245.png,121,159
sektion_0_246.png,125,171
sektion_0_247.png,130,177
sektion_0_248.png,130,183
sektion_0_249.png,122,188
sektion_0_25.png,113,200
sektion_0_250.png,183,178
sektion_0_251.png,113,207
sektion_0_252.png,121,207
sektion_0_253.png,131,199
sektion_0_254.png,139,182
sektion_0_255.png,147,169
sektion_0_256.png,156,168
sektion_0_257.png,156,168
sektion_0_258.png,148,164
sektion_0_259.png,149,162
sektion_0_26.png,147,166
sektion_0_260.png,184,179
sektion_0_261.png,144,167
sektion_0_262.png,144,167
sektion_0_263.png,145,167
sektion_0_264.png,145,165
sektion_0_265.png,143,164
sektion_0_266.png,143,164
sektion_0_267.png,138,167
sektion_0_268.png,137,168
sektion_0_269.png,138,166
sektion_0_27.png,145,162
sektion_0_270.png,187,181
sektion_0_271.png,151,159
sektion_0_272.png,155,161
sektion_0_273.png,154,162
sektion_0_274.png,149,163
sektion_0_275.png,145,162
sektion_0_276.png,139,152
sektion_0_277.png,133,155
sektion_0_278.png,132,159
sektion_0_279.png,135,158
sektion_0_28.png,138,161
sektion_0_280.png,187,184
sektion_0_281.png,138,168
sektion_0_282.png,137,174
sektion_0_283.png,134,180
sektion_0_284.png,129,189
sektion_0_285.png,122,195
sektion_0_286.png,113,195
sektion_0_287.png,116,191
sektion_0_288.png,118,189
sektion_0_289.png,115,189
sektion_0_29.png,112,193
sektion_0_290.png,182,186
sektion_0_291.png,113,196
sektion_0_292.png,114,197
sektion_0_293.png,114,193
sektion_0_294.png,113,189
sektion_0_295.png,108,191
sektion_0_296.png,108,191
sektion_0_297.png,111,192
sektion_0_298.png,114,194
sektion_0_299.png,115,198
sektion_0_3.png,115,200
sektion_0_30.png,191,192
sektion_0_300.png,172,188
sektion_0_301.png,115,201
sektion_0_302.png,114,200
sektion_0_303.png,113,199
sektion_0_304.png,115,194
sektion_0_305.png,117,193
sektion_0_306.png,117,194
sektion_0_307.png,117,189
sektion_0_308.png,121,182
sektion_0_309.png,124,179
sektion_0_31.png,123,184
sektion_0_310.png,151,191
sektion_0_311.png,126,189
sektion_0_312.png,134,181
sektion_0_313.png,142,164
sektion_0_314.png,136,160
sektion_0_315.png,136,160
sektion_0_316.png,136,158
sektion_0_317.png,136,154
sektion_0_318.png,140,149
sektion_0_319.png,142,143
sektion_0_32.png,143,140
sektion_0_320.png,130,195
sektion_0_321.png,142,139
sektion_0_322.png,141,142
sektion_0_323.png,123,150
sektion_0_324.png,111,153
sektion_0_325.png,101,158
sektion_0_326.png,92,163
sektion_0_327.png,88,164
sektion_0_328.png,90,164
sektion_0_329.png,96,163
sektion_0_33.png,103,164
sektion_0_330.png,127,197
sektion_0_331.png,110,165
sektion_0_332.png,119,169
sektion_0_333.png,130,176
sektion_0_334.png,128,183
sektion_0_335.png,125,189
sektion_0_336.png,123,188
sektion_0_337.png,122,179
sektion_0_338.png,120,172
sektion_0_339.png,119,168
sektion_0_34.png,117,170
sektion_0_340.png,122,202
sektion_0_341.png,116,172
sektion_0_342.png,120,170
sektion_0_343.png,119,170
sektion_0_344.png,117,170
sektion_0_345.png,116,172
sektion_0_346.png,118,172
sektion_0_347.png,120,169
sektion_0_348.png,122,165
sektion_0_349.png,122,160
sektion_0_35.png,122,155
sektion_0_350.png,120,206
sektion_0_351.png,121,157
sektion_0_352.png,120,157
sektion_0_353.png,121,153
sektion_0_354.png,121,152
sektion_0_355.png,119,154
sektion_0_356.png,118,157
sektion_0_357.png,118,157
sektion_0_358.png,120,151
sektion_0_359.png,123,143
sektion_0_36.png,127,139
sektion_0_360.png,119,208
sektion_0_361.png,133,140
sektion_0_362.png,127,142
sektion_0_363.png,119,144
sektion_0_364.png,114,145
sektion_0_365.png,111,144
sektion_0_366.png,109,145
sektion_0_367.png,108,146
sektion_0_368.png,107,147
sektion_0_369.png,105,149
sektion_0_37.png,105,150
sektion_0_370.png,116,210
sektion_0_371.png,105,151
sektion_0_372.png,104,150
sektion_0_373.png,104,151
sektion_0_374.png,103,151
sektion_0_375.png,103,151
sektion_0_376.png,103,151
sektion_0_377.png,102,151
sektion_0_378.png,102,151
sektion_0_379.png,104,152
sektion_0_38.png,107,153
sektion_0_380.png,114,211
sektion_0_381.png,110,157
sektion_0_382.png,114,163
sektion_0_383.png,118,167
sektion_0_384.png,124,169
sektion_0_385.png,128,170
sektion_0_386.png,132,168
sektion_0_387.png,137,167
sektion_0_388.png,143,164
sektion_0_389.png,156,161
sektion_0_39.png,158,161
sektion_0_390.png,113,214
sektion_0_391.png,160,162
sektion_0_392.png,161,164
sektion_0_393.png,159,165
sektion_0_394.png,158,163
sektion_0_395.png,154,158
sektion_0_396.png,151,153
sektion_0_397.png,151,149
sektion_0_398.png,144,146
sektion_0_399.png,141,144
sektion_0_4.png,143,144
sektion_0_40.png,193,190
sektion_0_400.png,113,214
sektion_0_401.png,142,143
sektion_0_402.png,140,143
sektion_0_403.png,134,142
sektion_0_404.png,125,144
sektion_0_405.png,115,146
sektion_0_406.png,107,147
sektion_0_407.png,106,147
sektion_0_408.png,107,143
sektion_0_409.png,107,142
sektion_0_41.png,110,138
sektion_0_410.png,113,208
sektion_0_411.png,115,135
sektion_0_412.png,121,133
sektion_0_413.png,121,133
sektion_0_414.png,123,132
sektion_0_415.png,128,130
sektion_0_416.png,133,127
sektion_0_417.png,130,128
sektion_0_418.png,128,131
sektion_0_419.png,126,137
sektion_0_42.png,121,143
sektion_0_420.png,113,208
sektion_0_421.png,115,149
sektion_0_422.png,110,154
sektion_0_423.png,106,157
sektion_0_424.png,104,159
sektion_0_425.png,104,160
sektion_0_426.png,106,158
sektion_0_427.png,106,157
sektion_0_428.png,107,159
sektion_0_429.png,106,163
sektion_0_43.png,107,163
sektion_0_430.png,114,209
sektion_0_431.png,107,162
sektion_0_432.png,107,161
sektion_0_433.png,109,160
sektion_0_434.png,110,159
sektion_0_435.png,111,160
sektion_0_436.png,114,162
sektion_0_437.png,118,159
sektion_0_438.png,122,156
sektion_0_439.png,125,154
sektion_0_44.png,126,153
sektion_0_440.png,113,212
sektion_0_441.png,126,152
sektion_0_442.png,129,149
sektion_0_443.png,130,147
sektion_0_444.png,133,143
sektion_0_445.png,133,141
sektion_0_446.png,133,141
sektion_0_447.png,131,144
sektion_0_448.png,133,145
sektion_0_449.png,135,145
sektion_0_45.png,141,142
sektion_0_450.png,112,215
sektion_0_451.png,148,141
sektion_0_452.png,156,144
sektion_0_453.png,161,147
sektion_0_454.png,164,150
sektion_0_455.png,167,154
sektion_0_456.png,167,155
sektion_0_457.png,168,157
sektion_0_458.png,169,159
sektion_0_459.png,170,160
sektion_0_46.png,169,159
sektion_0_460.png,111,217
sektion_0_461.png,169,158
sektion_0_462.png,168,157
sektion_0_463.png,166,154
sektion_0_464.png,161,149
sektion_0_465.png,159,147
sektion_0_466.png,160,143
sektion_0_467.png,155,141
sektion_0_468.png,153,139
sektion_0_469.png,152,137
sektion_0_47.png,152,136
sektion_0_470.png,111,217
sektion_0_471.png,154,136
sektion_0_472.png,155,138
sektion_0_473.png,156,146
sektion_0_474.png,158,150
sektion_0_475.png,159,154
sektion_0_476.png,160,158
sektion_0_477.png,160,160
sektion_0_478.png,160,162
sektion_0_479.png,162,163
sektion_0_48.png,164,162
sektion_0_480.png,112,217
sektion_0_481.png,166,161
sektion_0_482.png,166,160
sektion_0_483.png,165,157
sektion_0_484.png,165,157
sektion_0_485.png,165,157
sektion_0_486.png,167,158
sektion_0_487.png,167,159
sektion_0_49.png,169,159
sektion_0_5.png,113,216
sektion_0_50.png,193,188
sektion_0_51.png,113,215
sektion_0_52.png,113,215
sektion_0_53.png,112,216
sektion_0_54.png,111,216
sektion_0_55.png,112,216
sektion_0_56.png,113,216
sektion_0_57.png,114,216
sektion_0_58.png,114,215
sektion_0_59.png,115,215
sektion_0_6.png,115,216
sektion_0_60.png,194,188
sektion_0_61.png,116,216
sektion_0_62.png,116,215
sektion_0_63.png,117,215
sektion_0_64.png,120,214
sektion_0_65.png,125,212
sektion_0_66.png,128,210
sektion_0_67.png,126,210
sektion_0_68.png,119,212
sektion_0_69.png,114,215
sektion_0_7.png,116,214
sektion_0_70.png,196,188
sektion_0_71.png,116,215
sektion_0_72.png,116,216
sektion_0_73.png,115,216
sektion_0_74.png,114,215
sektion_0_75.png,113,215
sektion_0_76.png,112,215
sektion_0_77.png,114,215
sektion_0_78.png,116,214
sektion_0_79.png,125,211
sektion_0_8.png,140,204
sektion_0_80.png,195,185
sektion_0_81.png,157,195
sektion_0_82.png,161,194
sektion_0_83.png,148,199
sektion_0_84.png,133,204
sektion_0_85.png,124,207
sektion_0_86.png,123,207
sektion_0_87.png,124,207
sektion_0_88.png,124,206
sektion_0_89.png,127,203
sektion_0_9.png,141,199
sektion_0_90.png,191,183
sektion_0_91.png,154,192
sektion_0_92.png,166,177
sektion_0_93.png,171,165
sektion_0_94.png,165,167
sektion_0_95.png,141,187
sektion_0_96.png,124,202
sektion_0_97.png,123,201
sektion_0_98.png,122,201
sektion_0_99.png,119,205
sektion_1_0.png,118,207
sektion_1_1.png,183,188
sektion_1_10.png,188,188
sektion_1_100.png,190,181
sektion_1_101.png,115,211
sektion_1_102.png,116,210
sektion_1_103.png,116,212
sektion_1_104.png,115,213
sektion_1_105.png,115,213
sektion_1_106.png,114,213
sektion_1_107.png,114,213
sektion_1_108.png,113,212
sektion_1_109.png,114,212
sektion_1_11.png,114,213
sektion_1_110.png,189,179
sektion_1_111.png,115,214
sektion_1_112.png,115,215
sektion_1_113.png,113,217
sektion_1_114.png,112,217
sektion_1_115.png,112,217
sektion_1_116.png,112,216
sektion_1_117.png,113,217
sektion_1_118.png,113,217
sektion_1_119.png,113,217
sektion_1_12.png,114,217
sektion_1_120.png,189,176
sektion_1_121.png,115,217
sektion_1_122.png,117,217
sektion_1_123.png,121,215
sektion_1_124.png,124,214
sektion_1_125.png,125,213
sektion_1_126.png,129,212
sektion_1_127.png,134,211
sektion_1_128.png,139,210
sektion_1_129.png,142,208
sektion_1_13.png,140,207
sektion_1_130.png,188,175
sektion_1_131.png,135,209
sektion_1_132.png,130,212
sektion_1_133.png,124,214
sektion_1_134.png,119,215
sektion_1_135.png,114,214
sektion_1_136.png,113,204
sektion_1_137.png,115,197
sektion_1_138.png,114,197
sektion_1_139.png,113,196
sektion_1_14.png,110,197
sektion_1_140.png,188,175
sektion_1_141.png,108,204
sektion_1_142.png,108,205
sektion_1_143.png,111,204
sektion_1_144.png,110,208
sektion_1_145.png,110,210
sektion_1_146.png,109,211
sektion_1_147.png,109,212
sektion_1_148.png,109,210
sektion_1_149.png,110,206
sektion_1_15.png,111,202
sektion_1_150.png,188,175
sektion_1_151.png,112,201
sektion_1_152.png,111,204
sektion_1_153.png,110,208
sektion_1_154.png,110,210
sektion_1_155.png,112,208
sektion_1_156.png,112,205
sektion_1_157.png,112,207
sektion_1_158.png,111,213
sektion_1_159.png,112,214
sektion_1_16.png,114,214
sektion_1_160.png,187,175
sektion_1_161.png,114,214
sektion_1_162.png,113,213
sektion_1_163.png,113,212
sektion_1_164.png,116,211
sektion_1_165.png,116,208
sektion_1_166.png,125,197
sektion_1_167.png,142,174
sektion_1_168.png,151,145
sektion_1_169.png,144,144
sektion_1_17.png,139,158
sektion_1_170.png,186,174
sektion_1_171.png,137,162
sektion_1_172.png,131,164
sektion_1_173.png,133,167
sektion_1_174.png,133,172
sektion_1_175.png,132,173
sektion_1_176.png,133,171
sektion_1_177.png,133,170
sektion_1_178.png,134,170
sektion_1_179.png,134,169
sektion_1_18.png,133,166
sektion_1_180.png,185,175
sektion_1_181.png,134,157
sektion_1_182.png,134,147
sektion_1_183.png,134,147
sektion_1_184.png,138,142
sektion_1_185.png,136,140
sektion_1_186.png,130,110
sektion_1_187.png,150,68
sektion_1_188.png,160,52
sektion_1_189.png,157,54
sektion_1_19.png,154,57
sektion_1_190.png,185,175
sektion_1_191.png,140,69
sektion_1_192.png,122,96
sektion_1_193.png,114,126
sektion_1_194.png,109,151
sektion_1_195.png,106,156
sektion_1_196.png,109,154
sektion_1_197.png,113,156
sektion_1_198.png,113,160
sektion_1_199.png,112,161
sektion_1_2.png,114,161
sektion_1_20.png,191,189
sektion_1_200.png,185,175
sektion_1_201.png,116,160
sektion_1_202.png,115,160
sektion_1_203.png,116,161
sektion_1_204.png,116,162
sektion_1_205.png,118,163
sektion_1_206.png,122,163
sektion_1_207.png,127,162
sektion_1_208.png,132,161
sektion_1_209.png,133,163
sektion_1_21.png,140,161
sektion_1_210.png,185,174
sektion_1_211.png,154,162
sektion_1_212.png,156,167
sektion_1_213.png,157,166
sektion_1_214.png,160,169
sektion_1_215.png,161,174
sektion_1_216.png,160,171
sektion_1_217.png,160,162
sektion_1_218.png,159,159
sektion_1_219.png,159,164
sektion_1_22.png,163,167
sektion_1_220.png,184,176
sektion_1_221.png,162,163
sektion_1_222.png,154,168
sektion_1_223.png,138,183
sektion_1_224.png,126,192
sektion_1_225.png,129,190
sektion_1_226.png,132,191
sektion_1_227.png,128,196
sektion_1_228.png,127,196
sektion_1_229.png,130,195
sektion_1_23.png,124,193
sektion_1_230.png,185,177
sektion_1_231.png,118,181
sektion_1_232.png,121,166
sektion_1_233.png,121,166
sektion_1_234.png,123,165
sektion_1_235.png,127,169
sektion_1_236.png,139,168
sektion_1_237.png,142,162
sektion_1_238.png,133,161
sektion_1_239.png,123,159
sektion_1_24.png,122,157
sektion_1_240.png,184,178
sektion_1_241.png,123,155
sektion_1_242.png,124,152
sektion_1_243.png,124,152
sektion_1_244.png,124,155
sektion_1_245.png,122,163
sektion_1_246.png,121,172
sektion_1_247.png,120,177
sektion_1_248.png,117,187
sektion_1_249.png,114,194
sektion_1_25.png,114,199
sektion_1_250.png,183,178
sektion_1_251.png,117,204
sektion_1_252.png,123,206
sektion_1_253.png,131,198
sektion_1_254.png,137,190
sektion_1_255.png,143,179
sektion_1_256.png,144,174
sektion_1_257.png,145,167
sektion_1_258.png,145,162
sektion_1_259.png,144,165
sektion_1_26.png,143,170
sektion_1_260.png,183,178
sektion_1_261.png,143,172
sektion_1_262.png,145,169
sektion_1_263.png,145,165
sektion_1_264.png,144,163
sektion_1_265.png,141,165
sektion_1_266.png,140,166
sektion_1_267.png,139,165
sektion_1_268.png,139,166
sektion_1_269.png,139,166
sektion_1_27.png,145,165
sektion_1_270.png,184,180
sektion_1_271.png,153,163
sektion_1_272.png,159,159
sektion_1_273.png,160,156
sektion_1_274.png,154,159
sektion_1_275.png,146,165
sektion_1_276.png,139,157
sektion_1_277.png,141,144
sektion_1_278.png,140,157
sektion_1_279.png,136,169
sektion_1_28.png,136,175
sektion_1_280.png,184,183
sektion_1_281.png,136,180
sektion_1_282.png,131,188
sektion_1_283.png,124,192
sektion_1_284.png,120,189
sektion_1_285.png,118,185
sektion_1_286.png,117,194
sektion_1_287.png,118,195
sektion_1_288.png,120,193
sektion_1_289.png,119,186
sektion_1_29.png,117,185
sektion_1_290.png,175,186
sektion_1_291.png,117,195
sektion_1_292.png,118,199
sektion_1_293.png,117,198
sektion_1_294.png,115,194
sektion_1_295.png,113,192
sektion_1_296.png,113,193
sektion_1_297.png,115,193
sektion_1_298.png,116,195
sektion_1_299.png,116,199
sektion_1_3.png,117,202
sektion_1_30.png,196,189
sektion_1_300.png,161,189
sektion_1_301.png,116,204
sektion_1_302.png,117,205
sektion_1_303.png,118,206
sektion_1_304.png,114,208
sektion_1_305.png,110,206
sektion_1_306.png,110,200
sektion_1_307.png,109,195
sektion_1_308.png,110,181
sektion_1_309.png,115,169
sektion_1_31.png,116,180
sektion_1_310.png,139,194
sektion_1_311.png,118,187
sektion_1_312.png,125,182
sektion_1_313.png,133,176
sektion_1_314.png,134,163
sektion_1_315.png,135,160
sektion_1_316.png,135,158
sektion_1_317.png,135,157
sektion_1_318.png,136,154
sektion_1_319.png,137,151
sektion_1_32.png,138,148
sektion_1_320.png,126,197
sektion_1_321.png,141,145
sektion_1_322.png,142,145
sektion_1_323.png,139,142
sektion_1_324.png,128,149
sektion_1_325.png,114,153
sektion_1_326.png,101,158
sektion_1_327.png,92,161
sektion_1_328.png,88,164
sektion_1_329.png,90,164
sektion_1_33.png,96,164
sektion_1_330.png,123,201
sektion_1_331.png,103,163
sektion_1_332.png,110,167
sektion_1_333.png,119,172
sektion_1_334.png,127,177
sektion_1_335.png,133,183
sektion_1_336.png,131,189
sektion_1_337.png,123,191
sektion_1_338.png,117,183
sektion_1_339.png,114,175
sektion_1_34.png,115,172
sektion_1_340.png,121,205
sektion_1_341.png,115,172
sektion_1_342.png,118,166
sektion_1_343.png,117,167
sektion_1_344.png,116,168
sektion_1_345.png,116,170
sektion_1_346.png,116,172
sektion_1_347.png,116,171
sektion_1_348.png,116,167
sektion_1_349.png,115,162
sektion_1_35.png,114,157
sektion_1_350.png,117,208
sektion_1_351.png,117,156
sektion_1_352.png,119,157
sektion_1_353.png,119,156
sektion_1_354.png,117,157
sektion_1_355.png,116,159
sektion_1_356.png,116,158
sektion_1_357.png,118,154
sektion_1_358.png,122,147
sektion_1_359.png,128,137
sektion_1_36.png,132,133
sektion_1_360.png,116,210
sektion_1_361.png,133,135
sektion_1_362.png,133,138
sektion_1_363.png,134,142
sektion_1_364.png,133,142
sektion_1_365.png,129,142
sektion_1_366.png,124,142
sektion_1_367.png,117,145
sektion_1_368.png,111,148
sektion_1_369.png,106,151
sektion_1_37.png,103,151
sektion_1_370.png,115,212
sektion_1_371.png,102,151
sektion_1_372.png,101,151
sektion_1_373.png,100,151
sektion_1_374.png,99,152
sektion_1_375.png,99,152
sektion_1_376.png,100,151
sektion_1_377.png,100,151
sektion_1_378.png,101,151
sektion_1_379.png,102,152
sektion_1_38.png,103,155
sektion_1_380.png,114,213
sektion_1_381.png,107,158
sektion_1_382.png,112,162
sektion_1_383.png,116,167
sektion_1_384.png,122,169
sektion_1_385.png,126,169
sektion_1_386.png,130,169
sektion_1_387.png,134,168
sektion_1_388.png,139,167
sektion_1_389.png,151,167
sektion_1_39.png,154,166
sektion_1_390.png,114,214
sektion_1_391.png,158,164
sektion_1_392.png,160,162
sektion_1_393.png,158,160
sektion_1_394.png,155,157
sektion_1_395.png,150,152
sektion_1_396.png,148,149
sektion_1_397.png,146,146
sektion_1_398.png,144,143
sektion_1_399.png,142,142
sektion_1_4.png,142,143
sektion_1_40.png,196,188
sektion_1_400.png,113,215
sektion_1_401.png,141,143
sektion_1_402.png,140,143
sektion_1_403.png,136,143
sektion_1_404.png,130,144
sektion_1_405.png,121,145
sektion_1_406.png,114,147
sektion_1_407.png,111,146
sektion_1_408.png,109,143
sektion_1_409.png,107,141
sektion_1_41.png,108,138
sektion_1_410.png,113,211
sektion_1_411.png,113,136
sektion_1_412.png,118,135
sektion_1_413.png,119,134
sektion_1_414.png,119,133
sektion_1_415.png,125,130
sektion_1_416.png,130,128
sektion_1_417.png,130,127
sektion_1_418.png,130,129
sektion_1_419.png,128,133
sektion_1_42.png,124,137
sektion_1_420.png,113,211
sektion_1_421.png,120,140
sektion_1_422.png,114,146
sektion_1_423.png,109,151
sektion_1_424.png,107,155
sektion_1_425.png,106,157
sektion_1_426.png,105,158
sektion_1_427.png,105,158
sektion_1_428.png,107,158
sektion_1_429.png,107,159
sektion_1_43.png,107,159
sektion_1_430.png,113,212
sektion_1_431.png,107,157
sektion_1_432.png,107,157
sektion_1_433.png,109,157
sektion_1_434.png,110,159
sektion_1_435.png,112,161
sektion_1_436.png,112,162
sektion_1_437.png,116,160
sektion_1_438.png,121,159
sektion_1_439.png,123,156
sektion_1_44.png,126,152
sektion_1_440.png,112,214
sektion_1_441.png,127,149
sektion_1_442.png,129,144
sektion_1_443.png,132,141
sektion_1_444.png,135,139
sektion_1_445.png,134,139
sektion_1_446.png,133,142
sektion_1_447.png,134,143
sektion_1_448.png,134,145
sektion_1_449.png,134,145
sektion_1_45.png,137,143
sektion_1_450.png,112,216
sektion_1_451.png,141,141
sektion_1_452.png,149,139
sektion_1_453.png,153,141
sektion_1_454.png,156,146
sektion_1_455.png,163,149
sektion_1_456.png,166,153
sektion_1_457.png,171,157
sektion_1_458.png,173,161
sektion_1_459.png,174,163
sektion_1_46.png,173,162
sektion_1_460.png,111,218
sektion_1_461.png,172,161
sektion_1_462.png,170,158
sektion_1_463.png,167,157
sektion_1_464.png,166,154
sektion_1_465.png,165,153
sektion_1_466.png,164,151
sektion_1_467.png,162,149
sektion_1_468.png,160,146
sektion_1_469.png,158,144
sektion_1_47.png,159,144
sektion_1_470.png,111,218
sektion_1_471.png,158,145
sektion_1_472.png,159,146
sektion_1_473.png,161,147
sektion_1_474.png,161,150
sektion_1_475.png,162,154
sektion_1_476.png,164,158
sektion_1_477.png,165,161
sektion_1_478.png,166,162
sektion_1_479.png,168,163
sektion_1_48.png,169,163
sektion_1_480.png,112,218
sektion_1_481.png,171,164
sektion_1_482.png,173,164
sektion_1_483.png,173,163
sektion_1_484.png,173,164
sektion_1_485.png,175,165
sektion_1_486.png,176,166
sektion_1_487.png,176,167
sektion_1_49.png,177,168
sektion_1_5.png,113,217
sektion_1_50.png,196,187
sektion_1_51.png,113,216
sektion_1_52.png,112,216
sektion_1_53.png,112,217
sektion_1_54.png,111,217
sektion_1_55.png,112,217
sektion_1_56.png,113,216
sektion_1_57.png,114,215
sektion_1_58.png,114,215
sektion_1_59.png,115,215
sektion_1_6.png,115,216
sektion_1_60.png,198,186
sektion_1_61.png,115,216
sektion_1_62.png,115,216
sektion_1_63.png,118,215
sektion_1_64.png,121,213
sektion_1_65.png,125,212
sektion_1_66.png,126,210
sektion_1_67.png,123,211
sektion_1_68.png,117,214
sektion_1_69.png,114,214
sektion_1_7.png,114,215
sektion_1_70.png,199,185
sektion_1_71.png,114,215
sektion_1_72.png,114,216
sektion_1_73.png,114,215
sektion_1_74.png,114,215
sektion_1_75.png,112,215
sektion_1_76.png,113,215
sektion_1_77.png,116,213
sektion_1_78.png,121,211
sektion_1_79.png,131,206
sektion_1_8.png,147,197
sektion_1_80.png,197,182
sektion_1_81.png,162,190
sektion_1_82.png,161,192
sektion_1_83.png,148,198
sektion_1_84.png,134,204
sektion_1_85.png,127,206
sektion_1_86.png,126,206
sektion_1_87.png,128,205
sektion_1_88.png,127,204
sektion_1_89.png,133,201
sektion_1_9.png,148,197
sektion_1_90.png,193,181
sektion_1_91.png,160,188
sektion_1_92.png,168,175
sektion_1_93.png,170,166
sektion_1_94.png,163,173
sektion_1_95.png,136,195
sektion_1_96.png,124,202
sektion_1_97.png,125,199
sektion_1_98.png,122,201
sektion_1_99.png,118,206
sektion_2_0.png,116,209
sektion_2_1.png,187,188
sektion_2_10.png,191,187
sektion_2_100.png,190,175
sektion_2_101.png,115,211
sektion_2_102.png,115,212
sektion_2_103.png,115,212
sektion_2_104.png,115,213
sektion_2_105.png,114,213
sektion_2_106.png,115,214
sektion_2_107.png,114,213
sektion_2_108.png,114,212
sektion_2_109.png,115,211
sektion_2_11.png,115,213
sektion_2_110.png,189,173
sektion_2_111.png,114,216
sektion_2_112.png,113,217
sektion_2_113.png,112,217
sektion_2_114.png,113,217
sektion_2_115.png,112,217
sektion_2_116.png,113,217
sektion_2_117.png,115,217
sektion_2_118.png,115,217
sektion_2_119.png,115,217
sektion_2_12.png,116,217
sektion_2_120.png,190,174
sektion_2_121.png,119,216
sektion_2_122.png,125,214
sektion_2_123.png,131,212
sektion_2_124.png,138,210
sektion_2_125.png,143,207
sektion_2_126.png,149,204
sektion_2_127.png,156,201
sektion_2_128.png,163,199
sektion_2_129.png,171,197
sektion_2_13.png,175,197
sektion_2_130.png,189,175
sektion_2_131.png,172,198
sektion_2_132.png,160,201
sektion_2_133.png,146,207
sektion_2_134.png,133,210
sektion_2_135.png,126,213
sektion_2_136.png,118,215
sektion_2_137.png,116,214
sektion_2_138.png,114,210
sektion_2_139.png,113,203
sektion_2_14.png,112,197
sektion_2_140.png,189,175
sektion_2_141.png,110,200
sektion_2_142.png,109,204
sektion_2_143.png,109,204
sektion_2_144.png,109,205
sektion_2_145.png,111,206
sektion_2_146.png,110,207
sektion_2_147.png,109,209
sektion_2_148.png,109,209
sektion_2_149.png,109,206
sektion_2_15.png,110,203
sektion_2_150.png,188,175
sektion_2_151.png,111,202
sektion_2_152.png,110,204
sektion_2_153.png,110,206
sektion_2_154.png,110,208
sektion_2_155.png,110,207
sektion_2_156.png,111,204
sektion_2_157.png,112,205
sektion_2_158.png,112,210
sektion_2_159.png,113,214
sektion_2_16.png,114,214
sektion_2_160.png,188,176
sektion_2_161.png,114,214
sektion_2_162.png,113,214
sektion_2_163.png,114,213
sektion_2_164.png,116,212
sektion_2_165.png,115,210
sektion_2_166.png,124,202
sektion_2_167.png,139,182
sektion_2_168.png,148,158
sektion_2_169.png,143,156
sektion_2_17.png,139,163
sektion_2_170.png,187,177
sektion_2_171.png,136,164
sektion_2_172.png,131,164
sektion_2_173.png,131,169
sektion_2_174.png,131,173
sektion_2_175.png,131,174
sektion_2_176.png,132,172
sektion_2_177.png,133,170
sektion_2_178.png,135,170
sektion_2_179.png,134,171
sektion_2_18.png,132,168
sektion_2_180.png,186,176
sektion_2_181.png,134,160
sektion_2_182.png,138,144
sektion_2_183.png,133,143
sektion_2_184.png,130,143
sektion_2_185.png,139,105
sektion_2_186.png,155,62
sektion_2_187.png,156,55
sektion_2_188.png,156,55
sektion_2_189.png,162,50
sektion_2_19.png,141,68
sektion_2_190.png,185,176
sektion_2_191.png,116,104
sektion_2_192.png,115,139
sektion_2_193.png,115,142
sektion_2_194.png,109,150
sektion_2_195.png,100,158
sektion_2_196.png,100,159
sektion_2_197.png,107,158
sektion_2_198.png,108,163
sektion_2_199.png,108,166
sektion_2_2.png,111,163
sektion_2_20.png,195,189
sektion_2_200.png,185,175
sektion_2_201.png,112,159
sektion_2_202.png,112,159
sektion_2_203.png,114,162
sektion_2_204.png,116,163
sektion_2_205.png,117,161
sektion_2_206.png,120,157
sektion_2_207.png,127,156
sektion_2_208.png,136,158
sektion_2_209.png,147,160
sektion_2_21.png,156,155
sektion_2_210.png,185,175
sektion_2_211.png,161,159
sektion_2_212.png,166,167
sektion_2_213.png,169,174
sektion_2_214.png,169,175
sektion_2_215.png,158,160
sektion_2_216.png,156,154
sektion_2_217.png,157,164
sektion_2_218.png,156,164
sektion_2_219.png,162,168
sektion_2_22.png,162,167
sektion_2_220.png,184,176
sektion_2_221.png,156,164
sektion_2_222.png,158,161
sektion_2_223.png,143,172
sektion_2_224.png,117,187
sektion_2_225.png,118,190
sektion_2_226.png,132,191
sektion_2_227.png,130,196
sektion_2_228.png,128,197
sektion_2_229.png,129,197
sektion_2_23.png,121,195
sektion_2_230.png,185,176
sektion_2_231.png,118,172
sektion_2_232.png,121,152
sektion_2_233.png,121,157
sektion_2_234.png,121,162
sektion_2_235.png,126,168
sektion_2_236.png,133,171
sektion_2_237.png,133,169
sektion_2_238.png,126,171
sektion_2_239.png,128,163
sektion_2_24.png,127,164
sektion_2_240.png,184,177
sektion_2_241.png,127,165
sektion_2_242.png,124,166
sektion_2_243.png,123,167
sektion_2_244.png,120,170
sektion_2_245.png,116,175
sektion_2_246.png,112,180
sektion_2_247.png,109,183
sektion_2_248.png,111,192
sektion_2_249.png,116,196
sektion_2_25.png,120,200
sektion_2_250.png,183,177
sektion_2_251.png,123,201
sektion_2_252.png,126,202
sektion_2_253.png,132,197
sektion_2_254.png,139,189
sektion_2_255.png,142,177
sektion_2_256.png,141,164
sektion_2_257.png,141,157
sektion_2_258.png,144,159
sektion_2_259.png,139,168
sektion_2_26.png,136,174
sektion_2_260.png,182,178
sektion_2_261.png,138,174
sektion_2_262.png,141,168
sektion_2_263.png,141,166
sektion_2_264.png,142,165
sektion_2_265.png,139,166
sektion_2_266.png,140,166
sektion_2_267.png,139,166
sektion_2_268.png,141,164
sektion_2_269.png,145,162
sektion_2_27.png,149,163
sektion_2_270.png,183,180
sektion_2_271.png,155,162
sektion_2_272.png,159,161
sektion_2_273.png,161,159
sektion_2_274.png,156,160
sektion_2_275.png,148,167
sektion_2_276.png,140,176
sektion_2_277.png,136,179
sektion_2_278.png,131,183
sektion_2_279.png,125,190
sektion_2_28.png,123,192
sektion_2_280.png,180,183
sektion_2_281.png,121,192
sektion_2_282.png,120,193
sektion_2_283.png,118,194
sektion_2_284.png,116,193
sektion_2_285.png,115,191
sektion_2_286.png,120,192
sektion_2_287.png,121,196
sektion_2_288.png,121,198
sektion_2_289.png,120,199
sektion_2_29.png,119,196
sektion_2_290.png,165,187
sektion_2_291.png,122,193
sektion_2_292.png,122,192
sektion_2_293.png,120,189
sektion_2_294.png,118,186
sektion_2_295.png,113,188
sektion_2_296.png,112,192
sektion_2_297.png,116,195
sektion_2_298.png,121,194
sektion_2_299.png,124,193
sektion_2_3.png,126,191
sektion_2_30.png,199,186
sektion_2_300.png,147,192
sektion_2_301.png,125,192
sektion_2_302.png,123,192
sektion_2_303.png,120,194
sektion_2_304.png,122,197
sektion_2_305.png,119,201
sektion_2_306.png,112,204
sektion_2_307.png,112,200
sektion_2_308.png,113,178
sektion_2_309.png,110,181
sektion_2_31.png,118,175
sektion_2_310.png,130,197
sektion_2_311.png,123,169
sektion_2_312.png,120,185
sektion_2_313.png,127,185
sektion_2_314.png,130,170
sektion_2_315.png,132,165
sektion_2_316.png,133,162
sektion_2_317.png,133,160
sektion_2_318.png,133,160
sektion_2_319.png,134,159
sektion_2_32.png,135,158
sektion_2_320.png,122,200
sektion_2_321.png,138,154
sektion_2_322.png,139,148
sektion_2_323.png,147,143
sektion_2_324.png,146,143
sektion_2_325.png,133,148
sektion_2_326.png,117,152
sektion_2_327.png,104,155
sektion_2_328.png,93,158
sektion_2_329.png,89,161
sektion_2_33.png,90,162
sektion_2_330.png,120,205
sektion_2_331.png,94,163
sektion_2_332.png,100,165
sektion_2_333.png,110,169
sektion_2_334.png,115,174
sektion_2_335.png,123,180
sektion_2_336.png,131,183
sektion_2_337.png,134,185
sektion_2_338.png,130,190
sektion_2_339.png,123,190
sektion_2_34.png,118,184
sektion_2_340.png,118,208
sektion_2_341.png,116,177
sektion_2_342.png,116,178
sektion_2_343.png,116,177
sektion_2_344.png,117,176
sektion_2_345.png,117,174
sektion_2_346.png,119,173
sektion_2_347.png,119,173
sektion_2_348.png,118,172
sektion_2_349.png,116,170
sektion_2_35.png,114,167
sektion_2_350.png,116,209
sektion_2_351.png,114,162
sektion_2_352.png,114,160
sektion_2_353.png,114,161
sektion_2_354.png,114,161
sektion_2_355.png,116,159
sektion_2_356.png,119,153
sektion_2_357.png,124,146
sektion_2_358.png,129,139
sektion_2_359.png,133,133
sektion_2_36.png,136,130
sektion_2_360.png,115,211
sektion_2_361.png,137,131
sektion_2_362.png,140,135
sektion_2_363.png,143,138
sektion_2_364.png,146,141
sektion_2_365.png,144,143
sektion_2_366.png,141,143
sektion_2_367.png,134,146
sektion_2_368.png,126,148
sektion_2_369.png,120,150
sektion_2_37.png,113,149
sektion_2_370.png,115,213
sektion_2_371.png,110,149
sektion_2_372.png,108,149
sektion_2_373.png,105,150
sektion_2_374.png,101,151
sektion_2_375.png,99,152
sektion_2_376.png,99,152
sektion_2_377.png,99,153
sektion_2_378.png,98,153
sektion_2_379.png,100,155
sektion_2_38.png,104,157
sektion_2_380.png,114,214
sektion_2_381.png,107,159
sektion_2_382.png,112,162
sektion_2_383.png,118,165
sektion_2_384.png,122,168
sektion_2_385.png,125,168
sektion_2_386.png,128,169
sektion_2_387.png,130,170
sektion_2_388.png,134,170
sektion_2_389.png,144,172
sektion_2_39.png,149,169
sektion_2_390.png,114,215
sektion_2_391.png,154,164
sektion_2_392.png,156,159
sektion_2_393.png,156,154
sektion_2_394.png,152,150
sektion_2_395.png,149,146
sektion_2_396.png,145,143
sektion_2_397.png,142,143
sektion_2_398.png,144,142
sektion_2_399.png,144,142
sektion_2_4.png,144,141
sektion_2_40.png,201,185
sektion_2_400.png,114,215
sektion_2_401.png,142,141
sektion_2_402.png,143,140
sektion_2_403.png,142,142
sektion_2_404.png,139,142
sektion_2_405.png,135,144
sektion_2_406.png,130,143
sektion_2_407.png,124,143
sektion_2_408.png,114,142
sektion_2_409.png,110,141
sektion_2_41.png,108,138
sektion_2_410.png,113,214
sektion_2_411.png,110,137
sektion_2_412.png,113,136
sektion_2_413.png,114,135
sektion_2_414.png,115,135
sektion_2_415.png,120,132
sektion_2_416.png,125,129
sektion_2_417.png,128,128
sektion_2_418.png,130,127
sektion_2_419.png,130,127
sektion_2_42.png,129,128
sektion_2_420.png,113,215
sektion_2_421.png,125,132
sektion_2_422.png,119,136
sektion_2_423.png,116,142
sektion_2_424.png,113,147
sektion_2_425.png,112,150
sektion_2_426.png,108,156
sektion_2_427.png,106,158
sektion_2_428.png,108,158
sektion_2_429.png,110,158
sektion_2_43.png,110,156
sektion_2_430.png,113,215
sektion_2_431.png,111,154
sektion_2_432.png,110,155
sektion_2_433.png,110,156
sektion_2_434.png,110,159
sektion_2_435.png,111,160
sektion_2_436.png,114,158
sektion_2_437.png,115,159
sektion_2_438.png,118,159
sektion_2_439.png,121,155
sektion_2_44.png,124,146
sektion_2_440.png,112,216
sektion_2_441.png,127,136
sektion_2_442.png,129,130
sektion_2_443.png,130,129
sektion_2_444.png,130,130
sektion_2_445.png,134,129
sektion_2_446.png,135,132
sektion_2_447.png,134,139
sektion_2_448.png,136,144
sektion_2_449.png,136,144
sektion_2_45.png,136,144
sektion_2_450.png,112,217
sektion_2_451.png,137,142
sektion_2_452.png,140,140
sektion_2_453.png,143,138
sektion_2_454.png,146,139
sektion_2_455.png,154,143
sektion_2_456.png,159,147
sektion_2_457.png,167,153
sektion_2_458.png,173,156
sektion_2_459.png,174,163
sektion_2_46.png,175,164
sektion_2_460.png,111,218
sektion_2_461.png,174,162
sektion_2_462.png,171,161
sektion_2_463.png,169,160
sektion_2_464.png,168,157
sektion_2_465.png,168,156
sektion_2_466.png,167,156
sektion_2_467.png,166,154
sektion_2_468.png,165,153
sektion_2_469.png,164,151
sektion_2_47.png,163,151
sektion_2_470.png,112,218
sektion_2_471.png,164,151
sektion_2_472.png,164,152
sektion_2_473.png,165,152
sektion_2_474.png,167,154
sektion_2_475.png,168,157
sektion_2_476.png,169,162
sektion_2_477.png,171,164
sektion_2_478.png,172,164
sektion_2_479.png,173,166
sektion_2_48.png,175,167
sektion_2_480.png,112,217
sektion_2_481.png,177,166
sektion_2_482.png,178,168
sektion_2_483.png,179,169
sektion_2_484.png,180,171
sektion_2_485.png,181,171
sektion_2_486.png,182,172
sektion_2_487.png,182,172
sektion_2_49.png,183,174
sektion_2_5.png,112,217
sektion_2_50.png,202,185
sektion_2_51.png,113,217
sektion_2_52.png,113,217
sektion_2_53.png,112,217
sektion_2_54.png,113,217
sektion_2_55.png,113,216
sektion_2_56.png,113,215
sektion_2_57.png,114,215
sektion_2_58.png,114,214
sektion_2_59.png,114,215
sektion_2_6.png,115,216
sektion_2_60.png,201,181
sektion_2_61.png,114,216
sektion_2_62.png,116,215
sektion_2_63.png,119,213
sektion_2_64.png,123,211
sektion_2_65.png,126,209
sektion_2_66.png,126,209
sektion_2_67.png,123,211
sektion_2_68.png,119,213
sektion_2_69.png,115,213
sektion_2_7.png,115,213
sektion_2_70.png,199,179
sektion_2_71.png,116,213
sektion_2_72.png,116,213
sektion_2_73.png,118,211
sektion_2_74.png,119,210
sektion_2_75.png,119,209
sektion_2_76.png,121,207
sektion_2_77.png,126,205
sektion_2_78.png,131,200
sektion_2_79.png,144,193
sektion_2_8.png,160,183
sektion_2_80.png,198,179
sektion_2_81.png,169,180
sektion_2_82.png,167,184
sektion_2_83.png,155,190
sektion_2_84.png,144,194
sektion_2_85.png,139,196
sektion_2_86.png,138,196
sektion_2_87.png,137,197
sektion_2_88.png,138,196
sektion_2_89.png,143,194
sektion_2_9.png,157,188
sektion_2_90.png,194,178
sektion_2_91.png,167,177
sektion_2_92.png,169,171
sektion_2_93.png,170,165
sektion_2_94.png,161,177
sektion_2_95.png,132,202
sektion_2_96.png,123,202
sektion_2_97.png,124,201
sektion_2_98.png,121,204
sektion_2_99.png,119,207
sektion_3_0.png,117,209
sektion_3_1.png,191,188
sektion_3_10.png,195,187
sektion_3_100.png,193,171
sektion_3_101.png,116,212
sektion_3_102.png,115,212
sektion_3_103.png,115,213
sektion_3_104.png,114,213
sektion_3_105.png,114,214
sektion_3_106.png,114,214
sektion_3_107.png,114,214
sektion_3_108.png,114,213
sektion_3_109.png,115,213
sektion_3_11.png,114,215
sektion_3_110.png,191,172
sektion_3_111.png,113,217
sektion_3_112.png,113,218
sektion_3_113.png,113,218
sektion_3_114.png,114,218
sektion_3_115.png,114,217
sektion_3_116.png,113,218
sektion_3_117.png,117,217
sektion_3_118.png,118,217
sektion_3_119.png,120,216
sektion_3_12.png,122,214
sektion_3_120.png,190,175
sektion_3_121.png,128,213
sektion_3_122.png,136,210
sektion_3_123.png,147,205
sektion_3_124.png,157,201
sektion_3_125.png,163,198
sektion_3_126.png,173,195
sektion_3_127.png,178,194
sektion_3_128.png,180,193
sektion_3_129.png,182,189
sektion_3_13.png,183,190
sektion_3_130.png,191,174
sektion_3_131.png,185,191
sektion_3_132.png,185,193
sektion_3_133.png,173,198
sektion_3_134.png,153,203
sektion_3_135.png,136,208
sektion_3_136.png,124,213
sektion_3_137.png,119,215
sektion_3_138.png,114,214
sektion_3_139.png,112,207
sektion_3_14.png,112,200
sektion_3_140.png,190,175
sektion_3_141.png,111,199
sektion_3_142.png,110,203
sektion_3_143.png,109,205
sektion_3_144.png,110,203
sektion_3_145.png,110,203
sektion_3_146.png,110,205
sektion_3_147.png,109,207
sektion_3_148.png,109,208
sektion_3_149.png,109,207
sektion_3_15.png,110,205
sektion_3_150.png,190,176
sektion_3_151.png,110,204
sektion_3_152.png,110,204
sektion_3_153.png,110,205
sektion_3_154.png,109,207
sektion_3_155.png,109,207
sektion_3_156.png,109,205
sektion_3_157.png,110,205
sektion_3_158.png,112,209
sektion_3_159.png,112,213
sektion_3_16.png,113,214
sektion_3_160.png,190,178
sektion_3_161.png,113,214
sektion_3_162.png,113,214
sektion_3_163.png,112,213
sektion_3_164.png,112,212
sektion_3_165.png,112,211
sektion_3_166.png,120,205
sektion_3_167.png,136,186
sektion_3_168.png,146,162
sektion_3_169.png,142,157
sektion_3_17.png,136,167
sektion_3_170.png,190,177
sektion_3_171.png,134,169
sektion_3_172.png,129,170
sektion_3_173.png,129,175
sektion_3_174.png,132,172
sektion_3_175.png,131,171
sektion_3_176.png,132,172
sektion_3_177.png,133,173
sektion_3_178.png,135,171
sektion_3_179.png,136,168
sektion_3_18.png,133,166
sektion_3_180.png,189,178
sektion_3_181.png,133,160
sektion_3_182.png,137,144
sektion_3_183.png,137,139
sektion_3_184.png,138,102
sektion_3_185.png,156,61
sektion_3_186.png,163,50
sektion_3_187.png,160,52
sektion_3_188.png,154,57
sektion_3_189.png,138,72
sektion_3_19.png,125,102
sektion_3_190.png,188,178
sektion_3_191.png,121,131
sektion_3_192.png,118,142
sektion_3_193.png,114,141
sektion_3_194.png,108,143
sektion_3_195.png,104,149
sektion_3_196.png,102,158
sektion_3_197.png,104,165
sektion_3_198.png,107,165
sektion_3_199.png,109,163
sektion_3_2.png,108,162
sektion_3_20.png,197,186
sektion_3_200.png,187,177
sektion_3_201.png,108,162
sektion_3_202.png,112,161
sektion_3_203.png,116,159
sektion_3_204.png,118,157
sektion_3_205.png,116,159
sektion_3_206.png,116,159
sektion_3_207.png,122,160
sektion_3_208.png,135,158
sektion_3_209.png,153,156
sektion_3_21.png,160,157
sektion_3_210.png,186,177
sektion_3_211.png,161,164
sektion_3_212.png,167,163
sektion_3_213.png,169,165
sektion_3_214.png,160,160
sektion_3_215.png,159,154
sektion_3_216.png,165,165
sektion_3_217.png,165,166
sektion_3_218.png,160,163
sektion_3_219.png,160,173
sektion_3_22.png,164,168
sektion_3_220.png,184,175
sektion_3_221.png,159,164
sektion_3_222.png,163,167
sektion_3_223.png,154,175
sektion_3_224.png,116,193
sektion_3_225.png,114,194
sektion_3_226.png,132,191
sektion_3_227.png,132,193
sektion_3_228.png,131,193
sektion_3_229.png,132,194
sektion_3_23.png,124,194
sektion_3_230.png,184,175
sektion_3_231.png,123,178
sektion_3_232.png,125,165
sektion_3_233.png,121,168
sektion_3_234.png,116,165
sektion_3_235.png,117,161
sektion_3_236.png,122,159
sektion_3_237.png,123,160
sektion_3_238.png,118,166
sektion_3_239.png,123,156
sektion_3_24.png,120,159
sektion_3_240.png,184,175
sektion_3_241.png,118,163
sektion_3_242.png,115,166
sektion_3_243.png,114,169
sektion_3_244.png,113,173
sektion_3_245.png,112,177
sektion_3_246.png,113,181
sektion_3_247.png,113,184
sektion_3_248.png,120,195
sektion_3_249.png,127,196
sektion_3_25.png,130,197
sektion_3_250.png,183,175
sektion_3_251.png,127,199
sektion_3_252.png,123,200
sektion_3_253.png,126,198
sektion_3_254.png,135,186
sektion_3_255.png,142,171
sektion_3_256.png,139,160
sektion_3_257.png,136,160
sektion_3_258.png,140,164
sektion_3_259.png,135,170
sektion_3_26.png,135,173
sektion_3_260.png,182,176
sektion_3_261.png,136,171
sektion_3_262.png,140,167
sektion_3_263.png,140,166
sektion_3_264.png,138,169
sektion_3_265.png,139,165
sektion_3_266.png,141,162
sektion_3_267.png,142,163
sektion_3_268.png,142,166
sektion_3_269.png,145,167
sektion_3_27.png,151,163
sektion_3_270.png,182,179
sektion_3_271.png,156,162
sektion_3_272.png,158,163
sektion_3_273.png,155,168
sektion_3_274.png,147,175
sektion_3_275.png,140,182
sektion_3_276.png,134,190
sektion_3_277.png,128,195
sektion_3_278.png,124,188
sektion_3_279.png,121,176
sektion_3_28.png,118,172
sektion_3_280.png,177,183
sektion_3_281.png,118,170
sektion_3_282.png,119,170
sektion_3_283.png,117,179
sektion_3_284.png,119,180
sektion_3_285.png,121,174
sektion_3_286.png,121,174
sektion_3_287.png,123,175
sektion_3_288.png,124,177
sektion_3_289.png,124,180
sektion_3_29.png,124,179
sektion_3_290.png,160,190
sektion_3_291.png,125,171
sektion_3_292.png,124,164
sektion_3_293.png,122,167
sektion_3_294.png,119,172
sektion_3_295.png,118,179
sektion_3_296.png,118,182
sektion_3_297.png,120,183
sektion_3_298.png,121,183
sektion_3_299.png,124,182
sektion_3_3.png,127,180
sektion_3_30.png,200,183
sektion_3_300.png,138,195
sektion_3_301.png,129,180
sektion_3_302.png,130,180
sektion_3_303.png,129,181
sektion_3_304.png,130,181
sektion_3_305.png,133,186
sektion_3_306.png,126,195
sektion_3_307.png,116,199
sektion_3_308.png,122,194
sektion_3_309.png,125,188
sektion_3_31.png,120,180
sektion_3_310.png,124,201
sektion_3_311.png,125,178
sektion_3_312.png,126,189
sektion_3_313.png,121,181
sektion_3_314.png,125,182
sektion_3_315.png,128,176
sektion_3_316.png,130,170
sektion_3_317.png,130,168
sektion_3_318.png,129,168
sektion_3_319.png,129,168
sektion_3_32.png,131,163
sektion_3_320.png,119,204
sektion_3_321.png,136,156
sektion_3_322.png,140,149
sektion_3_323.png,143,142
sektion_3_324.png,145,142
sektion_3_325.png,143,145
sektion_3_326.png,137,149
sektion_3_327.png,122,151
sektion_3_328.png,110,152
sektion_3_329.png,100,155
sektion_3_33.png,93,159
sektion_3_330.png,117,207
sektion_3_331.png,90,162
sektion_3_332.png,91,162
sektion_3_333.png,96,163
sektion_3_334.png,104,167
sektion_3_335.png,117,173
sektion_3_336.png,129,178
sektion_3_337.png,137,182
sektion_3_338.png,141,182
sektion_3_339.png,142,182
sektion_3_34.png,139,185
sektion_3_340.png,116,209
sektion_3_341.png,136,188
sektion_3_342.png,124,187
sektion_3_343.png,121,184
sektion_3_344.png,119,182
sektion_3_345.png,117,180
sektion_3_346.png,116,179
sektion_3_347.png,116,178
sektion_3_348.png,116,177
sektion_3_349.png,116,174
sektion_3_35.png,115,172
sektion_3_350.png,114,211
sektion_3_351.png,114,166
sektion_3_352.png,113,164
sektion_3_353.png,114,162
sektion_3_354.png,117,157
sektion_3_355.png,121,149
sektion_3_356.png,127,141
sektion_3_357.png,131,136
sektion_3_358.png,135,133
sektion_3_359.png,136,136
sektion_3_36.png,137,137
sektion_3_360.png,114,213
sektion_3_361.png,142,135
sektion_3_362.png,141,138
sektion_3_363.png,141,140
sektion_3_364.png,139,141
sektion_3_365.png,141,141
sektion_3_366.png,142,141
sektion_3_367.png,141,142
sektion_3_368.png,142,143
sektion_3_369.png,142,145
sektion_3_37.png,137,148
sektion_3_370.png,114,214
sektion_3_371.png,134,147
sektion_3_372.png,128,147
sektion_3_373.png,123,147
sektion_3_374.png,118,149
sektion_3_375.png,113,150
sektion_3_376.png,110,151
sektion_3_377.png,109,153
sektion_3_378.png,107,154
sektion_3_379.png,109,156
sektion_3_38.png,113,159
sektion_3_380.png,114,215
sektion_3_381.png,116,160
sektion_3_382.png,120,162
sektion_3_383.png,124,164
sektion_3_384.png,126,167
sektion_3_385.png,127,168
sektion_3_386.png,127,169
sektion_3_387.png,129,170
sektion_3_388.png,131,171
sektion_3_389.png,140,173
sektion_3_39.png,145,169
sektion_3_390.png,114,215
sektion_3_391.png,151,163
sektion_3_392.png,153,156
sektion_3_393.png,154,150
sektion_3_394.png,150,146
sektion_3_395.png,147,143
sektion_3_396.png,145,140
sektion_3_397.png,142,140
sektion_3_398.png,147,138
sektion_3_399.png,148,139
sektion_3_4.png,146,138
sektion_3_40.png,202,182
sektion_3_400.png,114,216
sektion_3_401.png,144,139
sektion_3_402.png,146,139
sektion_3_403.png,147,139
sektion_3_404.png,148,139
sektion_3_405.png,148,141
sektion_3_406.png,146,144
sektion_3_407.png,138,141
sektion_3_408.png,121,141
sektion_3_409.png,113,140
sektion_3_41.png,107,139
sektion_3_410.png,114,216
sektion_3_411.png,106,138
sektion_3_412.png,108,138
sektion_3_413.png,109,138
sektion_3_414.png,110,137
sektion_3_415.png,114,135
sektion_3_416.png,120,132
sektion_3_417.png,124,130
sektion_3_418.png,128,127
sektion_3_419.png,131,124
sektion_3_42.png,132,122
sektion_3_420.png,113,217
sektion_3_421.png,129,122
sektion_3_422.png,126,126
sektion_3_423.png,121,131
sektion_3_424.png,120,138
sektion_3_425.png,121,141
sektion_3_426.png,116,148
sektion_3_427.png,114,154
sektion_3_428.png,116,157
sektion_3_429.png,118,161
sektion_3_43.png,118,161
sektion_3_430.png,113,217
sektion_3_431.png,117,160
sektion_3_432.png,114,159
sektion_3_433.png,112,158
sektion_3_434.png,113,157
sektion_3_435.png,113,156
sektion_3_436.png,118,151
sektion_3_437.png,118,155
sektion_3_438.png,119,156
sektion_3_439.png,120,151
sektion_3_44.png,121,139
sektion_3_440.png,112,218
sektion_3_441.png,125,127
sektion_3_442.png,127,119
sektion_3_443.png,127,118
sektion_3_444.png,127,118
sektion_3_445.png,129,121
sektion_3_446.png,131,125
sektion_3_447.png,132,131
sektion_3_448.png,135,140
sektion_3_449.png,137,142
sektion_3_45.png,137,143
sektion_3_450.png,112,218
sektion_3_451.png,137,141
sektion_3_452.png,139,140
sektion_3_453.png,140,137
sektion_3_454.png,141,138
sektion_3_455.png,147,139
sektion_3_456.png,150,142
sektion_3_457.png,156,147
sektion_3_458.png,163,151
sektion_3_459.png,167,153
sektion_3_46.png,169,157
sektion_3_460.png,111,218
sektion_3_461.png,169,158
sektion_3_462.png,170,159
sektion_3_463.png,170,158
sektion_3_464.png,168,157
sektion_3_465.png,169,157
sektion_3_466.png,169,158
sektion_3_467.png,170,158
sektion_3_468.png,169,159
sektion_3_469.png,168,156
sektion_3_47.png,168,156
sektion_3_470.png,112,218
sektion_3_471.png,169,157
sektion_3_472.png,169,158
sektion_3_473.png,170,158
sektion_3_474.png,171,159
sektion_3_475.png,172,161
sektion_3_476.png,175,164
sektion_3_477.png,176,166
sektion_3_478.png,176,167
sektion_3_479.png,178,168
sektion_3_48.png,179,169
sektion_3_480.png,112,218
sektion_3_481.png,181,170
sektion_3_482.png,182,171
sektion_3_483.png,182,172
sektion_3_484.png,183,173
sektion_3_485.png,183,173
sektion_3_486.png,184,174
sektion_3_487.png,184,175
sektion_3_49.png,184,175
sektion_3_5.png,112,217
sektion_3_50.png,202,184
sektion_3_51.png,113,217
sektion_3_52.png,113,217
sektion_3_53.png,113,216
sektion_3_54.png,113,216
sektion_3_55.png,113,215
sektion_3_56.png,113,215
sektion_3_57.png,114,215
sektion_3_58.png,114,215
sektion_3_59.png,114,216
sektion_3_6.png,115,215
sektion_3_60.png,201,180
sektion_3_61.png,117,215
sektion_3_62.png,120,212
sektion_3_63.png,125,209
sektion_3_64.png,128,206
sektion_3_65.png,130,203
sektion_3_66.png,129,205
sektion_3_67.png,126,206
sektion_3_68.png,125,206
sektion_3_69.png,123,205
sektion_3_7.png,124,204
sektion_3_70.png,201,176
sektion_3_71.png,126,204
sektion_3_72.png,127,202
sektion_3_73.png,129,200
sektion_3_74.png,130,199
sektion_3_75.png,131,197
sektion_3_76.png,135,196
sektion_3_77.png,141,193
sektion_3_78.png,147,189
sektion_3_79.png,157,181
sektion_3_8.png,168,175
sektion_3_80.png,199,179
sektion_3_81.png,172,173
sektion_3_82.png,169,177
sektion_3_83.png,160,182
sektion_3_84.png,153,183
sektion_3_85.png,152,184
sektion_3_86.png,151,185
sektion_3_87.png,151,185
sektion_3_88.png,149,183
sektion_3_89.png,154,180
sektion_3_9.png,164,175
sektion_3_90.png,195,178
sektion_3_91.png,170,166
sektion_3_92.png,168,162
sektion_3_93.png,168,162
sektion_3_94.png,159,175
sektion_3_95.png,129,203
sektion_3_96.png,121,203
sektion_3_97.png,121,203
sektion_3_98.png,120,205
sektion_3_99.png,118,208
sektion_4_0.png,116,211
sektion_4_1.png,194,188
sektion_4_10.png,196,186
sektion_4_100.png,195,174
sektion_4_101.png,116,212
sektion_4_102.png,115,212
sektion_4_103.png,115,213
sektion_4_104.png,114,214
sektion_4_105.png,114,215
sektion_4_106.png,114,214
sektion_4_107.png,114,214
sektion_4_108.png,113,214
sektion_4_109.png,115,215
sektion_4_11.png,114,216
sektion_4_110.png,192,176
sektion_4_111.png,113,217
sektion_4_112.png,114,218
sektion_4_113.png,114,218
sektion_4_114.png,113,218
sektion_4_115.png,114,218
sektion_4_116.png,114,218
sektion_4_117.png,119,217
sektion_4_118.png,121,215
sektion_4_119.png,125,213
sektion_4_12.png,131,211
sektion_4_120.png,189,177
sektion_4_121.png,139,209
sektion_4_122.png,151,204
sektion_4_123.png,163,199
sektion_4_124.png,173,196
sektion_4_125.png,178,194
sektion_4_126.png,186,193
sektion_4_127.png,190,191
sektion_4_128.png,190,189
sektion_4_129.png,186,184
sektion_4_13.png,179,176
sektion_4_130.png,189,175
sektion_4_131.png,183,181
sektion_4_132.png,190,190
sektion_4_133.png,186,193
sektion_4_134.png,170,196
sektion_4_135.png,152,202
sektion_4_136.png,136,209
sektion_4_137.png,126,213
sektion_4_138.png,117,215
sektion_4_139.png,111,214
sektion_4_14.png,110,210
sektion_4_140.png,191,176
sektion_4_141.png,112,204
sektion_4_142.png,112,203
sektion_4_143.png,110,205
sektion_4_144.png,110,202
sektion_4_145.png,110,201
sektion_4_146.png,109,203
sektion_4_147.png,109,204
sektion_4_148.png,109,206
sektion_4_149.png,110,205
sektion_4_15.png,110,205
sektion_4_150.png,193,177
sektion_4_151.png,110,205
sektion_4_152.png,110,204
sektion_4_153.png,109,204
sektion_4_154.png,109,206
sektion_4_155.png,108,207
sektion_4_156.png,109,206
sektion_4_157.png,109,206
sektion_4_158.png,111,208
sektion_4_159.png,112,212
sektion_4_16.png,112,215
sektion_4_160.png,195,179
sektion_4_161.png,112,214
sektion_4_162.png,112,214
sektion_4_163.png,112,213
sektion_4_164.png,111,212
sektion_4_165.png,111,211
sektion_4_166.png,119,206
sektion_4_167.png,135,190
sektion_4_168.png,146,167
sektion_4_169.png,142,162
sektion_4_17.png,137,171
sektion_4_170.png,196,180
sektion_4_171.png,135,174
sektion_4_172.png,129,175
sektion_4_173.png,129,177
sektion_4_174.png,131,173
sektion_4_175.png,133,169
sektion_4_176.png,132,171
sektion_4_177.png,131,175
sektion_4_178.png,132,172
sektion_4_179.png,135,167
sektion_4_18.png,131,166
sektion_4_180.png,194,180
sektion_4_181.png,132,155
sektion_4_182.png,133,138
sektion_4_183.png,136,105
sektion_4_184.png,155,64
sektion_4_185.png,165,49
sektion_4_186.png,165,47
sektion_4_187.png,156,55
sektion_4_188.png,138,72
sektion_4_189.png,117,110
sektion_4_19.png,113,144
sektion_4_190.png,193,180
sektion_4_191.png,112,146
sektion_4_192.png,112,144
sektion_4_193.png,105,148
sektion_4_194.png,102,152
sektion_4_195.png,105,157
sektion_4_196.png,105,164
sektion_4_197.png,106,168
sektion_4_198.png,108,164
sektion_4_199.png,111,160
sektion_4_2.png,110,158
sektion_4_20.png,198,184
sektion_4_200.png,192,181
sektion_4_201.png,112,158
sektion_4_202.png,116,156
sektion_4_203.png,119,152
sektion_4_204.png,119,149
sektion_4_205.png,118,152
sektion_4_206.png,119,157
sektion_4_207.png,124,159
sektion_4_208.png,140,156
sektion_4_209.png,154,152
sektion_4_21.png,159,156
sektion_4_210.png,190,180
sektion_4_211.png,160,160
sektion_4_212.png,164,161
sektion_4_213.png,163,163
sektion_4_214.png,154,151
sektion_4_215.png,160,159
sektion_4_216.png,168,170
sektion_4_217.png,163,160
sektion_4_218.png,164,157
sektion_4_219.png,166,167
sektion_4_22.png,166,159
sektion_4_220.png,187,177
sektion_4_221.png,158,164
sektion_4_222.png,162,169
sektion_4_223.png,160,173
sektion_4_224.png,127,189
sektion_4_225.png,115,194
sektion_4_226.png,125,197
sektion_4_227.png,132,194
sektion_4_228.png,131,195
sektion_4_229.png,129,198
sektion_4_23.png,126,197
sektion_4_230.png,186,176
sektion_4_231.png,126,194
sektion_4_232.png,129,188
sektion_4_233.png,126,184
sektion_4_234.png,118,168
sektion_4_235.png,116,155
sektion_4_236.png,121,149
sektion_4_237.png,122,149
sektion_4_238.png,116,159
sektion_4_239.png,114,161
sektion_4_24.png,113,162
sektion_4_240.png,185,176
sektion_4_241.png,112,162
sektion_4_242.png,111,163
sektion_4_243.png,111,167
sektion_4_244.png,112,174
sektion_4_245.png,115,184
sektion_4_246.png,118,192
sektion_4_247.png,121,196
sektion_4_248.png,127,199
sektion_4_249.png,130,199
sektion_4_25.png,128,199
sektion_4_250.png,184,175
sektion_4_251.png,123,201
sektion_4_252.png,118,205
sektion_4_253.png,122,197
sektion_4_254.png,132,181
sektion_4_255.png,142,163
sektion_4_256.png,139,160
sektion_4_257.png,137,164
sektion_4_258.png,138,168
sektion_4_259.png,137,169
sektion_4_26.png,137,170
sektion_4_260.png,182,175
sektion_4_261.png,139,168
sektion_4_262.png,140,168
sektion_4_263.png,137,170
sektion_4_264.png,139,168
sektion_4_265.png,141,163
sektion_4_266.png,143,161
sektion_4_267.png,145,162
sektion_4_268.png,145,167
sektion_4_269.png,145,170
sektion_4_27.png,151,167
sektion_4_270.png,180,179
sektion_4_271.png,150,171
sektion_4_272.png,147,177
sektion_4_273.png,141,186
sektion_4_274.png,134,193
sektion_4_275.png,130,196
sektion_4_276.png,124,195
sektion_4_277.png,121,192
sektion_4_278.png,121,183
sektion_4_279.png,121,173
sektion_4_28.png,120,170
sektion_4_280.png,173,185
sektion_4_281.png,118,178
sektion_4_282.png,117,175
sektion_4_283.png,121,160
sektion_4_284.png,120,160
sektion_4_285.png,118,170
sektion_4_286.png,123,165
sektion_4_287.png,121,164
sektion_4_288.png,121,163
sektion_4_289.png,126,158
sektion_4_29.png,128,152
sektion_4_290.png,155,192
sektion_4_291.png,123,151
sektion_4_292.png,117,157
sektion_4_293.png,113,163
sektion_4_294.png,112,170
sektion_4_295.png,120,168
sektion_4_296.png,121,170
sektion_4_297.png,121,174
sektion_4_298.png,122,175
sektion_4_299.png,125,174
sektion_4_3.png,128,173
sektion_4_30.png,200,182
sektion_4_300.png,133,199
sektion_4_301.png,132,171
sektion_4_302.png,136,167
sektion_4_303.png,138,168
sektion_4_304.png,137,170
sektion_4_305.png,131,173
sektion_4_306.png,127,183
sektion_4_307.png,130,191
sektion_4_308.png,133,178
sektion_4_309.png,132,177
sektion_4_31.png,133,177
sektion_4_310.png,121,203
sektion_4_311.png,123,175
sektion_4_312.png,119,176
sektion_4_313.png,125,184
sektion_4_314.png,126,185
sektion_4_315.png,127,182
sektion_4_316.png,127,178
sektion_4_317.png,127,175
sektion_4_318.png,128,172
sektion_4_319.png,128,169
sektion_4_32.png,130,164
sektion_4_320.png,118,206
sektion_4_321.png,135,156
sektion_4_322.png,140,150
sektion_4_323.png,137,145
sektion_4_324.png,138,144
sektion_4_325.png,142,146
sektion_4_326.png,143,148
sektion_4_327.png,141,148
sektion_4_328.png,131,149
sektion_4_329.png,118,150
sektion_4_33.png,104,154
sektion_4_330.png,116,209
sektion_4_331.png,95,158
sektion_4_332.png,90,161
sektion_4_333.png,90,161
sektion_4_334.png,98,156
sektion_4_335.png,106,159
sektion_4_336.png,114,168
sektion_4_337.png,123,177
sektion_4_338.png,134,182
sektion_4_339.png,144,182
sektion_4_34.png,154,179
sektion_4_340.png,114,211
sektion_4_341.png,160,176
sektion_4_342.png,154,179
sektion_4_343.png,149,182
sektion_4_344.png,142,183
sektion_4_345.png,135,186
sektion_4_346.png,130,188
sektion_4_347.png,125,187
sektion_4_348.png,121,184
sektion_4_349.png,119,178
sektion_4_35.png,117,173
sektion_4_350.png,114,212
sektion_4_351.png,117,165
sektion_4_352.png,118,159
sektion_4_353.png,121,154
sektion_4_354.png,125,146
sektion_4_355.png,131,138
sektion_4_356.png,135,134
sektion_4_357.png,137,133
sektion_4_358.png,137,136
sektion_4_359.png,137,139
sektion_4_36.png,137,141
sektion_4_360.png,113,213
sektion_4_361.png,137,140
sektion_4_362.png,138,141
sektion_4_363.png,138,141
sektion_4_364.png,139,139
sektion_4_365.png,141,139
sektion_4_366.png,144,137
sektion_4_367.png,142,138
sektion_4_368.png,143,139
sektion_4_369.png,144,140
sektion_4_37.png,144,145
sektion_4_370.png,113,214
sektion_4_371.png,144,146
sektion_4_372.png,143,146
sektion_4_373.png,142,147
sektion_4_374.png,140,149
sektion_4_375.png,137,150
sektion_4_376.png,135,151
sektion_4_377.png,134,153
sektion_4_378.png,133,154
sektion_4_379.png,129,158
sektion_4_38.png,126,161
sektion_4_380.png,114,215
sektion_4_381.png,129,163
sektion_4_382.png,131,165
sektion_4_383.png,131,167
sektion_4_384.png,130,167
sektion_4_385.png,128,168
sektion_4_386.png,127,168
sektion_4_387.png,125,167
sektion_4_388.png,126,167
sektion_4_389.png,134,169
sektion_4_39.png,138,165
sektion_4_390.png,114,216
sektion_4_391.png,146,160
sektion_4_392.png,149,155
sektion_4_393.png,150,150
sektion_4_394.png,149,146
sektion_4_395.png,146,143
sektion_4_396.png,143,142
sektion_4_397.png,144,140
sektion_4_398.png,145,137
sektion_4_399.png,143,136
sektion_4_4.png,143,135
sektion_4_40.png,201,182
sektion_4_400.png,113,216
sektion_4_401.png,144,135
sektion_4_402.png,146,137
sektion_4_403.png,149,136
sektion_4_404.png,151,138
sektion_4_405.png,150,140
sektion_4_406.png,151,141
sektion_4_407.png,146,140
sektion_4_408.png,130,140
sektion_4_409.png,117,138
sektion_4_41.png,107,138
sektion_4_410.png,113,217
sektion_4_411.png,104,139
sektion_4_412.png,105,139
sektion_4_413.png,105,140
sektion_4_414.png,106,139
sektion_4_415.png,110,138
sektion_4_416.png,113,136
sektion_4_417.png,121,132
sektion_4_418.png,124,129
sektion_4_419.png,127,125
sektion_4_42.png,129,121
sektion_4_420.png,113,218
sektion_4_421.png,129,120
sektion_4_422.png,128,121
sektion_4_423.png,127,124
sektion_4_424.png,127,128
sektion_4_425.png,127,129
sektion_4_426.png,129,140
sektion_4_427.png,132,150
sektion_4_428.png,135,156
sektion_4_429.png,139,163
sektion_4_43.png,139,164
sektion_4_430.png,112,218
sektion_4_431.png,136,164
sektion_4_432.png,131,162
sektion_4_433.png,124,158
sektion_4_434.png,119,156
sektion_4_435.png,119,153
sektion_4_436.png,121,150
sektion_4_437.png,120,152
sektion_4_438.png,121,151
sektion_4_439.png,121,145
sektion_4_44.png,121,135
sektion_4_440.png,112,218
sektion_4_441.png,123,124
sektion_4_442.png,125,116
sektion_4_443.png,126,112
sektion_4_444.png,127,110
sektion_4_445.png,129,116
sektion_4_446.png,129,120
sektion_4_447.png,131,126
sektion_4_448.png,134,134
sektion_4_449.png,137,140
sektion_4_45.png,138,139
sektion_4_450.png,112,218
sektion_4_451.png,139,138
sektion_4_452.png,139,139
sektion_4_453.png,140,138
sektion_4_454.png,140,138
sektion_4_455.png,140,142
sektion_4_456.png,141,142
sektion_4_457.png,144,143
sektion_4_458.png,147,142
sektion_4_459.png,152,144
sektion_4_46.png,156,147
sektion_4_460.png,112,218
sektion_4_461.png,160,148
sektion_4_462.png,163,150
sektion_4_463.png,165,152
sektion_4_464.png,166,155
sektion_4_465.png,169,156
sektion_4_466.png,171,158
sektion_4_467.png,172,160
sektion_4_468.png,172,161
sektion_4_469.png,173,162
sektion_4_47.png,173,162
sektion_4_470.png,112,218
sektion_4_471.png,174,163
sektion_4_472.png,175,164
sektion_4_473.png,174,162
sektion_4_474.png,174,163
sektion_4_475.png,177,165
sektion_4_476.png,178,166
sektion_4_477.png,179,169
sektion_4_478.png,180,169
sektion_4_479.png,180,170
sektion_4_48.png,181,171
sektion_4_480.png,112,217
sektion_4_481.png,182,172
sektion_4_482.png,183,172
sektion_4_483.png,184,174
sektion_4_484.png,185,175
sektion_4_485.png,185,176
sektion_4_486.png,185,176
sektion_4_487.png,186,175
sektion_4_49.png,185,176
sektion_4_5.png,111,216
sektion_4_50.png,201,183
sektion_4_51.png,112,217
sektion_4_52.png,112,217
sektion_4_53.png,112,216
sektion_4_54.png,113,215
sektion_4_55.png,113,215
sektion_4_56.png,114,215
sektion_4_57.png,114,215
sektion_4_58.png,115,215
sektion_4_59.png,116,214
sektion_4_6.png,118,213
sektion_4_60.png,202,179
sektion_4_61.png,122,210
sektion_4_62.png,128,205
sektion_4_63.png,134,200
sektion_4_64.png,138,196
sektion_4_65.png,138,195
sektion_4_66.png,134,198
sektion_4_67.png,133,198
sektion_4_68.png,133,197
sektion_4_69.png,134,196
sektion_4_7.png,135,196
sektion_4_70.png,200,178
sektion_4_71.png,136,196
sektion_4_72.png,138,195
sektion_4_73.png,139,194
sektion_4_74.png,140,193
sektion_4_75.png,141,193
sektion_4_76.png,143,192
sektion_4_77.png,150,189
sektion_4_78.png,157,183
sektion_4_79.png,164,176
sektion_4_8.png,169,172
sektion_4_80.png,198,180
sektion_4_81.png,170,173
sektion_4_82.png,165,176
sektion_4_83.png,158,178
sektion_4_84.png,155,179
sektion_4_85.png,157,180
sektion_4_86.png,157,181
sektion_4_87.png,155,180
sektion_4_88.png,155,176
sektion_4_89.png,159,171
sektion_4_9.png,166,167
sektion_4_90.png,197,178
sektion_4_91.png,167,159
sektion_4_92.png,166,155
sektion_4_93.png,166,154
sektion_4_94.png,157,171
sektion_4_95.png,130,200
sektion_4_96.png,120,203
sektion_4_97.png,119,203
sektion_4_98.png,119,205
sektion_4_99.png,117,208
sektion_5_0.png,116,211
sektion_5_1.png,196,186
sektion_5_10.png,197,185
sektion_5_100.png,193,177
sektion_5_101.png,116,212
sektion_5_102.png,116,212
sektion_5_103.png,115,213
sektion_5_104.png,114,214
sektion_5_105.png,113,215
sektion_5_106.png,114,214
sektion_5_107.png,114,214
sektion_5_108.png,114,215
sektion_5_109.png,113,216
sektion_5_11.png,113,217
sektion_5_110.png,188,178
sektion_5_111.png,114,217
sektion_5_112.png,115,217
sektion_5_113.png,114,218
sektion_5_114.png,114,219
sektion_5_115.png,114,219
sektion_5_116.png,116,218
sektion_5_117.png,121,216
sektion_5_118.png,124,213
sektion_5_119.png,131,211
sektion_5_12.png,139,209
sektion_5_120.png,183,178
sektion_5_121.png,150,205
sektion_5_122.png,163,199
sektion_5_123.png,174,195
sektion_5_124.png,182,192
sektion_5_125.png,186,190
sektion_5_126.png,190,189
sektion_5_127.png,193,189
sektion_5_128.png,194,190
sektion_5_129.png,191,190
sektion_5_13.png,187,188
sektion_5_130.png,178,180
sektion_5_131.png,185,186
sektion_5_132.png,186,189
sektion_5_133.png,185,191
sektion_5_134.png,184,193
sektion_5_135.png,174,196
sektion_5_136.png,152,204
sektion_5_137.png,139,210
sektion_5_138.png,125,213
sektion_5_139.png,114,217
sektion_5_14.png,110,218
sektion_5_140.png,184,179
sektion_5_141.png,112,211
sektion_5_142.png,113,204
sektion_5_143.png,110,203
sektion_5_144.png,108,202
sektion_5_145.png,109,200
sektion_5_146.png,110,200
sektion_5_147.png,110,201
sektion_5_148.png,111,201
sektion_5_149.png,111,202
sektion_5_15.png,111,202
sektion_5_150.png,191,180
sektion_5_151.png,111,202
sektion_5_152.png,111,202
sektion_5_153.png,110,202
sektion_5_154.png,110,204
sektion_5_155.png,109,206
sektion_5_156.png,108,206
sektion_5_157.png,109,205
sektion_5_158.png,111,206
sektion_5_159.png,112,211
sektion_5_16.png,112,214
sektion_5_160.png,197,180
sektion_5_161.png,112,214
sektion_5_162.png,112,212
sektion_5_163.png,113,210
sektion_5_164.png,112,211
sektion_5_165.png,112,211
sektion_5_166.png,121,208
sektion_5_167.png,136,194
sektion_5_168.png,146,175
sektion_5_169.png,142,171
sektion_5_17.png,139,176
sektion_5_170.png,200,181
sektion_5_171.png,138,178
sektion_5_172.png,133,178
sektion_5_173.png,131,177
sektion_5_174.png,132,173
sektion_5_175.png,132,172
sektion_5_176.png,131,174
sektion_5_177.png,131,175
sektion_5_178.png,134,170
sektion_5_179.png,132,167
sektion_5_18.png,128,166
sektion_5_180.png,200,183
sektion_5_181.png,133,149
sektion_5_182.png,142,99
sektion_5_183.png,152,66
sektion_5_184.png,158,55
sektion_5_185.png,164,48
sektion_5_186.png,153,58
sektion_5_187.png,137,75
sektion_5_188.png,131,103
sektion_5_189.png,125,132
sektion_5_19.png,116,143
sektion_5_190.png,199,183
sektion_5_191.png,110,151
sektion_5_192.png,111,146
sektion_5_193.png,102,152
sektion_5_194.png,98,164
sektion_5_195.png,106,169
sektion_5_196.png,110,167
sektion_5_197.png,109,162
sektion_5_198.png,108,161
sektion_5_199.png,114,161
sektion_5_2.png,115,158
sektion_5_20.png,198,181
sektion_5_200.png,198,183
sektion_5_201.png,117,156
sektion_5_202.png,117,157
sektion_5_203.png,116,156
sektion_5_204.png,116,157
sektion_5_205.png,119,158
sektion_5_206.png,124,161
sektion_5_207.png,134,161
sektion_5_208.png,148,160
sektion_5_209.png,154,164
sektion_5_21.png,158,159
sektion_5_210.png,196,182
sektion_5_211.png,161,159
sektion_5_212.png,162,170
sektion_5_213.png,160,164
sektion_5_214.png,161,156
sektion_5_215.png,162,159
sektion_5_216.png,158,152
sektion_5_217.png,153,145
sektion_5_218.png,157,157
sektion_5_219.png,164,161
sektion_5_22.png,156,158
sektion_5_220.png,194,181
sektion_5_221.png,143,171
sektion_5_222.png,153,169
sektion_5_223.png,163,166
sektion_5_224.png,146,174
sektion_5_225.png,115,201
sektion_5_226.png,114,206
sektion_5_227.png,130,194
sektion_5_228.png,133,192
sektion_5_229.png,129,198
sektion_5_23.png,125,203
sektion_5_230.png,192,181
sektion_5_231.png,123,201
sektion_5_232.png,127,199
sektion_5_233.png,126,196
sektion_5_234.png,123,185
sektion_5_235.png,120,175
sektion_5_236.png,121,172
sektion_5_237.png,118,172
sektion_5_238.png,111,177
sektion_5_239.png,114,172
sektion_5_24.png,113,175
sektion_5_240.png,189,179
sektion_5_241.png,113,179
sektion_5_242.png,115,184
sektion_5_243.png,117,189
sektion_5_244.png,120,194
sektion_5_245.png,123,197
sektion_5_246.png,126,197
sektion_5_247.png,127,200
sektion_5_248.png,124,202
sektion_5_249.png,118,204
sektion_5_25.png,115,205
sektion_5_250.png,186,177
sektion_5_251.png,114,208
sektion_5_252.png,121,200
sektion_5_253.png,130,181
sektion_5_254.png,136,167
sektion_5_255.png,142,154
sektion_5_256.png,141,151
sektion_5_257.png,141,160
sektion_5_258.png,140,169
sektion_5_259.png,140,169
sektion_5_26.png,139,170
sektion_5_260.png,183,176
sektion_5_261.png,139,170
sektion_5_262.png,139,169
sektion_5_263.png,142,164
sektion_5_264.png,144,160
sektion_5_265.png,142,164
sektion_5_266.png,141,167
sektion_5_267.png,145,166
sektion_5_268.png,147,168
sektion_5_269.png,148,171
sektion_5_27.png,146,178
sektion_5_270.png,179,179
sektion_5_271.png,139,188
sektion_5_272.png,133,196
sektion_5_273.png,127,201
sektion_5_274.png,126,200
sektion_5_275.png,125,200
sektion_5_276.png,124,199
sektion_5_277.png,124,193
sektion_5_278.png,125,184
sektion_5_279.png,122,181
sektion_5_28.png,122,174
sektion_5_280.png,169,186
sektion_5_281.png,123,167
sektion_5_282.png,122,166
sektion_5_283.png,120,167
sektion_5_284.png,120,166
sektion_5_285.png,119,162
sektion_5_286.png,118,154
sektion_5_287.png,115,151
sektion_5_288.png,117,149
sektion_5_289.png,121,153
sektion_5_29.png,124,156
sektion_5_290.png,150,195
sektion_5_291.png,124,152
sektion_5_292.png,121,151
sektion_5_293.png,123,155
sektion_5_294.png,127,159
sektion_5_295.png,122,160
sektion_5_296.png,123,161
sektion_5_297.png,124,166
sektion_5_298.png,126,171
sektion_5_299.png,128,174
sektion_5_3.png,131,174
sektion_5_30.png,199,183
sektion_5_300.png,127,202
sektion_5_301.png,135,172
sektion_5_302.png,138,167
sektion_5_303.png,141,161
sektion_5_304.png,140,163
sektion_5_305.png,139,165
sektion_5_306.png,136,168
sektion_5_307.png,133,173
sektion_5_308.png,134,172
sektion_5_309.png,136,167
sektion_5_31.png,140,161
sektion_5_310.png,118,205
sektion_5_311.png,139,168
sektion_5_312.png,128,186
sektion_5_313.png,126,182
sektion_5_314.png,130,183
sektion_5_315.png,129,181
sektion_5_316.png,126,181
sektion_5_317.png,125,178
sektion_5_318.png,127,173
sektion_5_319.png,128,168
sektion_5_32.png,132,161
sektion_5_320.png,118,206
sektion_5_321.png,133,157
sektion_5_322.png,137,153
sektion_5_323.png,139,148
sektion_5_324.png,137,148
sektion_5_325.png,138,150
sektion_5_326.png,139,150
sektion_5_327.png,143,150
sektion_5_328.png,142,149
sektion_5_329.png,132,149
sektion_5_33.png,117,151
sektion_5_330.png,116,209
sektion_5_331.png,103,156
sektion_5_332.png,97,156
sektion_5_333.png,94,156
sektion_5_334.png,89,163
sektion_5_335.png,89,165
sektion_5_336.png,96,163
sektion_5_337.png,107,164
sektion_5_338.png,121,167
sektion_5_339.png,136,171
sektion_5_34.png,148,174
sektion_5_340.png,114,211
sektion_5_341.png,155,173
sektion_5_342.png,170,168
sektion_5_343.png,172,168
sektion_5_344.png,172,170
sektion_5_345.png,172,172
sektion_5_346.png,169,175
sektion_5_347.png,164,175
sektion_5_348.png,154,175
sektion_5_349.png,142,173
sektion_5_35.png,132,173
sektion_5_350.png,114,213
sektion_5_351.png,128,160
sektion_5_352.png,129,148
sektion_5_353.png,134,141
sektion_5_354.png,137,136
sektion_5_355.png,138,134
sektion_5_356.png,138,138
sektion_5_357.png,138,141
sektion_5_358.png,138,140
sektion_5_359.png,139,137
sektion_5_36.png,139,137
sektion_5_360.png,113,214
sektion_5_361.png,139,141
sektion_5_362.png,139,142
sektion_5_363.png,141,141
sektion_5_364.png,141,142
sektion_5_365.png,143,141
sektion_5_366.png,144,138
sektion_5_367.png,145,138
sektion_5_368.png,143,139
sektion_5_369.png,142,140
sektion_5_37.png,143,142
sektion_5_370.png,113,215
sektion_5_371.png,144,142
sektion_5_372.png,146,144
sektion_5_373.png,148,145
sektion_5_374.png,148,147
sektion_5_375.png,147,150
sektion_5_376.png,146,152
sektion_5_377.png,144,154
sektion_5_378.png,142,155
sektion_5_379.png,140,160
sektion_5_38.png,139,164
sektion_5_380.png,113,215
sektion_5_381.png,139,165
sektion_5_382.png,138,167
sektion_5_383.png,136,169
sektion_5_384.png,132,168
sektion_5_385.png,127,168
sektion_5_386.png,123,166
sektion_5_387.png,121,164
sektion_5_388.png,121,163
sektion_5_389.png,128,159
sektion_5_39.png,133,157
sektion_5_390.png,113,216
sektion_5_391.png,138,154
sektion_5_392.png,143,152
sektion_5_393.png,143,152
sektion_5_394.png,143,149
sektion_5_395.png,143,146
sektion_5_396.png,143,141
sektion_5_397.png,143,139
sektion_5_398.png,140,133
sektion_5_399.png,137,132
sektion_5_4.png,138,132
sektion_5_40.png,202,182
sektion_5_400.png,113,216
sektion_5_401.png,138,132
sektion_5_402.png,143,132
sektion_5_403.png,146,133
sektion_5_404.png,148,135
sektion_5_405.png,148,135
sektion_5_406.png,147,136
sektion_5_407.png,146,138
sektion_5_408.png,139,139
sektion_5_409.png,121,137
sektion_5_41.png,107,138
sektion_5_410.png,113,217
sektion_5_411.png,102,139
sektion_5_412.png,103,139
sektion_5_413.png,103,141
sektion_5_414.png,103,141
sektion_5_415.png,106,141
sektion_5_416.png,109,140
sektion_5_417.png,116,135
sektion_5_418.png,119,133
sektion_5_419.png,122,128
sektion_5_42.png,126,124
sektion_5_420.png,113,217
sektion_5_421.png,127,121
sektion_5_422.png,128,120
sektion_5_423.png,129,121
sektion_5_424.png,131,121
sektion_5_425.png,131,122
sektion_5_426.png,141,137
sektion_5_427.png,152,151
sektion_5_428.png,157,156
sektion_5_429.png,162,162
sektion_5_43.png,163,163
sektion_5_430.png,112,217
sektion_5_431.png,159,164
sektion_5_432.png,151,161
sektion_5_433.png,140,158
sektion_5_434.png,131,157
sektion_5_435.png,124,156
sektion_5_436.png,118,153
sektion_5_437.png,120,152
sektion_5_438.png,122,148
sektion_5_439.png,122,144
sektion_5_44.png,122,137
sektion_5_440.png,111,217
sektion_5_441.png,122,128
sektion_5_442.png,125,119
sektion_5_443.png,129,111
sektion_5_444.png,132,106
sektion_5_445.png,131,113
sektion_5_446.png,131,118
sektion_5_447.png,134,123
sektion_5_448.png,136,130
sektion_5_449.png,137,135
sektion_5_45.png,140,136
sektion_5_450.png,112,218
sektion_5_451.png,138,136
sektion_5_452.png,138,136
sektion_5_453.png,137,139
sektion_5_454.png,139,141
sektion_5_455.png,138,142
sektion_5_456.png,138,142
sektion_5_457.png,138,142
sektion_5_458.png,141,141
sektion_5_459.png,144,139
sektion_5_46.png,147,139
sektion_5_460.png,112,217
sektion_5_461.png,152,139
sektion_5_462.png,154,139
sektion_5_463.png,155,140
sektion_5_464.png,160,147
sektion_5_465.png,163,149
sektion_5_466.png,167,153
sektion_5_467.png,169,157
sektion_5_468.png,171,159
sektion_5_469.png,172,161
sektion_5_47.png,173,162
sektion_5_470.png,113,217
sektion_5_471.png,174,163
sektion_5_472.png,175,164
sektion_5_473.png,176,164
sektion_5_474.png,177,166
sektion_5_475.png,178,168
sektion_5_476.png,180,169
sektion_5_477.png,180,171
sektion_5_478.png,181,171
sektion_5_479.png,181,171
sektion_5_48.png,181,172
sektion_5_480.png,113,217
sektion_5_481.png,182,172
sektion_5_482.png,183,172
sektion_5_483.png,183,174
sektion_5_484.png,184,174
sektion_5_485.png,185,174
sektion_5_486.png,185,174
sektion_5_487.png,184,175
sektion_5_49.png,183,173
sektion_5_5.png,113,216
sektion_5_50.png,202,179
sektion_5_51.png,111,217
sektion_5_52.png,112,216
sektion_5_53.png,112,215
sektion_5_54.png,113,214
sektion_5_55.png,113,213
sektion_5_56.png,114,214
sektion_5_57.png,115,213
sektion_5_58.png,117,211
sektion_5_59.png,120,208
sektion_5_6.png,123,204
sektion_5_60.png,202,181
sektion_5_61.png,131,200
sektion_5_62.png,139,194
sektion_5_63.png,146,189
sektion_5_64.png,147,189
sektion_5_65.png,144,191
sektion_5_66.png,140,194
sektion_5_67.png,139,194
sektion_5_68.png,140,193
sektion_5_69.png,142,192
sektion_5_7.png,140,192
sektion_5_70.png,199,183
sektion_5_71.png,141,192
sektion_5_72.png,143,191
sektion_5_73.png,144,190
sektion_5_74.png,145,189
sektion_5_75.png,145,188
sektion_5_76.png,147,187
sektion_5_77.png,154,183
sektion_5_78.png,162,176
sektion_5_79.png,168,170
sektion_5_8.png,170,168
sektion_5_80.png,197,180
sektion_5_81.png,168,170
sektion_5_82.png,161,175
sektion_5_83.png,155,177
sektion_5_84.png,155,177
sektion_5_85.png,159,178
sektion_5_86.png,160,179
sektion_5_87.png,156,177
sektion_5_88.png,156,172
sektion_5_89.png,163,166
sektion_5_9.png,167,162
sektion_5_90.png,197,176
sektion_5_91.png,166,157
sektion_5_92.png,165,151
sektion_5_93.png,166,151
sektion_5_94.png,159,170
sektion_5_95.png,133,197
sektion_5_96.png,121,204
sektion_5_97.png,120,204
sektion_5_98.png,119,206
sektion_5_99.png,118,208
sektion_6_0.png,116,211
sektion_6_1.png,196,185
sektion_6_10.png,197,183
sektion_6_100.png,187,180
sektion_6_101.png,116,212
sektion_6_102.png,116,213
sektion_6_103.png,115,214
sektion_6_104.png,114,215
sektion_6_105.png,113,215
sektion_6_106.png,115,214
sektion_6_107.png,115,214
sektion_6_108.png,113,216
sektion_6_109.png,113,217
sektion_6_11.png,112,218
sektion_6_110.png,176,181
sektion_6_111.png,113,218
sektion_6_112.png,114,217
sektion_6_113.png,114,218
sektion_6_114.png,114,219
sektion_6_115.png,115,218
sektion_6_116.png,117,217
sektion_6_117.png,119,216
sektion_6_118.png,124,214
sektion_6_119.png,134,209
sektion_6_12.png,146,206
sektion_6_120.png,163,181
sektion_6_121.png,159,201
sektion_6_122.png,172,196
sektion_6_123.png,182,192
sektion_6_124.png,188,191
sektion_6_125.png,191,191
sektion_6_126.png,191,190
sektion_6_127.png,192,189
sektion_6_128.png,194,190
sektion_6_129.png,195,191
sektion_6_13.png,195,189
sektion_6_130.png,157,185
sektion_6_131.png,191,184
sektion_6_132.png,187,184
sektion_6_133.png,188,182
sektion_6_134.png,189,189
sektion_6_135.png,187,194
sektion_6_136.png,174,195
sektion_6_137.png,153,204
sektion_6_138.png,135,210
sektion_6_139.png,124,213
sektion_6_14.png,115,217
sektion_6_140.png,167,182
sektion_6_141.png,110,215
sektion_6_142.png,110,209
sektion_6_143.png,109,205
sektion_6_144.png,107,201
sektion_6_145.png,109,199
sektion_6_146.png,109,199
sektion_6_147.png,109,200
sektion_6_148.png,110,200
sektion_6_149.png,111,200
sektion_6_15.png,111,200
sektion_6_150.png,184,179
sektion_6_151.png,111,199
sektion_6_152.png,111,198
sektion_6_153.png,110,198
sektion_6_154.png,111,199
sektion_6_155.png,110,203
sektion_6_156.png,109,206
sektion_6_157.png,110,205
sektion_6_158.png,111,206
sektion_6_159.png,111,211
sektion_6_16.png,111,214
sektion_6_160.png,196,182
sektion_6_161.png,112,213
sektion_6_162.png,113,211
sektion_6_163.png,113,209
sektion_6_164.png,112,212
sektion_6_165.png,112,211
sektion_6_166.png,121,208
sektion_6_167.png,137,195
sektion_6_168.png,146,178
sektion_6_169.png,141,176
sektion_6_17.png,139,181
sektion_6_170.png,202,184
sektion_6_171.png,139,180
sektion_6_172.png,134,178
sektion_6_173.png,133,180
sektion_6_174.png,136,175
sektion_6_175.png,134,175
sektion_6_176.png,132,175
sektion_6_177.png,131,175
sektion_6_178.png,130,170
sektion_6_179.png,129,170
sektion_6_18.png,128,167
sektion_6_180.png,201,183
sektion_6_181.png,128,123
sektion_6_182.png,151,68
sektion_6_183.png,163,49
sektion_6_184.png,162,51
sektion_6_185.png,150,59
sektion_6_186.png,138,72
sektion_6_187.png,133,104
sektion_6_188.png,135,129
sektion_6_189.png,131,133
sektion_6_19.png,125,140
sektion_6_190.png,200,182
sektion_6_191.png,120,143
sektion_6_192.png,115,150
sektion_6_193.png,107,159
sektion_6_194.png,105,168
sektion_6_195.png,110,167
sektion_6_196.png,112,165
sektion_6_197.png,109,164
sektion_6_198.png,111,162
sektion_6_199.png,115,160
sektion_6_2.png,116,162
sektion_6_20.png,198,181
sektion_6_200.png,200,183
sektion_6_201.png,118,160
sektion_6_202.png,115,160
sektion_6_203.png,116,162
sektion_6_204.png,114,163
sektion_6_205.png,118,162
sektion_6_206.png,128,164
sektion_6_207.png,139,169
sektion_6_208.png,143,180
sektion_6_209.png,145,181
sektion_6_21.png,150,169
sektion_6_210.png,201,183
sektion_6_211.png,161,169
sektion_6_212.png,161,169
sektion_6_213.png,161,158
sektion_6_214.png,168,163
sektion_6_215.png,162,159
sektion_6_216.png,150,142
sektion_6_217.png,157,148
sektion_6_218.png,159,156
sektion_6_219.png,159,155
sektion_6_22.png,136,171
sektion_6_220.png,199,184
sektion_6_221.png,122,194
sektion_6_222.png,136,177
sektion_6_223.png,152,162
sektion_6_224.png,153,155
sektion_6_225.png,132,170
sektion_6_226.png,119,195
sektion_6_227.png,134,184
sektion_6_228.png,137,183
sektion_6_229.png,130,195
sektion_6_23.png,125,198
sektion_6_230.png,196,183
sektion_6_231.png,120,201
sektion_6_232.png,123,203
sektion_6_233.png,124,202
sektion_6_234.png,124,202
sektion_6_235.png,124,200
sektion_6_236.png,122,199
sektion_6_237.png,119,199
sektion_6_238.png,117,199
sektion_6_239.png,113,197
sektion_6_24.png,119,198
sektion_6_240.png,192,182
sektion_6_241.png,124,199
sektion_6_242.png,127,199
sektion_6_243.png,128,199
sektion_6_244.png,128,199
sektion_6_245.png,128,199
sektion_6_246.png,126,200
sektion_6_247.png,124,202
sektion_6_248.png,114,207
sektion_6_249.png,111,206
sektion_6_25.png,115,201
sektion_6_250.png,188,180
sektion_6_251.png,123,191
sektion_6_252.png,136,173
sektion_6_253.png,141,169
sektion_6_254.png,137,167
sektion_6_255.png,139,159
sektion_6_256.png,139,157
sektion_6_257.png,138,166
sektion_6_258.png,141,170
sektion_6_259.png,143,170
sektion_6_26.png,142,172
sektion_6_260.png,182,178
sektion_6_261.png,141,172
sektion_6_262.png,141,170
sektion_6_263.png,142,165
sektion_6_264.png,143,165
sektion_6_265.png,142,168
sektion_6_266.png,143,169
sektion_6_267.png,146,168
sektion_6_268.png,146,173
sektion_6_269.png,143,182
sektion_6_27.png,140,193
sektion_6_270.png,174,182
sektion_6_271.png,135,199
sektion_6_272.png,132,200
sektion_6_273.png,132,198
sektion_6_274.png,131,198
sektion_6_275.png,132,197
sektion_6_276.png,134,200
sektion_6_277.png,131,201
sektion_6_278.png,127,194
sektion_6_279.png,128,184
sektion_6_28.png,126,190
sektion_6_280.png,160,189
sektion_6_281.png,122,196
sektion_6_282.png,119,188
sektion_6_283.png,123,171
sektion_6_284.png,127,165
sektion_6_285.png,127,165
sektion_6_286.png,123,168
sektion_6_287.png,122,164
sektion_6_288.png,122,153
sektion_6_289.png,126,148
sektion_6_29.png,121,145
sektion_6_290.png,141,197
sektion_6_291.png,117,138
sektion_6_292.png,125,135
sektion_6_293.png,128,138
sektion_6_294.png,123,144
sektion_6_295.png,128,150
sektion_6_296.png,129,155
sektion_6_297.png,129,156
sektion_6_298.png,129,159
sektion_6_299.png,128,168
sektion_6_3.png,128,174
sektion_6_30.png,200,181
sektion_6_300.png,123,204
sektion_6_301.png,131,175
sektion_6_302.png,135,175
sektion_6_303.png,140,169
sektion_6_304.png,141,168
sektion_6_305.png,141,169
sektion_6_306.png,141,168
sektion_6_307.png,139,169
sektion_6_308.png,138,173
sektion_6_309.png,140,172
sektion_6_31.png,138,172
sektion_6_310.png,117,206
sektion_6_311.png,139,172
sektion_6_312.png,140,174
sektion_6_313.png,137,181
sektion_6_314.png,132,183
sektion_6_315.png,130,184
sektion_6_316.png,129,183
sektion_6_317.png,129,179
sektion_6_318.png,130,172
sektion_6_319.png,131,164
sektion_6_32.png,134,156
sektion_6_320.png,117,208
sektion_6_321.png,134,154
sektion_6_322.png,134,155
sektion_6_323.png,141,151
sektion_6_324.png,141,149
sektion_6_325.png,136,151
sektion_6_326.png,135,150
sektion_6_327.png,138,149
sektion_6_328.png,141,148
sektion_6_329.png,138,147
sektion_6_33.png,128,150
sektion_6_330.png,116,210
sektion_6_331.png,116,153
sektion_6_332.png,105,156
sektion_6_333.png,95,159
sektion_6_334.png,95,158
sektion_6_335.png,92,161
sektion_6_336.png,90,163
sektion_6_337.png,92,161
sektion_6_338.png,100,159
sektion_6_339.png,112,162
sektion_6_34.png,126,169
sektion_6_340.png,114,212
sektion_6_341.png,139,174
sektion_6_342.png,153,171
sektion_6_343.png,163,169
sektion_6_344.png,172,166
sektion_6_345.png,175,164
sektion_6_346.png,175,163
sektion_6_347.png,171,159
sektion_6_348.png,163,154
sektion_6_349.png,155,147
sektion_6_35.png,146,143
sektion_6_350.png,113,213
sektion_6_351.png,140,143
sektion_6_352.png,139,142
sektion_6_353.png,138,139
sektion_6_354.png,138,136
sektion_6_355.png,139,138
sektion_6_356.png,141,142
sektion_6_357.png,141,144
sektion_6_358.png,139,144
sektion_6_359.png,140,141
sektion_6_36.png,138,141
sektion_6_360.png,112,214
sektion_6_361.png,141,142
sektion_6_362.png,142,143
sektion_6_363.png,142,144
sektion_6_364.png,142,144
sektion_6_365.png,144,140
sektion_6_366.png,143,140
sektion_6_367.png,144,139
sektion_6_368.png,145,138
sektion_6_369.png,143,141
sektion_6_37.png,144,142
sektion_6_370.png,112,215
sektion_6_371.png,145,143
sektion_6_372.png,146,145
sektion_6_373.png,147,147
sektion_6_374.png,149,149
sektion_6_375.png,148,150
sektion_6_376.png,145,152
sektion_6_377.png,141,154
sektion_6_378.png,137,157
sektion_6_379.png,140,161
sektion_6_38.png,144,164
sektion_6_380.png,112,215
sektion_6_381.png,142,166
sektion_6_382.png,141,168
sektion_6_383.png,137,171
sektion_6_384.png,131,171
sektion_6_385.png,125,170
sektion_6_386.png,121,165
sektion_6_387.png,119,159
sektion_6_388.png,119,155
sektion_6_389.png,124,151
sektion_6_39.png,128,152
sektion_6_390.png,112,216
sektion_6_391.png,133,153
sektion_6_392.png,138,153
sektion_6_393.png,141,152
sektion_6_394.png,142,149
sektion_6_395.png,142,145
sektion_6_396.png,140,140
sektion_6_397.png,140,136
sektion_6_398.png,134,126
sektion_6_399.png,131,125
sektion_6_4.png,130,126
sektion_6_40.png,202,181
sektion_6_400.png,112,216
sektion_6_401.png,131,124
sektion_6_402.png,135,124
sektion_6_403.png,138,128
sektion_6_404.png,141,135
sektion_6_405.png,143,136
sektion_6_406.png,142,133
sektion_6_407.png,143,132
sektion_6_408.png,139,136
sektion_6_409.png,127,134
sektion_6_41.png,114,136
sektion_6_410.png,111,216
sektion_6_411.png,105,138
sektion_6_412.png,99,142
sektion_6_413.png,98,143
sektion_6_414.png,101,142
sektion_6_415.png,105,139
sektion_6_416.png,108,138
sektion_6_417.png,114,136
sektion_6_418.png,114,135
sektion_6_419.png,116,132
sektion_6_42.png,121,127
sektion_6_420.png,112,217
sektion_6_421.png,124,123
sektion_6_422.png,127,120
sektion_6_423.png,128,119
sektion_6_424.png,129,120
sektion_6_425.png,132,121
sektion_6_426.png,145,132
sektion_6_427.png,159,143
sektion_6_428.png,168,153
sektion_6_429.png,174,163
sektion_6_43.png,177,167
sektion_6_430.png,112,217
sektion_6_431.png,173,164
sektion_6_432.png,166,160
sektion_6_433.png,156,156
sektion_6_434.png,145,156
sektion_6_435.png,137,156
sektion_6_436.png,125,156
sektion_6_437.png,120,155
sektion_6_438.png,119,150
sektion_6_439.png,121,146
sektion_6_44.png,124,141
sektion_6_440.png,112,217
sektion_6_441.png,126,134
sektion_6_442.png,128,126
sektion_6_443.png,129,119
sektion_6_444.png,131,112
sektion_6_445.png,133,116
sektion_6_446.png,134,119
sektion_6_447.png,135,122
sektion_6_448.png,137,128
sektion_6_449.png,137,133
sektion_6_45.png,136,135
sektion_6_450.png,112,217
sektion_6_451.png,136,135
sektion_6_452.png,134,136
sektion_6_453.png,135,138
sektion_6_454.png,133,141
sektion_6_455.png,130,146
sektion_6_456.png,132,146
sektion_6_457.png,134,145
sektion_6_458.png,137,143
sektion_6_459.png,137,142
sektion_6_46.png,140,139
sektion_6_460.png,112,217
sektion_6_461.png,142,137
sektion_6_462.png,145,134
sektion_6_463.png,145,134
sektion_6_464.png,149,137
sektion_6_465.png,152,139
sektion_6_466.png,156,142
sektion_6_467.png,160,146
sektion_6_468.png,163,151
sektion_6_469.png,165,153
sektion_6_47.png,167,156
sektion_6_470.png,113,217
sektion_6_471.png,170,158
sektion_6_472.png,171,159
sektion_6_473.png,173,161
sektion_6_474.png,174,164
sektion_6_475.png,176,166
sektion_6_476.png,178,167
sektion_6_477.png,179,169
sektion_6_478.png,179,169
sektion_6_479.png,179,169
sektion_6_48.png,179,169
sektion_6_480.png,113,217
sektion_6_481.png,180,170
sektion_6_482.png,180,169
sektion_6_483.png,179,169
sektion_6_484.png,179,170
sektion_6_485.png,180,170
sektion_6_486.png,179,169
sektion_6_487.png,179,169
sektion_6_49.png,178,168
sektion_6_5.png,113,216
sektion_6_50.png,202,182
sektion_6_51.png,112,216
sektion_6_52.png,111,215
sektion_6_53.png,112,214
sektion_6_54.png,114,212
sektion_6_55.png,115,211
sektion_6_56.png,118,210
sektion_6_57.png,123,206
sektion_6_58.png,127,201
sektion_6_59.png,130,198
sektion_6_6.png,136,195
sektion_6_60.png,200,184
sektion_6_61.png,145,190
sektion_6_62.png,147,186
sektion_6_63.png,149,185
sektion_6_64.png,148,187
sektion_6_65.png,145,190
sektion_6_66.png,143,192
sektion_6_67.png,142,192
sektion_6_68.png,143,191
sektion_6_69.png,144,189
sektion_6_7.png,143,189
sektion_6_70.png,197,181
sektion_6_71.png,144,189
sektion_6_72.png,145,188
sektion_6_73.png,146,187
sektion_6_74.png,147,186
sektion_6_75.png,149,184
sektion_6_76.png,152,182
sektion_6_77.png,159,176
sektion_6_78.png,166,171
sektion_6_79.png,168,164
sektion_6_8.png,168,163
sektion_6_80.png,195,178
sektion_6_81.png,165,169
sektion_6_82.png,159,173
sektion_6_83.png,157,175
sektion_6_84.png,157,174
sektion_6_85.png,159,176
sektion_6_86.png,159,176
sektion_6_87.png,159,174
sektion_6_88.png,160,170
sektion_6_89.png,165,165
sektion_6_9.png,166,158
sektion_6_90.png,193,177
sektion_6_91.png,166,156
sektion_6_92.png,164,153
sektion_6_93.png,165,151
sektion_6_94.png,160,168
sektion_6_95.png,137,195
sektion_6_96.png,123,205
sektion_6_97.png,121,205
sektion_6_98.png,118,207
sektion_6_99.png,117,209
sektion_7_0.png,116,212
sektion_7_1.png,195,183
sektion_7_10.png,197,182
sektion_7_100.png,169,185
sektion_7_101.png,116,212
sektion_7_102.png,116,213
sektion_7_103.png,116,214
sektion_7_104.png,115,215
sektion_7_105.png,114,215
sektion_7_106.png,115,215
sektion_7_107.png,115,214
sektion_7_108.png,114,216
sektion_7_109.png,113,217
sektion_7_11.png,112,217
sektion_7_110.png,151,187
sektion_7_111.png,113,218
sektion_7_112.png,113,218
sektion_7_113.png,114,218
sektion_7_114.png,115,218
sektion_7_115.png,117,217
sektion_7_116.png,118,216
sektion_7_117.png,121,215
sektion_7_118.png,127,213
sektion_7_119.png,137,208
sektion_7_12.png,151,203
sektion_7_120.png,137,187
sektion_7_121.png,163,199
sektion_7_122.png,175,196
sektion_7_123.png,185,193
sektion_7_124.png,190,190
sektion_7_125.png,193,190
sektion_7_126.png,190,193
sektion_7_127.png,186,192
sektion_7_128.png,187,188
sektion_7_129.png,189,189
sektion_7_13.png,188,188
sektion_7_130.png,133,189
sektion_7_131.png,186,187
sektion_7_132.png,185,191
sektion_7_133.png,189,188
sektion_7_134.png,184,175
sektion_7_135.png,182,178
sektion_7_136.png,187,191
sektion_7_137.png,167,196
sektion_7_138.png,151,204
sektion_7_139.png,141,208
sektion_7_14.png,125,214
sektion_7_140.png,150,190
sektion_7_141.png,112,216
sektion_7_142.png,112,205
sektion_7_143.png,112,202
sektion_7_144.png,108,204
sektion_7_145.png,109,198
sektion_7_146.png,108,198
sektion_7_147.png,109,200
sektion_7_148.png,109,201
sektion_7_149.png,110,200
sektion_7_15.png,111,198
sektion_7_150.png,180,183
sektion_7_151.png,111,196
sektion_7_152.png,111,196
sektion_7_153.png,110,196
sektion_7_154.png,111,195
sektion_7_155.png,110,200
sektion_7_156.png,109,206
sektion_7_157.png,110,206
sektion_7_158.png,112,207
sektion_7_159.png,110,212
sektion_7_16.png,111,214
sektion_7_160.png,198,180
sektion_7_161.png,111,212
sektion_7_162.png,113,211
sektion_7_163.png,113,211
sektion_7_164.png,110,212
sektion_7_165.png,111,211
sektion_7_166.png,122,207
sektion_7_167.png,139,194
sektion_7_168.png,146,179
sektion_7_169.png,141,178
sektion_7_17.png,138,184
sektion_7_170.png,204,182
sektion_7_171.png,138,184
sektion_7_172.png,133,181
sektion_7_173.png,131,180
sektion_7_174.png,127,179
sektion_7_175.png,125,178
sektion_7_176.png,128,176
sektion_7_177.png,128,164
sektion_7_178.png,129,143
sektion_7_179.png,129,144
sektion_7_18.png,128,127
sektion_7_180.png,203,181
sektion_7_181.png,138,80
sektion_7_182.png,156,55
sektion_7_183.png,156,53
sektion_7_184.png,151,58
sektion_7_185.png,141,69
sektion_7_186.png,129,100
sektion_7_187.png,130,125
sektion_7_188.png,131,136
sektion_7_189.png,129,139
sektion_7_19.png,131,137
sektion_7_190.png,201,182
sektion_7_191.png,129,142
sektion_7_192.png,120,157
sektion_7_193.png,120,159
sektion_7_194.png,118,161
sektion_7_195.png,116,163
sektion_7_196.png,116,162
sektion_7_197.png,117,160
sektion_7_198.png,118,159
sektion_7_199.png,120,157
sektion_7_2.png,121,157
sektion_7_20.png,198,180
sektion_7_200.png,200,183
sektion_7_201.png,124,156
sektion_7_202.png,121,156
sektion_7_203.png,125,156
sektion_7_204.png,122,157
sektion_7_205.png,120,159
sektion_7_206.png,131,161
sektion_7_207.png,135,183
sektion_7_208.png,136,192
sektion_7_209.png,137,190
sektion_7_21.png,134,181
sektion_7_210.png,201,178
sektion_7_211.png,154,162
sektion_7_212.png,156,156
sektion_7_213.png,156,156
sektion_7_214.png,164,165
sektion_7_215.png,159,156
sektion_7_216.png,150,141
sektion_7_217.png,159,149
sektion_7_218.png,161,157
sektion_7_219.png,156,146
sektion_7_22.png,138,169
sektion_7_220.png,199,181
sektion_7_221.png,117,205
sektion_7_222.png,115,202
sektion_7_223.png,119,188
sektion_7_224.png,127,175
sektion_7_225.png,132,175
sektion_7_226.png,130,185
sektion_7_227.png,134,183
sektion_7_228.png,138,177
sektion_7_229.png,143,181
sektion_7_23.png,137,189
sektion_7_230.png,197,180
sektion_7_231.png,128,197
sektion_7_232.png,130,200
sektion_7_233.png,128,201
sektion_7_234.png,127,202
sektion_7_235.png,129,201
sektion_7_236.png,124,201
sektion_7_237.png,125,202
sektion_7_238.png,130,202
sektion_7_239.png,123,201
sektion_7_24.png,129,200
sektion_7_240.png,193,180
sektion_7_241.png,131,201
sektion_7_242.png,127,201
sektion_7_243.png,120,202
sektion_7_244.png,118,204
sektion_7_245.png,118,206
sektion_7_246.png,122,200
sektion_7_247.png,121,199
sektion_7_248.png,123,193
sektion_7_249.png,130,183
sektion_7_25.png,134,178
sektion_7_250.png,188,181
sektion_7_251.png,138,176
sektion_7_252.png,140,174
sektion_7_253.png,140,174
sektion_7_254.png,140,175
sektion_7_255.png,141,170
sektion_7_256.png,141,165
sektion_7_257.png,140,169
sektion_7_258.png,142,171
sektion_7_259.png,144,172
sektion_7_26.png,144,173
sektion_7_260.png,180,182
sektion_7_261.png,144,170
sektion_7_262.png,141,170
sektion_7_263.png,141,169
sektion_7_264.png,142,170
sektion_7_265.png,145,170
sektion_7_266.png,147,173
sektion_7_267.png,145,178
sektion_7_268.png,143,186
sektion_7_269.png,142,194
sektion_7_27.png,142,196
sektion_7_270.png,169,186
sektion_7_271.png,141,196
sektion_7_272.png,140,195
sektion_7_273.png,141,195
sektion_7_274.png,142,195
sektion_7_275.png,145,193
sektion_7_276.png,159,188
sektion_7_277.png,159,189
sektion_7_278.png,151,190
sektion_7_279.png,150,190
sektion_7_28.png,157,189
sektion_7_280.png,151,194
sektion_7_281.png,162,190
sektion_7_282.png,153,195
sektion_7_283.png,136,194
sektion_7_284.png,125,173
sektion_7_285.png,121,147
sektion_7_286.png,120,147
sektion_7_287.png,131,159
sektion_7_288.png,128,145
sektion_7_289.png,130,138
sektion_7_29.png,131,137
sektion_7_290.png,134,201
sektion_7_291.png,121,144
sektion_7_292.png,119,149
sektion_7_293.png,123,138
sektion_7_294.png,118,144
sektion_7_295.png,123,158
sektion_7_296.png,128,156
sektion_7_297.png,130,159
sektion_7_298.png,130,165
sektion_7_299.png,131,170
sektion_7_3.png,129,177
sektion_7_30.png,199,176
sektion_7_300.png,122,206
sektion_7_301.png,128,182
sektion_7_302.png,129,183
sektion_7_303.png,130,183
sektion_7_304.png,130,185
sektion_7_305.png,130,187
sektion_7_306.png,129,188
sektion_7_307.png,129,189
sektion_7_308.png,128,191
sektion_7_309.png,128,190
sektion_7_31.png,129,191
sektion_7_310.png,118,207
sektion_7_311.png,129,192
sektion_7_312.png,129,191
sektion_7_313.png,128,192
sektion_7_314.png,126,194
sektion_7_315.png,127,193
sektion_7_316.png,129,191
sektion_7_317.png,131,185
sektion_7_318.png,133,176
sektion_7_319.png,134,169
sektion_7_32.png,134,163
sektion_7_320.png,117,208
sektion_7_321.png,134,161
sektion_7_322.png,135,160
sektion_7_323.png,138,155
sektion_7_324.png,139,151
sektion_7_325.png,137,152
sektion_7_326.png,137,153
sektion_7_327.png,139,152
sektion_7_328.png,140,151
sektion_7_329.png,140,150
sektion_7_33.png,134,149
sektion_7_330.png,116,210
sektion_7_331.png,129,150
sektion_7_332.png,123,152
sektion_7_333.png,115,153
sektion_7_334.png,107,157
sektion_7_335.png,98,160
sektion_7_336.png,90,163
sektion_7_337.png,88,163
sektion_7_338.png,91,162
sektion_7_339.png,98,162
sektion_7_34.png,106,163
sektion_7_340.png,114,212
sektion_7_341.png,113,165
sektion_7_342.png,128,171
sektion_7_343.png,140,170
sektion_7_344.png,155,168
sektion_7_345.png,167,166
sektion_7_346.png,167,162
sektion_7_347.png,162,155
sektion_7_348.png,152,148
sektion_7_349.png,145,143
sektion_7_35.png,137,141
sektion_7_350.png,113,214
sektion_7_351.png,138,143
sektion_7_352.png,137,143
sektion_7_353.png,136,143
sektion_7_354.png,134,144
sektion_7_355.png,135,143
sektion_7_356.png,140,144
sektion_7_357.png,143,146
sektion_7_358.png,142,145
sektion_7_359.png,137,146
sektion_7_36.png,137,146
sektion_7_360.png,112,215
sektion_7_361.png,141,146
sektion_7_362.png,141,147
sektion_7_363.png,141,148
sektion_7_364.png,144,147
sektion_7_365.png,145,144
sektion_7_366.png,146,142
sektion_7_367.png,146,139
sektion_7_368.png,144,141
sektion_7_369.png,143,143
sektion_7_37.png,146,146
sektion_7_370.png,112,215
sektion_7_371.png,146,147
sektion_7_372.png,146,150
sektion_7_373.png,148,151
sektion_7_374.png,148,152
sektion_7_375.png,146,152
sektion_7_376.png,143,153
sektion_7_377.png,139,155
sektion_7_378.png,137,159
sektion_7_379.png,141,163
sektion_7_38.png,146,165
sektion_7_380.png,112,215
sektion_7_381.png,146,166
sektion_7_382.png,143,168
sektion_7_383.png,137,172
sektion_7_384.png,132,177
sektion_7_385.png,126,177
sektion_7_386.png,122,170
sektion_7_387.png,119,161
sektion_7_388.png,118,153
sektion_7_389.png,121,150
sektion_7_39.png,125,151
sektion_7_390.png,112,215
sektion_7_391.png,130,152
sektion_7_392.png,136,153
sektion_7_393.png,139,151
sektion_7_394.png,142,147
sektion_7_395.png,141,143
sektion_7_396.png,139,137
sektion_7_397.png,137,133
sektion_7_398.png,132,124
sektion_7_399.png,130,120
sektion_7_4.png,128,118
sektion_7_40.png,200,179
sektion_7_400.png,112,216
sektion_7_401.png,128,117
sektion_7_402.png,128,119
sektion_7_403.png,131,126
sektion_7_404.png,135,131
sektion_7_405.png,140,134
sektion_7_406.png,140,131
sektion_7_407.png,139,130
sektion_7_408.png,136,132
sektion_7_409.png,136,133
sektion_7_41.png,126,135
sektion_7_410.png,110,217
sektion_7_411.png,113,138
sektion_7_412.png,102,143
sektion_7_413.png,99,143
sektion_7_414.png,101,142
sektion_7_415.png,103,140
sektion_7_416.png,103,138
sektion_7_417.png,107,135
sektion_7_418.png,107,136
sektion_7_419.png,110,135
sektion_7_42.png,116,131
sektion_7_420.png,110,216
sektion_7_421.png,124,124
sektion_7_422.png,128,118
sektion_7_423.png,128,116
sektion_7_424.png,131,117
sektion_7_425.png,137,119
sektion_7_426.png,149,125
sektion_7_427.png,159,133
sektion_7_428.png,169,145
sektion_7_429.png,178,159
sektion_7_43.png,180,167
sektion_7_430.png,111,216
sektion_7_431.png,176,166
sektion_7_432.png,170,160
sektion_7_433.png,163,155
sektion_7_434.png,158,151
sektion_7_435.png,152,152
sektion_7_436.png,139,152
sektion_7_437.png,135,151
sektion_7_438.png,127,149
sektion_7_439.png,123,148
sektion_7_44.png,123,145
sektion_7_440.png,112,217
sektion_7_441.png,126,140
sektion_7_442.png,130,134
sektion_7_443.png,133,126
sektion_7_444.png,134,120
sektion_7_445.png,133,120
sektion_7_446.png,134,121
sektion_7_447.png,135,123
sektion_7_448.png,138,127
sektion_7_449.png,137,131
sektion_7_45.png,137,135
sektion_7_450.png,112,217
sektion_7_451.png,136,135
sektion_7_452.png,136,136
sektion_7_453.png,137,136
sektion_7_454.png,134,141
sektion_7_455.png,128,147
sektion_7_456.png,129,147
sektion_7_457.png,130,147
sektion_7_458.png,131,148
sektion_7_459.png,131,147
sektion_7_46.png,133,145
sektion_7_460.png,112,217
sektion_7_461.png,137,140
sektion_7_462.png,141,137
sektion_7_463.png,143,135
sektion_7_464.png,139,133
sektion_7_465.png,143,133
sektion_7_466.png,145,133
sektion_7_467.png,150,135
sektion_7_468.png,153,139
sektion_7_469.png,157,142
sektion_7_47.png,159,147
sektion_7_470.png,112,216
sektion_7_471.png,160,148
sektion_7_472.png,162,148
sektion_7_473.png,164,152
sektion_7_474.png,167,156
sektion_7_475.png,169,158
sektion_7_476.png,171,160
sektion_7_477.png,173,162
sektion_7_478.png,173,162
sektion_7_479.png,173,162
sektion_7_48.png,174,162
sektion_7_480.png,112,216
sektion_7_481.png,174,163
sektion_7_482.png,174,164
sektion_7_483.png,173,163
sektion_7_484.png,173,162
sektion_7_485.png,173,162
sektion_7_486.png,171,161
sektion_7_487.png,171,159
sektion_7_49.png,170,159
sektion_7_5.png,113,215
sektion_7_50.png,199,182
sektion_7_51.png,112,214
sektion_7_52.png,113,213
sektion_7_53.png,116,211
sektion_7_54.png,118,208
sektion_7_55.png,123,204
sektion_7_56.png,128,199
sektion_7_57.png,133,195
sektion_7_58.png,136,193
sektion_7_59.png,139,193
sektion_7_6.png,144,190
sektion_7_60.png,196,181
sektion_7_61.png,151,185
sektion_7_62.png,150,183
sektion_7_63.png,147,185
sektion_7_64.png,145,187
sektion_7_65.png,145,189
sektion_7_66.png,145,190
sektion_7_67.png,146,189
sektion_7_68.png,146,188
sektion_7_69.png,145,187
sektion_7_7.png,144,187
sektion_7_70.png,191,177
sektion_7_71.png,146,186
sektion_7_72.png,148,184
sektion_7_73.png,149,183
sektion_7_74.png,149,182
sektion_7_75.png,150,180
sektion_7_76.png,153,176
sektion_7_77.png,160,170
sektion_7_78.png,165,163
sektion_7_79.png,165,160
sektion_7_8.png,164,164
sektion_7_80.png,189,177
sektion_7_81.png,162,170
sektion_7_82.png,160,173
sektion_7_83.png,160,174
sektion_7_84.png,159,175
sektion_7_85.png,158,176
sektion_7_86.png,159,175
sektion_7_87.png,160,172
sektion_7_88.png,163,168
sektion_7_89.png,166,162
sektion_7_9.png,166,156
sektion_7_90.png,183,181
sektion_7_91.png,165,154
sektion_7_92.png,165,155
sektion_7_93.png,165,151
sektion_7_94.png,158,165
sektion_7_95.png,137,193
sektion_7_96.png,126,203
sektion_7_97.png,121,204
sektion_7_98.png,118,208
sektion_7_99.png,116,210
sektion_8_0.png,116,212
sektion_8_1.png,195,182
sektion_8_10.png,197,180
sektion_8_100.png,148,192
sektion_8_101.png,116,213
sektion_8_102.png,116,213
sektion_8_103.png,116,214
sektion_8_104.png,115,214
sektion_8_105.png,114,215
sektion_8_106.png,115,215
sektion_8_107.png,114,216
sektion_8_108.png,113,216
sektion_8_109.png,113,216
sektion_8_11.png,113,217
sektion_8_110.png,132,191
sektion_8_111.png,114,217
sektion_8_112.png,113,218
sektion_8_113.png,114,218
sektion_8_114.png,116,217
sektion_8_115.png,118,216
sektion_8_116.png,119,215
sektion_8_117.png,126,214
sektion_8_118.png,131,211
sektion_8_119.png,138,208
sektion_8_12.png,149,205
sektion_8_120.png,124,188
sektion_8_121.png,160,201
sektion_8_122.png,172,197
sektion_8_123.png,182,194
sektion_8_124.png,188,192
sektion_8_125.png,191,191
sektion_8_126.png,190,190
sektion_8_127.png,184,194
sektion_8_128.png,185,192
sektion_8_129.png,182,189
sektion_8_13.png,178,189
sektion_8_130.png,129,191
sektion_8_131.png,178,184
sektion_8_132.png,171,182
sektion_8_133.png,183,191
sektion_8_134.png,180,183
sektion_8_135.png,171,174
sektion_8_136.png,186,191
sektion_8_137.png,174,194
sektion_8_138.png,166,198
sektion_8_139.png,157,201
sektion_8_14.png,134,210
sektion_8_140.png,155,195
sektion_8_141.png,114,217
sektion_8_142.png,111,206
sektion_8_143.png,111,198
sektion_8_144.png,110,199
sektion_8_145.png,110,194
sektion_8_146.png,109,195
sektion_8_147.png,109,196
sektion_8_148.png,110,197
sektion_8_149.png,110,197
sektion_8_15.png,111,196
sektion_8_150.png,189,187
sektion_8_151.png,111,195
sektion_8_152.png,111,196
sektion_8_153.png,110,197
sektion_8_154.png,111,195
sektion_8_155.png,110,200
sektion_8_156.png,109,206
sektion_8_157.png,110,205
sektion_8_158.png,111,206
sektion_8_159.png,111,211
sektion_8_16.png,111,214
sektion_8_160.png,203,179
sektion_8_161.png,111,213
sektion_8_162.png,112,211
sektion_8_163.png,113,211
sektion_8_164.png,113,213
sektion_8_165.png,115,211
sektion_8_166.png,124,207
sektion_8_167.png,138,193
sektion_8_168.png,148,177
sektion_8_169.png,144,177
sektion_8_17.png,139,184
sektion_8_170.png,205,179
sektion_8_171.png,136,189
sektion_8_172.png,134,185
sektion_8_173.png,137,183
sektion_8_174.png,129,181
sektion_8_175.png,130,176
sektion_8_176.png,136,174
sektion_8_177.png,132,175
sektion_8_178.png,129,171
sektion_8_179.png,126,158
sektion_8_18.png,130,102
sektion_8_180.png,205,181
sektion_8_181.png,151,61
sektion_8_182.png,150,61
sektion_8_183.png,146,62
sektion_8_184.png,139,70
sektion_8_185.png,135,96
sektion_8_186.png,135,120
sektion_8_187.png,132,130
sektion_8_188.png,133,132
sektion_8_189.png,134,136
sektion_8_19.png,133,144
sektion_8_190.png,203,181
sektion_8_191.png,140,148
sektion_8_192.png,133,148
sektion_8_193.png,131,149
sektion_8_194.png,129,150
sektion_8_195.png,128,150
sektion_8_196.png,128,151
sektion_8_197.png,128,150
sektion_8_198.png,131,150
sektion_8_199.png,132,148
sektion_8_2.png,134,146
sektion_8_20.png,198,178
sektion_8_200.png,201,180
sektion_8_201.png,134,145
sektion_8_202.png,138,146
sektion_8_203.png,138,141
sektion_8_204.png,137,146
sektion_8_205.png,134,160
sektion_8_206.png,135,169
sektion_8_207.png,133,190
sektion_8_208.png,133,194
sektion_8_209.png,131,191
sektion_8_21.png,133,185
sektion_8_210.png,201,177
sektion_8_211.png,149,155
sektion_8_212.png,155,150
sektion_8_213.png,156,160
sektion_8_214.png,161,170
sektion_8_215.png,157,155
sektion_8_216.png,150,137
sektion_8_217.png,152,145
sektion_8_218.png,153,148
sektion_8_219.png,151,139
sektion_8_22.png,146,156
sektion_8_220.png,199,177
sektion_8_221.png,120,203
sektion_8_222.png,111,212
sektion_8_223.png,110,208
sektion_8_224.png,110,202
sektion_8_225.png,113,198
sektion_8_226.png,119,193
sektion_8_227.png,130,189
sektion_8_228.png,147,172
sektion_8_229.png,159,157
sektion_8_23.png,147,172
sektion_8_230.png,198,176
sektion_8_231.png,130,186
sektion_8_232.png,128,188
sektion_8_233.png,122,189
sektion_8_234.png,119,189
sektion_8_235.png,120,184
sektion_8_236.png,117,185
sektion_8_237.png,117,189
sektion_8_238.png,124,190
sektion_8_239.png,126,193
sektion_8_24.png,129,194
sektion_8_240.png,195,176
sektion_8_241.png,129,195
sektion_8_242.png,121,199
sektion_8_243.png,115,199
sektion_8_244.png,116,196
sektion_8_245.png,125,189
sektion_8_246.png,135,179
sektion_8_247.png,138,174
sektion_8_248.png,141,174
sektion_8_249.png,143,173
sektion_8_25.png,140,174
sektion_8_250.png,190,178
sektion_8_251.png,137,178
sektion_8_252.png,135,178
sektion_8_253.png,137,178
sektion_8_254.png,137,180
sektion_8_255.png,140,179
sektion_8_256.png,143,177
sektion_8_257.png,144,175
sektion_8_258.png,143,174
sektion_8_259.png,144,174
sektion_8_26.png,145,171
sektion_8_260.png,181,184
sektion_8_261.png,145,167
sektion_8_262.png,145,165
sektion_8_263.png,146,166
sektion_8_264.png,145,171
sektion_8_265.png,146,176
sektion_8_266.png,144,183
sektion_8_267.png,143,193
sektion_8_268.png,142,197
sektion_8_269.png,142,198
sektion_8_27.png,143,198
sektion_8_270.png,167,190
sektion_8_271.png,142,198
sektion_8_272.png,141,198
sektion_8_273.png,143,196
sektion_8_274.png,147,195
sektion_8_275.png,152,189
sektion_8_276.png,163,182
sektion_8_277.png,167,181
sektion_8_278.png,167,182
sektion_8_279.png,164,183
sektion_8_28.png,164,184
sektion_8_280.png,148,198
sektion_8_281.png,167,185
sektion_8_282.png,167,190
sektion_8_283.png,158,192
sektion_8_284.png,143,189
sektion_8_285.png,123,171
sektion_8_286.png,121,149
sektion_8_287.png,130,125
sektion_8_288.png,124,139
sektion_8_289.png,124,139
sektion_8_29.png,131,134
sektion_8_290.png,131,204
sektion_8_291.png,130,142
sektion_8_292.png,122,142
sektion_8_293.png,122,138
sektion_8_294.png,123,135
sektion_8_295.png,129,153
sektion_8_296.png,127,166
sektion_8_297.png,127,173
sektion_8_298.png,125,181
sektion_8_299.png,125,185
sektion_8_3.png,125,189
sektion_8_30.png,199,178
sektion_8_300.png,119,207
sektion_8_301.png,124,193
sektion_8_302.png,123,196
sektion_8_303.png,123,199
sektion_8_304.png,121,201
sektion_8_305.png,120,202
sektion_8_306.png,120,203
sektion_8_307.png,119,204
sektion_8_308.png,119,206
sektion_8_309.png,118,206
sektion_8_31.png,118,206
sektion_8_310.png,116,208
sektion_8_311.png,118,207
sektion_8_312.png,118,207
sektion_8_313.png,118,207
sektion_8_314.png,118,206
sektion_8_315.png,121,204
sektion_8_316.png,125,198
sektion_8_317.png,130,192
sektion_8_318.png,134,186
sektion_8_319.png,136,178
sektion_8_32.png,136,172
sektion_8_320.png,117,209
sektion_8_321.png,137,166
sektion_8_322.png,136,162
sektion_8_323.png,134,155
sektion_8_324.png,135,154
sektion_8_325.png,139,155
sektion_8_326.png,142,156
sektion_8_327.png,143,155
sektion_8_328.png,142,154
sektion_8_329.png,141,152
sektion_8_33.png,137,151
sektion_8_330.png,115,211
sektion_8_331.png,135,149
sektion_8_332.png,134,150
sektion_8_333.png,133,154
sektion_8_334.png,122,155
sektion_8_335.png,110,155
sektion_8_336.png,100,158
sektion_8_337.png,94,161
sektion_8_338.png,91,164
sektion_8_339.png,93,162
sektion_8_34.png,95,160
sektion_8_340.png,113,212
sektion_8_341.png,97,159
sektion_8_342.png,107,162
sektion_8_343.png,113,165
sektion_8_344.png,120,167
sektion_8_345.png,128,166
sektion_8_346.png,133,162
sektion_8_347.png,136,154
sektion_8_348.png,137,149
sektion_8_349.png,136,147
sektion_8_35.png,136,147
sektion_8_350.png,113,213
sektion_8_351.png,137,148
sektion_8_352.png,135,145
sektion_8_353.png,132,145
sektion_8_354.png,132,145
sektion_8_355.png,133,145
sektion_8_356.png,137,146
sektion_8_357.png,141,147
sektion_8_358.png,142,148
sektion_8_359.png,141,148
sektion_8_36.png,142,149
sektion_8_360.png,112,214
sektion_8_361.png,146,150
sektion_8_362.png,143,152
sektion_8_363.png,143,153
sektion_8_364.png,143,152
sektion_8_365.png,145,148
sektion_8_366.png,146,147
sektion_8_367.png,147,146
sektion_8_368.png,148,147
sektion_8_369.png,148,149
sektion_8_37.png,149,150
sektion_8_370.png,113,214
sektion_8_371.png,150,152
sektion_8_372.png,150,152
sektion_8_373.png,150,155
sektion_8_374.png,146,158
sektion_8_375.png,140,158
sektion_8_376.png,135,160
sektion_8_377.png,136,159
sektion_8_378.png,139,160
sektion_8_379.png,145,166
sektion_8_38.png,150,165
sektion_8_380.png,113,214
sektion_8_381.png,151,161
sektion_8_382.png,150,162
sektion_8_383.png,145,165
sektion_8_384.png,138,171
sektion_8_385.png,131,175
sektion_8_386.png,124,174
sektion_8_387.png,118,170
sektion_8_388.png,116,165
sektion_8_389.png,119,154
sektion_8_39.png,122,153
sektion_8_390.png,113,214
sektion_8_391.png,128,152
sektion_8_392.png,133,151
sektion_8_393.png,137,148
sektion_8_394.png,139,146
sektion_8_395.png,137,141
sektion_8_396.png,136,137
sektion_8_397.png,135,134
sektion_8_398.png,131,132
sektion_8_399.png,131,124
sektion_8_4.png,130,116
sektion_8_40.png,200,179
sektion_8_400.png,113,215
sektion_8_401.png,128,115
sektion_8_402.png,126,119
sektion_8_403.png,127,123
sektion_8_404.png,132,123
sektion_8_405.png,135,125
sektion_8_406.png,134,132
sektion_8_407.png,135,135
sektion_8_408.png,139,132
sektion_8_409.png,139,131
sektion_8_41.png,136,132
sektion_8_410.png,111,216
sektion_8_411.png,123,138
sektion_8_412.png,114,141
sektion_8_413.png,111,143
sektion_8_414.png,108,143
sektion_8_415.png,104,142
sektion_8_416.png,101,142
sektion_8_417.png,102,135
sektion_8_418.png,104,135
sektion_8_419.png,108,136
sektion_8_42.png,114,133
sektion_8_420.png,111,216
sektion_8_421.png,120,128
sektion_8_422.png,121,122
sektion_8_423.png,123,116
sektion_8_424.png,130,112
sektion_8_425.png,139,109
sektion_8_426.png,149,117
sektion_8_427.png,158,126
sektion_8_428.png,164,136
sektion_8_429.png,172,148
sektion_8_43.png,176,157
sektion_8_430.png,111,217
sektion_8_431.png,174,161
sektion_8_432.png,170,158
sektion_8_433.png,166,154
sektion_8_434.png,162,150
sektion_8_435.png,159,148
sektion_8_436.png,152,145
sektion_8_437.png,138,140
sektion_8_438.png,131,140
sektion_8_439.png,131,141
sektion_8_44.png,134,140
sektion_8_440.png,112,217
sektion_8_441.png,136,137
sektion_8_442.png,134,132
sektion_8_443.png,134,125
sektion_8_444.png,135,120
sektion_8_445.png,132,119
sektion_8_446.png,133,120
sektion_8_447.png,135,123
sektion_8_448.png,137,125
sektion_8_449.png,138,130
sektion_8_45.png,137,134
sektion_8_450.png,111,217
sektion_8_451.png,136,135
sektion_8_452.png,136,136
sektion_8_453.png,138,136
sektion_8_454.png,137,139
sektion_8_455.png,133,144
sektion_8_456.png,132,146
sektion_8_457.png,130,147
sektion_8_458.png,128,148
sektion_8_459.png,127,148
sektion_8_46.png,129,147
sektion_8_460.png,111,216
sektion_8_461.png,133,145
sektion_8_462.png,137,142
sektion_8_463.png,141,139
sektion_8_464.png,141,133
sektion_8_465.png,139,133
sektion_8_466.png,141,131
sektion_8_467.png,139,132
sektion_8_468.png,139,133
sektion_8_469.png,141,133
sektion_8_47.png,141,133
sektion_8_470.png,112,216
sektion_8_471.png,143,133
sektion_8_472.png,143,133
sektion_8_473.png,152,137
sektion_8_474.png,156,143
sektion_8_475.png,158,146
sektion_8_476.png,160,148
sektion_8_477.png,161,150
sektion_8_478.png,162,151
sektion_8_479.png,162,150
sektion_8_48.png,163,151
sektion_8_480.png,112,215
sektion_8_481.png,163,151
sektion_8_482.png,163,151
sektion_8_483.png,162,149
sektion_8_484.png,162,149
sektion_8_485.png,161,148
sektion_8_486.png,161,149
sektion_8_487.png,160,148
sektion_8_49.png,161,147
sektion_8_5.png,112,214
sektion_8_50.png,198,180
sektion_8_51.png,115,212
sektion_8_52.png,118,207
sektion_8_53.png,122,203
sektion_8_54.png,128,198
sektion_8_55.png,133,194
sektion_8_56.png,137,193
sektion_8_57.png,139,192
sektion_8_58.png,140,192
sektion_8_59.png,141,190
sektion_8_6.png,144,186
sektion_8_60.png,193,178
sektion_8_61.png,149,181
sektion_8_62.png,147,183
sektion_8_63.png,145,186
sektion_8_64.png,146,187
sektion_8_65.png,148,187
sektion_8_66.png,149,187
sektion_8_67.png,149,185
sektion_8_68.png,147,184
sektion_8_69.png,145,184
sektion_8_7.png,143,187
sektion_8_70.png,187,178
sektion_8_71.png,144,189
sektion_8_72.png,147,187
sektion_8_73.png,150,183
sektion_8_74.png,152,179
sektion_8_75.png,157,175
sektion_8_76.png,160,169
sektion_8_77.png,165,162
sektion_8_78.png,167,158
sektion_8_79.png,166,160
sektion_8_8.png,164,167
sektion_8_80.png,181,180
sektion_8_81.png,161,171
sektion_8_82.png,159,172
sektion_8_83.png,159,173
sektion_8_84.png,159,174
sektion_8_85.png,158,175
sektion_8_86.png,160,174
sektion_8_87.png,162,172
sektion_8_88.png,164,166
sektion_8_89.png,166,160
sektion_8_9.png,166,155
sektion_8_90.png,167,186
sektion_8_91.png,165,154
sektion_8_92.png,164,154
sektion_8_93.png,163,152
sektion_8_94.png,159,162
sektion_8_95.png,139,189
sektion_8_96.png,126,201
sektion_8_97.png,121,205
sektion_8_98.png,117,208
sektion_8_99.png,116,211
sektion_9_0.png,116,213
sektion_9_1.png,197,184
sektion_9_10.png,199,182
sektion_9_100.png,136,195
sektion_9_101.png,116,213
sektion_9_102.png,116,213
sektion_9_103.png,116,214
sektion_9_104.png,115,215
sektion_9_105.png,114,215
sektion_9_106.png,115,215
sektion_9_107.png,114,216
sektion_9_108.png,112,217
sektion_9_109.png,113,216
sektion_9_11.png,114,215
sektion_9_110.png,125,191
sektion_9_111.png,114,217
sektion_9_112.png,113,218
sektion_9_113.png,114,218
sektion_9_114.png,116,217
sektion_9_115.png,117,217
sektion_9_116.png,118,217
sektion_9_117.png,124,215
sektion_9_118.png,128,213
sektion_9_119.png,135,209
sektion_9_12.png,144,206
sektion_9_120.png,122,186
sektion_9_121.png,156,202
sektion_9_122.png,168,198
sektion_9_123.png,179,193
sektion_9_124.png,187,192
sektion_9_125.png,191,192
sektion_9_126.png,192,188
sektion_9_127.png,190,190
sektion_9_128.png,192,193
sektion_9_129.png,187,190
sektion_9_13.png,180,191
sektion_9_130.png,135,192
sektion_9_131.png,172,186
sektion_9_132.png,145,161
sektion_9_133.png,155,157
sektion_9_134.png,172,170
sektion_9_135.png,171,180
sektion_9_136.png,180,188
sektion_9_137.png,173,193
sektion_9_138.png,169,198
sektion_9_139.png,161,199
sektion_9_14.png,136,207
sektion_9_140.png,164,193
sektion_9_141.png,112,212
sektion_9_142.png,109,193
sektion_9_143.png,111,186
sektion_9_144.png,110,191
sektion_9_145.png,111,190
sektion_9_146.png,111,191
sektion_9_147.png,110,192
sektion_9_148.png,110,194
sektion_9_149.png,111,194
sektion_9_15.png,111,194
sektion_9_150.png,193,184
sektion_9_151.png,111,194
sektion_9_152.png,111,195
sektion_9_153.png,110,197
sektion_9_154.png,111,197
sektion_9_155.png,110,201
sektion_9_156.png,109,207
sektion_9_157.png,110,207
sektion_9_158.png,111,208
sektion_9_159.png,111,212
sektion_9_16.png,111,215
sektion_9_160.png,202,175
sektion_9_161.png,112,214
sektion_9_162.png,113,212
sektion_9_163.png,113,212
sektion_9_164.png,114,213
sektion_9_165.png,118,211
sektion_9_166.png,124,206
sektion_9_167.png,137,189
sektion_9_168.png,148,172
sektion_9_169.png,145,173
sektion_9_17.png,138,181
sektion_9_170.png,203,178
sektion_9_171.png,133,189
sektion_9_172.png,133,187
sektion_9_173.png,136,183
sektion_9_174.png,132,179
sektion_9_175.png,127,180
sektion_9_176.png,132,174
sektion_9_177.png,135,174
sektion_9_178.png,129,172
sektion_9_179.png,129,121
sektion_9_18.png,138,77
sektion_9_180.png,202,178
sektion_9_181.png,143,66
sektion_9_182.png,147,61
sektion_9_183.png,140,69
sektion_9_184.png,132,92
sektion_9_185.png,127,124
sektion_9_186.png,132,130
sektion_9_187.png,133,127
sektion_9_188.png,133,132
sektion_9_189.png,136,134
sektion_9_19.png,137,139
sektion_9_190.png,202,172
sektion_9_191.png,135,147
sektion_9_192.png,136,143
sektion_9_193.png,138,141
sektion_9_194.png,137,139
sektion_9_195.png,137,139
sektion_9_196.png,136,142
sektion_9_197.png,136,143
sektion_9_198.png,140,142
sektion_9_199.png,141,142
sektion_9_2.png,142,141
sektion_9_20.png,200,180
sektion_9_200.png,201,174
sektion_9_201.png,140,139
sektion_9_202.png,142,142
sektion_9_203.png,143,141
sektion_9_204.png,145,147
sektion_9_205.png,145,166
sektion_9_206.png,134,180
sektion_9_207.png,134,194
sektion_9_208.png,135,194
sektion_9_209.png,134,192
sektion_9_21.png,144,179
sektion_9_210.png,198,181
sektion_9_211.png,154,148
sektion_9_212.png,161,156
sektion_9_213.png,167,170
sektion_9_214.png,168,172
sektion_9_215.png,159,155
sektion_9_216.png,144,142
sektion_9_217.png,141,137
sektion_9_218.png,147,139
sektion_9_219.png,149,142
sektion_9_22.png,147,152
sektion_9_220.png,194,172
sektion_9_221.png,126,191
sektion_9_222.png,118,204
sektion_9_223.png,116,206
sektion_9_224.png,116,203
sektion_9_225.png,119,198
sektion_9_226.png,124,194
sektion_9_227.png,133,187
sektion_9_228.png,146,171
sektion_9_229.png,152,162
sektion_9_23.png,137,172
sektion_9_230.png,192,167
sektion_9_231.png,122,180
sektion_9_232.png,121,170
sektion_9_233.png,117,162
sektion_9_234.png,113,160
sektion_9_235.png,115,152
sektion_9_236.png,113,151
sektion_9_237.png,113,154
sektion_9_238.png,120,155
sektion_9_239.png,116,172
sektion_9_24.png,126,174
sektion_9_240.png,190,166
sektion_9_241.png,136,175
sektion_9_242.png,138,175
sektion_9_243.png,139,175
sektion_9_244.png,140,174
sektion_9_245.png,142,173
sektion_9_246.png,141,174
sektion_9_247.png,137,174
sektion_9_248.png,137,176
sektion_9_249.png,136,178
sektion_9_25.png,136,177
sektion_9_250.png,186,178
sektion_9_251.png,135,178
sektion_9_252.png,135,179
sektion_9_253.png,136,180
sektion_9_254.png,137,180
sektion_9_255.png,139,179
sektion_9_256.png,139,181
sektion_9_257.png,141,180
sektion_9_258.png,143,180
sektion_9_259.png,142,178
sektion_9_26.png,144,174
sektion_9_260.png,176,186
sektion_9_261.png,145,170
sektion_9_262.png,148,165
sektion_9_263.png,149,168
sektion_9_264.png,146,177
sektion_9_265.png,142,187
sektion_9_266.png,139,197
sektion_9_267.png,141,201
sektion_9_268.png,140,201
sektion_9_269.png,137,203
sektion_9_27.png,135,206
sektion_9_270.png,161,193
sektion_9_271.png,136,203
sektion_9_272.png,138,202
sektion_9_273.png,142,200
sektion_9_274.png,149,193
sektion_9_275.png,154,188
sektion_9_276.png,157,185
sektion_9_277.png,157,184
sektion_9_278.png,159,185
sektion_9_279.png,161,185
sektion_9_28.png,162,185
sektion_9_280.png,144,201
sektion_9_281.png,163,188
sektion_9_282.png,163,190
sektion_9_283.png,164,190
sektion_9_284.png,163,193
sektion_9_285.png,152,191
sektion_9_286.png,124,167
sektion_9_287.png,120,157
sektion_9_288.png,124,140
sektion_9_289.png,126,136
sektion_9_29.png,129,137
sektion_9_290.png,129,205
sektion_9_291.png,127,126
sektion_9_292.png,117,136
sektion_9_293.png,122,161
sektion_9_294.png,125,157
sektion_9_295.png,127,162
sektion_9_296.png,124,178
sektion_9_297.png,120,191
sektion_9_298.png,118,197
sektion_9_299.png,117,202
sektion_9_3.png,117,204
sektion_9_30.png,202,182
sektion_9_300.png,119,207
sektion_9_301.png,117,205
sektion_9_302.png,116,207
sektion_9_303.png,116,208
sektion_9_304.png,115,209
sektion_9_305.png,114,211
sektion_9_306.png,114,211
sektion_9_307.png,114,211
sektion_9_308.png,114,210
sektion_9_309.png,114,210
sektion_9_31.png,114,210
sektion_9_310.png,117,209
sektion_9_311.png,114,210
sektion_9_312.png,114,209
sektion_9_313.png,114,209
sektion_9_314.png,114,209
sektion_9_315.png,116,208
sektion_9_316.png,121,204
sektion_9_317.png,127,198
sektion_9_318.png,130,195
sektion_9_319.png,134,190
sektion_9_32.png,134,180
sektion_9_320.png,117,209
sektion_9_321.png,136,168
sektion_9_322.png,136,158
sektion_9_323.png,130,149
sektion_9_324.png,131,147
sektion_9_325.png,136,147
sektion_9_326.png,140,149
sektion_9_327.png,143,152
sektion_9_328.png,141,155
sektion_9_329.png,139,155
sektion_9_33.png,138,153
sektion_9_330.png,116,211
sektion_9_331.png,138,151
sektion_9_332.png,133,151
sektion_9_333.png,126,152
sektion_9_334.png,130,149
sektion_9_335.png,127,149
sektion_9_336.png,118,154
sektion_9_337.png,106,159
sektion_9_338.png,96,164
sektion_9_339.png,92,164
sektion_9_34.png,93,161
sektion_9_340.png,114,212
sektion_9_341.png,94,157
sektion_9_342.png,96,156
sektion_9_343.png,97,158
sektion_9_344.png,99,160
sektion_9_345.png,102,162
sektion_9_346.png,106,162
sektion_9_347.png,110,160
sektion_9_348.png,116,156
sektion_9_349.png,125,152
sektion_9_35.png,130,151
sektion_9_350.png,113,213
sektion_9_351.png,135,150
sektion_9_352.png,138,150
sektion_9_353.png,137,148
sektion_9_354.png,137,146
sektion_9_355.png,138,147
sektion_9_356.png,139,146
sektion_9_357.png,140,146
sektion_9_358.png,142,148
sektion_9_359.png,144,149
sektion_9_36.png,146,150
sektion_9_360.png,113,214
sektion_9_361.png,147,151
sektion_9_362.png,145,153
sektion_9_363.png,144,153
sektion_9_364.png,143,152
sektion_9_365.png,144,150
sektion_9_366.png,147,149
sektion_9_367.png,147,149
sektion_9_368.png,150,150
sektion_9_369.png,150,152
sektion_9_37.png,149,153
sektion_9_370.png,113,214
sektion_9_371.png,150,153
sektion_9_372.png,152,156
sektion_9_373.png,150,160
sektion_9_374.png,146,165
sektion_9_375.png,139,167
sektion_9_376.png,137,167
sektion_9_377.png,140,166
sektion_9_378.png,147,166
sektion_9_379.png,152,159
sektion_9_38.png,153,150
sektion_9_380.png,113,214
sektion_9_381.png,153,153
sektion_9_382.png,152,157
sektion_9_383.png,147,164
sektion_9_384.png,140,172
sektion_9_385.png,133,175
sektion_9_386.png,127,171
sektion_9_387.png,122,163
sektion_9_388.png,119,156
sektion_9_389.png,116,156
sektion_9_39.png,119,155
sektion_9_390.png,112,215
sektion_9_391.png,122,152
sektion_9_392.png,127,148
sektion_9_393.png,131,145
sektion_9_394.png,134,143
sektion_9_395.png,134,139
sektion_9_396.png,134,136
sektion_9_397.png,133,134
sektion_9_398.png,133,134
sektion_9_399.png,132,129
sektion_9_4.png,129,122
sektion_9_40.png,202,183
sektion_9_400.png,112,215
sektion_9_401.png,127,117
sektion_9_402.png,126,115
sektion_9_403.png,126,118
sektion_9_404.png,128,121
sektion_9_405.png,129,126
sektion_9_406.png,130,131
sektion_9_407.png,132,133
sektion_9_408.png,137,131
sektion_9_409.png,139,131
sektion_9_41.png,138,132
sektion_9_410.png,112,216
sektion_9_411.png,136,133
sektion_9_412.png,133,142
sektion_9_413.png,131,142
sektion_9_414.png,126,144
sektion_9_415.png,116,144
sektion_9_416.png,108,144
sektion_9_417.png,107,138
sektion_9_418.png,106,136
sektion_9_419.png,107,133
sektion_9_42.png,110,131
sektion_9_420.png,112,216
sektion_9_421.png,112,131
sektion_9_422.png,113,130
sektion_9_423.png,115,125
sektion_9_424.png,121,115
sektion_9_425.png,129,104
sektion_9_426.png,139,106
sektion_9_427.png,146,115
sektion_9_428.png,154,123
sektion_9_429.png,164,134
sektion_9_43.png,171,144
sektion_9_430.png,111,216
sektion_9_431.png,174,152
sektion_9_432.png,172,156
sektion_9_433.png,167,155
sektion_9_434.png,165,151
sektion_9_435.png,164,151
sektion_9_436.png,162,150
sektion_9_437.png,138,138
sektion_9_438.png,124,135
sektion_9_439.png,125,133
sektion_9_44.png,130,130
sektion_9_440.png,111,216
sektion_9_441.png,126,130
sektion_9_442.png,121,128
sektion_9_443.png,126,124
sektion_9_444.png,136,121
sektion_9_445.png,132,119
sektion_9_446.png,131,121
sektion_9_447.png,134,123
sektion_9_448.png,135,126
sektion_9_449.png,136,131
sektion_9_45.png,135,135
sektion_9_450.png,111,216
sektion_9_451.png,135,136
sektion_9_452.png,135,136
sektion_9_453.png,136,136
sektion_9_454.png,138,136
sektion_9_455.png,136,141
sektion_9_456.png,134,144
sektion_9_457.png,131,146
sektion_9_458.png,127,148
sektion_9_459.png,125,150
sektion_9_46.png,125,148
sektion_9_460.png,111,215
sektion_9_461.png,128,148
sektion_9_462.png,134,146
sektion_9_463.png,137,144
sektion_9_464.png,142,137
sektion_9_465.png,141,135
sektion_9_466.png,139,133
sektion_9_467.png,138,132
sektion_9_468.png,138,132
sektion_9_469.png,136,132
sektion_9_47.png,136,131
sektion_9_470.png,112,214
sektion_9_471.png,136,130
sektion_9_472.png,134,130
sektion_9_473.png,136,131
sektion_9_474.png,141,133
sektion_9_475.png,147,134
sektion_9_476.png,151,136
sektion_9_477.png,152,138
sektion_9_478.png,153,138
sektion_9_479.png,152,137
sektion_9_48.png,151,137
sektion_9_480.png,114,212
sektion_9_481.png,151,137
sektion_9_482.png,149,136
sektion_9_483.png,145,134
sektion_9_484.png,145,135
sektion_9_485.png,147,136
sektion_9_486.png,150,137
sektion_9_487.png,152,137
sektion_9_49.png,153,139
sektion_9_5.png,116,210
sektion_9_50.png,198,180
sektion_9_51.png,122,205
sektion_9_52.png,127,200
sektion_9_53.png,131,195
sektion_9_54.png,137,192
sektion_9_55.png,141,191
sektion_9_56.png,143,191
sektion_9_57.png,143,192
sektion_9_58.png,143,190
sektion_9_59.png,145,185
sektion_9_6.png,149,181
sektion_9_60.png,193,179
sektion_9_61.png,150,180
sektion_9_62.png,148,184
sektion_9_63.png,146,187
sektion_9_64.png,147,187
sektion_9_65.png,150,185
sektion_9_66.png,151,183
sektion_9_67.png,148,182
sektion_9_68.png,143,184
sektion_9_69.png,139,187
sektion_9_7.png,143,193
sektion_9_70.png,186,179
sektion_9_71.png,145,193
sektion_9_72.png,149,191
sektion_9_73.png,155,184
sektion_9_74.png,160,176
sektion_9_75.png,163,168
sektion_9_76.png,165,162
sektion_9_77.png,165,160
sektion_9_78.png,166,161
sektion_9_79.png,164,163
sektion_9_8.png,162,168
sektion_9_80.png,175,183
sektion_9_81.png,160,171
sektion_9_82.png,159,173
sektion_9_83.png,159,172
sektion_9_84.png,159,172
sektion_9_85.png,160,172
sektion_9_86.png,161,172
sektion_9_87.png,163,168
sektion_9_88.png,166,163
sektion_9_89.png,166,156
sektion_9_9.png,165,154
sektion_9_90.png,154,191
sektion_9_91.png,163,154
sektion_9_92.png,163,152
sektion_9_93.png,162,151
sektion_9_94.png,159,157
sektion_9_95.png,143,182
sektion_9_96.png,128,199
sektion_9_97.png,121,205
sektion_9_98.png,117,208
sektion_9_99.png,116,211
sektion_10_0.png,115,213
sektion_10_1.png,198,185
sektion_10_10.png,200,183
sektion_10_100.png,129,194
sektion_10_101.png,116,214
sektion_10_102.png,116,214
sektion_10_103.png,116,214
sektion_10_104.png,115,215
sektion_10_105.png,114,216
sektion_10_106.png,114,216
sektion_10_107.png,113,217
sektion_10_108.png,112,218
sektion_10_109.png,114,216
sektion_10_11.png,115,216
sektion_10_110.png,122,187
sektion_10_111.png,114,217
sektion_10_112.png,113,218
sektion_10_113.png,113,218
sektion_10_114.png,114,218
sektion_10_115.png,115,218
sektion_10_116.png,115,218
sektion_10_117.png,117,217
sektion_10_118.png,121,215
sektion_10_119.png,128,212
sektion_10_12.png,138,208
sektion_10_120.png,122,183
sektion_10_121.png,150,204
sektion_10_122.png,162,199
sektion_10_123.png,174,192
sektion_10_124.png,179,195
sektion_10_125.png,183,195
sektion_10_126.png,183,195
sektion_10_127.png,189,191
sektion_10_128.png,192,189
sektion_10_129.png,181,184
sektion_10_13.png,177,178
sektion_10_130.png,129,193
sektion_10_131.png,174,167
sektion_10_132.png,144,147
sektion_10_133.png,145,146
sektion_10_134.png,171,164
sektion_10_135.png,178,179
sektion_10_136.png,178,183
sektion_10_137.png,170,191
sektion_10_138.png,167,199
sektion_10_139.png,159,201
sektion_10_14.png,135,208
sektion_10_140.png,152,195
sektion_10_141.png,115,204
sektion_10_142.png,114,184
sektion_10_143.png,114,185
sektion_10_144.png,111,193
sektion_10_145.png,111,189
sektion_10_146.png,111,188
sektion_10_147.png,111,190
sektion_10_148.png,110,191
sektion_10_149.png,111,192
sektion_10_15.png,111,192
sektion_10_150.png,183,184
sektion_10_151.png,111,194
sektion_10_152.png,111,196
sektion_10_153.png,110,198
sektion_10_154.png,110,200
sektion_10_155.png,109,204
sektion_10_156.png,108,209
sektion_10_157.png,110,210
sektion_10_158.png,111,210
sektion_10_159.png,111,214
sektion_10_16.png,110,216
sektion_10_160.png,197,173
sektion_10_161.png,112,215
sektion_10_162.png,113,214
sektion_10_163.png,114,213
sektion_10_164.png,115,213
sektion_10_165.png,121,210
sektion_10_166.png,125,204
sektion_10_167.png,136,181
sektion_10_168.png,149,160
sektion_10_169.png,147,165
sektion_10_17.png,138,173
sektion_10_170.png,201,172
sektion_10_171.png,130,183
sektion_10_172.png,132,184
sektion_10_173.png,134,184
sektion_10_174.png,137,181
sektion_10_175.png,132,179
sektion_10_176.png,132,175
sektion_10_177.png,137,170
sektion_10_178.png,128,144
sektion_10_179.png,135,91
sektion_10_18.png,139,74
sektion_10_180.png,202,173
sektion_10_181.png,139,71
sektion_10_182.png,145,62
sektion_10_183.png,133,85
sektion_10_184.png,129,119
sektion_10_185.png,126,128
sektion_10_186.png,122,134
sektion_10_187.png,128,131
sektion_10_188.png,131,129
sektion_10_189.png,132,137
sektion_10_19.png,133,145
sektion_10_190.png,202,170
sektion_10_191.png,129,149
sektion_10_192.png,136,146
sektion_10_193.png,138,141
sektion_10_194.png,139,138
sektion_10_195.png,139,137
sektion_10_196.png,139,140
sektion_10_197.png,139,143
sektion_10_198.png,139,144
sektion_10_199.png,140,144
sektion_10_2.png,144,141
sektion_10_20.png,202,182
sektion_10_200.png,199,171
sektion_10_201.png,139,142
sektion_10_202.png,142,142
sektion_10_203.png,142,146
sektion_10_204.png,142,162
sektion_10_205.png,146,171
sektion_10_206.png,135,186
sektion_10_207.png,131,198
sektion_10_208.png,139,189
sektion_10_209.png,150,177
sektion_10_21.png,155,172
sektion_10_210.png,196,170
sektion_10_211.png,153,146
sektion_10_212.png,153,157
sektion_10_213.png,160,164
sektion_10_214.png,160,157
sektion_10_215.png,154,146
sektion_10_216.png,149,147
sektion_10_217.png,146,138
sektion_10_218.png,149,135
sektion_10_219.png,147,141
sektion_10_22.png,147,150
sektion_10_220.png,190,170
sektion_10_221.png,142,161
sektion_10_222.png,130,184
sektion_10_223.png,129,189
sektion_10_224.png,134,189
sektion_10_225.png,137,188
sektion_10_226.png,140,185
sektion_10_227.png,142,176
sektion_10_228.png,141,172
sektion_10_229.png,141,173
sektion_10_23.png,131,175
sektion_10_230.png,188,170
sektion_10_231.png,123,172
sektion_10_232.png,123,165
sektion_10_233.png,120,158
sektion_10_234.png,116,156
sektion_10_235.png,116,152
sektion_10_236.png,112,150
sektion_10_237.png,114,149
sektion_10_238.png,119,151
sektion_10_239.png,117,170
sektion_10_24.png,127,173
sektion_10_240.png,186,176
sektion_10_241.png,136,177
sektion_10_242.png,139,178
sektion_10_243.png,139,177
sektion_10_244.png,139,178
sektion_10_245.png,141,176
sektion_10_246.png,140,174
sektion_10_247.png,135,173
sektion_10_248.png,136,174
sektion_10_249.png,135,177
sektion_10_25.png,136,179
sektion_10_250.png,182,183
sektion_10_251.png,139,178
sektion_10_252.png,140,181
sektion_10_253.png,138,184
sektion_10_254.png,139,184
sektion_10_255.png,139,183
sektion_10_256.png,140,182
sektion_10_257.png,141,183
sektion_10_258.png,144,181
sektion_10_259.png,144,178
sektion_10_26.png,145,175
sektion_10_260.png,171,189
sektion_10_261.png,147,172
sektion_10_262.png,149,172
sektion_10_263.png,148,178
sektion_10_264.png,142,189
sektion_10_265.png,136,200
sektion_10_266.png,133,204
sektion_10_267.png,137,202
sektion_10_268.png,134,205
sektion_10_269.png,129,209
sektion_10_27.png,129,208
sektion_10_270.png,155,197
sektion_10_271.png,131,206
sektion_10_272.png,135,203
sektion_10_273.png,141,197
sektion_10_274.png,146,190
sektion_10_275.png,149,188
sektion_10_276.png,149,187
sektion_10_277.png,151,186
sektion_10_278.png,154,184
sektion_10_279.png,154,184
sektion_10_28.png,156,186
sektion_10_280.png,138,203
sektion_10_281.png,162,187
sektion_10_282.png,166,188
sektion_10_283.png,163,187
sektion_10_284.png,147,190
sektion_10_285.png,133,199
sektion_10_286.png,123,194
sektion_10_287.png,126,149
sektion_10_288.png,123,137
sektion_10_289.png,122,133
sektion_10_29.png,127,135
sektion_10_290.png,127,207
sektion_10_291.png,124,138
sektion_10_292.png,122,128
sektion_10_293.png,124,135
sektion_10_294.png,120,159
sektion_10_295.png,116,193
sektion_10_296.png,116,196
sektion_10_297.png,114,204
sektion_10_298.png,111,208
sektion_10_299.png,111,211
sektion_10_3.png,111,211
sektion_10_30.png,202,183
sektion_10_300.png,119,208
sektion_10_301.png,111,212
sektion_10_302.png,111,212
sektion_10_303.png,109,213
sektion_10_304.png,111,212
sektion_10_305.png,112,212
sektion_10_306.png,113,211
sektion_10_307.png,113,210
sektion_10_308.png,114,209
sektion_10_309.png,115,208
sektion_10_31.png,115,208
sektion_10_310.png,117,209
sektion_10_311.png,116,206
sektion_10_312.png,117,206
sektion_10_313.png,117,205
sektion_10_314.png,116,205
sektion_10_315.png,117,204
sektion_10_316.png,119,203
sektion_10_317.png,124,200
sektion_10_318.png,129,196
sektion_10_319.png,133,191
sektion_10_32.png,136,180
sektion_10_320.png,118,210
sektion_10_321.png,138,165
sektion_10_322.png,136,150
sektion_10_323.png,130,142
sektion_10_324.png,130,139
sektion_10_325.png,133,139
sektion_10_326.png,135,141
sektion_10_327.png,137,146
sektion_10_328.png,139,153
sektion_10_329.png,140,157
sektion_10_33.png,138,158
sektion_10_330.png,116,211
sektion_10_331.png,136,156
sektion_10_332.png,134,154
sektion_10_333.png,131,148
sektion_10_334.png,131,148
sektion_10_335.png,131,148
sektion_10_336.png,128,150
sektion_10_337.png,122,156
sektion_10_338.png,112,161
sektion_10_339.png,103,163
sektion_10_34.png,94,163
sektion_10_340.png,115,211
sektion_10_341.png,90,162
sektion_10_342.png,94,156
sektion_10_343.png,95,153
sektion_10_344.png,95,152
sektion_10_345.png,96,154
sektion_10_346.png,95,159
sektion_10_347.png,98,162
sektion_10_348.png,104,162
sektion_10_349.png,111,158
sektion_10_35.png,119,153
sektion_10_350.png,114,212
sektion_10_351.png,127,152
sektion_10_352.png,133,153
sektion_10_353.png,136,150
sektion_10_354.png,140,145
sektion_10_355.png,142,143
sektion_10_356.png,141,144
sektion_10_357.png,142,144
sektion_10_358.png,143,146
sektion_10_359.png,144,148
sektion_10_36.png,146,147
sektion_10_360.png,113,213
sektion_10_361.png,146,150
sektion_10_362.png,147,151
sektion_10_363.png,147,151
sektion_10_364.png,146,151
sektion_10_365.png,148,151
sektion_10_366.png,149,151
sektion_10_367.png,149,151
sektion_10_368.png,150,151
sektion_10_369.png,151,152
sektion_10_37.png,148,153
sektion_10_370.png,112,214
sektion_10_371.png,148,154
sektion_10_372.png,148,157
sektion_10_373.png,147,162
sektion_10_374.png,145,168
sektion_10_375.png,143,171
sektion_10_376.png,144,170
sektion_10_377.png,147,166
sektion_10_378.png,154,160
sektion_10_379.png,152,147
sektion_10_38.png,148,140
sektion_10_380.png,112,214
sektion_10_381.png,147,149
sektion_10_382.png,147,158
sektion_10_383.png,145,165
sektion_10_384.png,141,170
sektion_10_385.png,136,171
sektion_10_386.png,130,168
sektion_10_387.png,124,161
sektion_10_388.png,120,157
sektion_10_389.png,114,156
sektion_10_39.png,115,155
sektion_10_390.png,112,215
sektion_10_391.png,117,151
sektion_10_392.png,121,148
sektion_10_393.png,124,145
sektion_10_394.png,127,143
sektion_10_395.png,131,138
sektion_10_396.png,135,136
sektion_10_397.png,136,134
sektion_10_398.png,135,131
sektion_10_399.png,133,131
sektion_10_4.png,127,131
sektion_10_40.png,199,183
sektion_10_400.png,112,215
sektion_10_401.png,126,123
sektion_10_402.png,128,116
sektion_10_403.png,127,117
sektion_10_404.png,125,124
sektion_10_405.png,125,130
sektion_10_406.png,129,131
sektion_10_407.png,132,129
sektion_10_408.png,132,132
sektion_10_409.png,136,131
sektion_10_41.png,139,132
sektion_10_410.png,112,216
sektion_10_411.png,139,134
sektion_10_412.png,148,137
sektion_10_413.png,153,144
sektion_10_414.png,150,149
sektion_10_415.png,139,146
sektion_10_416.png,128,145
sektion_10_417.png,117,146
sektion_10_418.png,110,140
sektion_10_419.png,104,133
sektion_10_42.png,104,130
sektion_10_420.png,112,216
sektion_10_421.png,106,134
sektion_10_422.png,108,137
sektion_10_423.png,111,134
sektion_10_424.png,117,122
sektion_10_425.png,124,109
sektion_10_426.png,128,106
sektion_10_427.png,132,109
sektion_10_428.png,140,114
sektion_10_429.png,152,122
sektion_10_43.png,162,131
sektion_10_430.png,112,215
sektion_10_431.png,168,142
sektion_10_432.png,169,150
sektion_10_433.png,166,152
sektion_10_434.png,162,150
sektion_10_435.png,162,150
sektion_10_436.png,161,150
sektion_10_437.png,147,140
sektion_10_438.png,136,134
sektion_10_439.png,135,128
sektion_10_44.png,134,125
sektion_10_440.png,112,215
sektion_10_441.png,130,125
sektion_10_442.png,126,125
sektion_10_443.png,130,124
sektion_10_444.png,135,123
sektion_10_445.png,133,121
sektion_10_446.png,132,123
sektion_10_447.png,134,126
sektion_10_448.png,135,128
sektion_10_449.png,136,133
sektion_10_45.png,133,137
sektion_10_450.png,112,214
sektion_10_451.png,132,137
sektion_10_452.png,131,138
sektion_10_453.png,133,137
sektion_10_454.png,134,136
sektion_10_455.png,136,138
sektion_10_456.png,136,140
sektion_10_457.png,132,144
sektion_10_458.png,128,147
sektion_10_459.png,125,150
sektion_10_46.png,123,150
sektion_10_460.png,114,213
sektion_10_461.png,124,150
sektion_10_462.png,127,150
sektion_10_463.png,133,146
sektion_10_464.png,143,141
sektion_10_465.png,144,138
sektion_10_466.png,141,135
sektion_10_467.png,141,133
sektion_10_468.png,139,133
sektion_10_469.png,138,133
sektion_10_47.png,136,132
sektion_10_470.png,117,211
sektion_10_471.png,136,130
sektion_10_472.png,138,130
sektion_10_473.png,134,130
sektion_10_474.png,134,130
sektion_10_475.png,139,131
sektion_10_476.png,143,133
sektion_10_477.png,145,133
sektion_10_478.png,143,133
sektion_10_479.png,141,133
sektion_10_48.png,139,133
sektion_10_480.png,121,207
sektion_10_481.png,141,132
sektion_10_482.png,139,133
sektion_10_483.png,141,132
sektion_10_484.png,139,133
sektion_10_485.png,141,133
sektion_10_486.png,143,133
sektion_10_487.png,145,133
sektion_10_49.png,145,134
sektion_10_5.png,124,202
sektion_10_50.png,194,180
sektion_10_51.png,131,197
sektion_10_52.png,136,193
sektion_10_53.png,138,191
sektion_10_54.png,140,190
sektion_10_55.png,143,191
sektion_10_56.png,143,192
sektion_10_57.png,144,190
sektion_10_58.png,146,185
sektion_10_59.png,149,180
sektion_10_6.png,151,179
sektion_10_60.png,189,179
sektion_10_61.png,151,181
sektion_10_62.png,149,184
sektion_10_63.png,148,184
sektion_10_64.png,148,184
sektion_10_65.png,149,181
sektion_10_66.png,149,180
sektion_10_67.png,146,180
sektion_10_68.png,139,184
sektion_10_69.png,132,188
sektion_10_7.png,137,172
sektion_10_70.png,181,180
sektion_10_71.png,138,179
sektion_10_72.png,142,187
sektion_10_73.png,147,186
sektion_10_74.png,156,174
sektion_10_75.png,162,164
sektion_10_76.png,164,157
sektion_10_77.png,164,157
sektion_10_78.png,164,162
sektion_10_79.png,163,167
sektion_10_8.png,161,170
sektion_10_80.png,167,186
sektion_10_81.png,159,172
sektion_10_82.png,159,171
sektion_10_83.png,159,170
sektion_10_84.png,160,168
sektion_10_85.png,160,169
sektion_10_86.png,162,167
sektion_10_87.png,163,163
sektion_10_88.png,164,158
sektion_10_89.png,165,152
sektion_10_9.png,164,153
sektion_10_90.png,145,193
sektion_10_91.png,163,152
sektion_10_92.png,162,149
sektion_10_93.png,162,150
sektion_10_94.png,159,153
sektion_10_95.png,148,172
sektion_10_96.png,131,196
sektion_10_97.png,124,204
sektion_10_98.png,118,208
sektion_10_99.png,116,211
sektion_11_0.png,115,213
sektion_11_1.png,198,183
sektion_11_10.png,200,182
sektion_11_100.png,128,194
sektion_11_101.png,115,214
sektion_11_102.png,116,214
sektion_11_103.png,116,214
sektion_11_104.png,115,215
sektion_11_105.png,114,216
sektion_11_106.png,114,216
sektion_11_107.png,113,217
sektion_11_108.png,114,218
sektion_11_109.png,113,218
sektion_11_11.png,113,217
sektion_11_110.png,124,189
sektion_11_111.png,114,217
sektion_11_112.png,114,217
sektion_11_113.png,113,218
sektion_11_114.png,113,218
sektion_11_115.png,113,219
sektion_11_116.png,113,219
sektion_11_117.png,114,218
sektion_11_118.png,118,217
sektion_11_119.png,125,214
sektion_11_12.png,133,210
sektion_11_120.png,126,182
sektion_11_121.png,144,206
sektion_11_122.png,152,202
sektion_11_123.png,160,201
sektion_11_124.png,164,200
sektion_11_125.png,167,199
sektion_11_126.png,163,199
sektion_11_127.png,177,193
sektion_11_128.png,187,193
sektion_11_129.png,176,192
sektion_11_13.png,164,175
sektion_11_130.png,126,185
sektion_11_131.png,168,161
sektion_11_132.png,171,152
sektion_11_133.png,173,162
sektion_11_134.png,178,186
sektion_11_135.png,178,193
sektion_11_136.png,172,194
sektion_11_137.png,162,197
sektion_11_138.png,154,202
sektion_11_139.png,147,206
sektion_11_14.png,125,211
sektion_11_140.png,137,188
sektion_11_141.png,111,211
sektion_11_142.png,108,205
sektion_11_143.png,111,198
sektion_11_144.png,113,186
sektion_11_145.png,111,187
sektion_11_146.png,111,188
sektion_11_147.png,111,190
sektion_11_148.png,110,191
sektion_11_149.png,110,191
sektion_11_15.png,110,192
sektion_11_150.png,160,178
sektion_11_151.png,111,193
sektion_11_152.png,111,196
sektion_11_153.png,111,198
sektion_11_154.png,110,202
sektion_11_155.png,109,208
sektion_11_156.png,108,212
sektion_11_157.png,110,212
sektion_11_158.png,111,213
sektion_11_159.png,111,216
sektion_11_16.png,111,217
sektion_11_160.png,184,168
sektion_11_161.png,112,216
sektion_11_162.png,114,215
sektion_11_163.png,114,214
sektion_11_164.png,119,212
sektion_11_165.png,127,206
sektion_11_166.png,128,201
sektion_11_167.png,139,174
sektion_11_168.png,151,153
sektion_11_169.png,150,158
sektion_11_17.png,139,166
sektion_11_170.png,194,168
sektion_11_171.png,128,181
sektion_11_172.png,131,184
sektion_11_173.png,134,185
sektion_11_174.png,133,181
sektion_11_175.png,135,179
sektion_11_176.png,137,179
sektion_11_177.png,130,163
sektion_11_178.png,130,107
sektion_11_179.png,137,78
sektion_11_18.png,142,70
sektion_11_180.png,196,169
sektion_11_181.png,146,63
sektion_11_182.png,132,83
sektion_11_183.png,127,115
sektion_11_184.png,130,130
sektion_11_185.png,132,133
sektion_11_186.png,130,128
sektion_11_187.png,125,132
sektion_11_188.png,125,132
sektion_11_189.png,126,144
sektion_11_19.png,127,168
sektion_11_190.png,194,171
sektion_11_191.png,133,169
sektion_11_192.png,136,149
sektion_11_193.png,138,142
sektion_11_194.png,139,139
sektion_11_195.png,140,136
sektion_11_196.png,138,140
sektion_11_197.png,138,144
sektion_11_198.png,138,148
sektion_11_199.png,142,147
sektion_11_2.png,144,145
sektion_11_20.png,202,182
sektion_11_200.png,192,173
sektion_11_201.png,144,146
sektion_11_202.png,143,141
sektion_11_203.png,141,155
sektion_11_204.png,140,172
sektion_11_205.png,141,176
sektion_11_206.png,134,191
sektion_11_207.png,126,199
sektion_11_208.png,138,180
sektion_11_209.png,160,165
sektion_11_21.png,163,165
sektion_11_210.png,193,164
sektion_11_211.png,153,149
sektion_11_212.png,145,153
sektion_11_213.png,152,152
sektion_11_214.png,147,141
sektion_11_215.png,146,140
sektion_11_216.png,154,143
sektion_11_217.png,148,143
sektion_11_218.png,146,141
sektion_11_219.png,148,138
sektion_11_22.png,147,139
sektion_11_220.png,185,172
sektion_11_221.png,151,140
sektion_11_222.png,149,163
sektion_11_223.png,143,180
sektion_11_224.png,142,183
sektion_11_225.png,138,184
sektion_11_226.png,138,182
sektion_11_227.png,143,173
sektion_11_228.png,144,172
sektion_11_229.png,135,172
sektion_11_23.png,127,156
sektion_11_230.png,184,180
sektion_11_231.png,125,149
sektion_11_232.png,122,165
sektion_11_233.png,118,168
sektion_11_234.png,117,159
sektion_11_235.png,117,157
sektion_11_236.png,112,155
sektion_11_237.png,112,153
sektion_11_238.png,115,158
sektion_11_239.png,120,165
sektion_11_24.png,127,172
sektion_11_240.png,180,186
sektion_11_241.png,135,176
sektion_11_242.png,134,178
sektion_11_243.png,132,179
sektion_11_244.png,133,177
sektion_11_245.png,137,175
sektion_11_246.png,137,176
sektion_11_247.png,133,178
sektion_11_248.png,137,175
sektion_11_249.png,137,176
sektion_11_25.png,136,177
sektion_11_250.png,173,192
sektion_11_251.png,136,178
sektion_11_252.png,133,183
sektion_11_253.png,133,187
sektion_11_254.png,136,185
sektion_11_255.png,139,184
sektion_11_256.png,140,186
sektion_11_257.png,142,184
sektion_11_258.png,144,180
sektion_11_259.png,145,176
sektion_11_26.png,147,174
sektion_11_260.png,161,196
sektion_11_261.png,149,174
sektion_11_262.png,149,178
sektion_11_263.png,144,188
sektion_11_264.png,137,200
sektion_11_265.png,130,207
sektion_11_266.png,128,207
sektion_11_267.png,131,207
sektion_11_268.png,128,207
sektion_11_269.png,126,208
sektion_11_27.png,127,207
sektion_11_270.png,145,201
sektion_11_271.png,131,204
sektion_11_272.png,137,199
sektion_11_273.png,140,195
sektion_11_274.png,143,191
sektion_11_275.png,143,188
sektion_11_276.png,145,188
sektion_11_277.png,148,188
sektion_11_278.png,151,187
sektion_11_279.png,153,185
sektion_11_28.png,155,186
sektion_11_280.png,132,205
sektion_11_281.png,157,188
sektion_11_282.png,160,189
sektion_11_283.png,160,188
sektion_11_284.png,155,190
sektion_11_285.png,152,194
sektion_11_286.png,146,186
sektion_11_287.png,129,162
sektion_11_288.png,131,147
sektion_11_289.png,129,149
sektion_11_29.png,126,164
sektion_11_290.png,122,208
sektion_11_291.png,138,183
sektion_11_292.png,131,176
sektion_11_293.png,114,164
sektion_11_294.png,111,197
sektion_11_295.png,113,208
sektion_11_296.png,110,211
sektion_11_297.png,110,212
sektion_11_298.png,111,212
sektion_11_299.png,110,213
sektion_11_3.png,110,213
sektion_11_30.png,200,181
sektion_11_300.png,117,209
sektion_11_301.png,110,213
sektion_11_302.png,109,213
sektion_11_303.png,109,213
sektion_11_304.png,110,211
sektion_11_305.png,113,209
sektion_11_306.png,113,211
sektion_11_307.png,115,207
sektion_11_308.png,117,203
sektion_11_309.png,119,201
sektion_11_31.png,122,199
sektion_11_310.png,118,210
sektion_11_311.png,123,196
sektion_11_312.png,125,194
sektion_11_313.png,127,191
sektion_11_314.png,128,190
sektion_11_315.png,127,191
sektion_11_316.png,126,191
sektion_11_317.png,128,192
sektion_11_318.png,133,189
sektion_11_319.png,139,181
sektion_11_32.png,142,174
sektion_11_320.png,119,211
sektion_11_321.png,140,166
sektion_11_322.png,136,157
sektion_11_323.png,131,145
sektion_11_324.png,129,141
sektion_11_325.png,127,138
sektion_11_326.png,128,138
sektion_11_327.png,133,142
sektion_11_328.png,140,151
sektion_11_329.png,144,158
sektion_11_33.png,142,160
sektion_11_330.png,117,211
sektion_11_331.png,135,159
sektion_11_332.png,135,157
sektion_11_333.png,138,153
sektion_11_334.png,132,152
sektion_11_335.png,126,152
sektion_11_336.png,126,150
sektion_11_337.png,126,151
sektion_11_338.png,124,153
sektion_11_339.png,116,157
sektion_11_34.png,107,161
sektion_11_340.png,116,212
sektion_11_341.png,100,165
sektion_11_342.png,97,161
sektion_11_343.png,96,159
sektion_11_344.png,95,156
sektion_11_345.png,94,155
sektion_11_346.png,95,155
sektion_11_347.png,96,157
sektion_11_348.png,99,157
sektion_11_349.png,102,158
sektion_11_35.png,103,159
sektion_11_350.png,115,212
sektion_11_351.png,109,158
sektion_11_352.png,115,156
sektion_11_353.png,122,154
sektion_11_354.png,131,152
sektion_11_355.png,136,149
sektion_11_356.png,139,147
sektion_11_357.png,141,146
sektion_11_358.png,143,147
sektion_11_359.png,144,147
sektion_11_36.png,146,149
sektion_11_360.png,114,213
sektion_11_361.png,147,149
sektion_11_362.png,147,152
sektion_11_363.png,147,153
sektion_11_364.png,149,155
sektion_11_365.png,151,154
sektion_11_366.png,153,152
sektion_11_367.png,152,153
sektion_11_368.png,152,154
sektion_11_369.png,151,155
sektion_11_37.png,149,156
sektion_11_370.png,113,213
sektion_11_371.png,146,156
sektion_11_372.png,143,157
sektion_11_373.png,142,161
sektion_11_374.png,143,166
sektion_11_375.png,146,168
sektion_11_376.png,150,164
sektion_11_377.png,152,154
sektion_11_378.png,151,143
sektion_11_379.png,147,133
sektion_11_38.png,141,133
sektion_11_380.png,113,214
sektion_11_381.png,144,145
sektion_11_382.png,141,161
sektion_11_383.png,143,167
sektion_11_384.png,145,167
sektion_11_385.png,143,163
sektion_11_386.png,139,159
sektion_11_387.png,130,158
sektion_11_388.png,123,156
sektion_11_389.png,112,154
sektion_11_39.png,112,153
sektion_11_390.png,113,214
sektion_11_391.png,113,153
sektion_11_392.png,116,150
sektion_11_393.png,118,148
sektion_11_394.png,123,145
sektion_11_395.png,128,141
sektion_11_396.png,134,135
sektion_11_397.png,136,135
sektion_11_398.png,136,132
sektion_11_399.png,133,132
sektion_11_4.png,130,133
sektion_11_40.png,196,180
sektion_11_400.png,112,215
sektion_11_401.png,127,130
sektion_11_402.png,126,126
sektion_11_403.png,125,125
sektion_11_404.png,126,127
sektion_11_405.png,127,129
sektion_11_406.png,131,130
sektion_11_407.png,133,131
sektion_11_408.png,133,131
sektion_11_409.png,134,131
sektion_11_41.png,135,131
sektion_11_410.png,113,215
sektion_11_411.png,141,133
sektion_11_412.png,151,139
sektion_11_413.png,161,147
sektion_11_414.png,163,152
sektion_11_415.png,159,151
sektion_11_416.png,149,148
sektion_11_417.png,135,147
sektion_11_418.png,120,143
sektion_11_419.png,107,139
sektion_11_42.png,103,137
sektion_11_420.png,113,215
sektion_11_421.png,104,136
sektion_11_422.png,108,136
sektion_11_423.png,111,133
sektion_11_424.png,115,129
sektion_11_425.png,119,124
sektion_11_426.png,122,116
sektion_11_427.png,125,111
sektion_11_428.png,130,113
sektion_11_429.png,138,117
sektion_11_43.png,148,123
sektion_11_430.png,113,214
sektion_11_431.png,154,131
sektion_11_432.png,159,138
sektion_11_433.png,160,144
sektion_11_434.png,158,145
sektion_11_435.png,158,145
sektion_11_436.png,158,145
sektion_11_437.png,150,142
sektion_11_438.png,138,137
sektion_11_439.png,133,135
sektion_11_44.png,135,135
sektion_11_440.png,113,213
sektion_11_441.png,139,134
sektion_11_442.png,141,131
sektion_11_443.png,138,128
sektion_11_444.png,132,126
sektion_11_445.png,133,126
sektion_11_446.png,136,126
sektion_11_447.png,138,129
sektion_11_448.png,141,132
sektion_11_449.png,139,136
sektion_11_45.png,138,136
sektion_11_450.png,115,212
sektion_11_451.png,135,138
sektion_11_452.png,132,141
sektion_11_453.png,132,140
sektion_11_454.png,135,138
sektion_11_455.png,133,137
sektion_11_456.png,137,139
sektion_11_457.png,133,144
sektion_11_458.png,133,147
sektion_11_459.png,127,149
sektion_11_46.png,125,150
sektion_11_460.png,118,210
sektion_11_461.png,124,150
sektion_11_462.png,125,150
sektion_11_463.png,128,148
sektion_11_464.png,144,141
sektion_11_465.png,141,137
sektion_11_466.png,141,134
sektion_11_467.png,139,133
sektion_11_468.png,139,131
sektion_11_469.png,138,131
sektion_11_47.png,136,132
sektion_11_470.png,124,204
sektion_11_471.png,134,131
sektion_11_472.png,136,130
sektion_11_473.png,134,130
sektion_11_474.png,134,130
sektion_11_475.png,138,131
sektion_11_476.png,141,132
sektion_11_477.png,143,132
sektion_11_478.png,141,132
sektion_11_479.png,138,132
sektion_11_48.png,138,131
sektion_11_480.png,130,199
sektion_11_481.png,138,132
sektion_11_482.png,138,132
sektion_11_483.png,139,131
sektion_11_484.png,139,131
sektion_11_485.png,139,131
sektion_11_486.png,138,132
sektion_11_487.png,138,132
sektion_11_49.png,138,132
sektion_11_5.png,135,195
sektion_11_50.png,190,179
sektion_11_51.png,140,191
sektion_11_52.png,142,190
sektion_11_53.png,142,189
sektion_11_54.png,143,189
sektion_11_55.png,143,188
sektion_11_56.png,145,186
sektion_11_57.png,147,181
sektion_11_58.png,149,178
sektion_11_59.png,150,178
sektion_11_6.png,150,179
sektion_11_60.png,184,180
sektion_11_61.png,150,181
sektion_11_62.png,148,181
sektion_11_63.png,147,180
sektion_11_64.png,147,179
sektion_11_65.png,150,177
sektion_11_66.png,150,177
sektion_11_67.png,148,178
sektion_11_68.png,144,181
sektion_11_69.png,138,186
sektion_11_7.png,129,168
sektion_11_70.png,177,181
sektion_11_71.png,132,167
sektion_11_72.png,143,172
sektion_11_73.png,152,171
sektion_11_74.png,160,165
sektion_11_75.png,165,159
sektion_11_76.png,165,159
sektion_11_77.png,166,161
sektion_11_78.png,167,166
sektion_11_79.png,163,168
sektion_11_8.png,160,170
sektion_11_80.png,164,186
sektion_11_81.png,159,171
sektion_11_82.png,159,170
sektion_11_83.png,159,167
sektion_11_84.png,160,164
sektion_11_85.png,159,164
sektion_11_86.png,161,161
sektion_11_87.png,162,157
sektion_11_88.png,163,152
sektion_11_89.png,165,150
sektion_11_9.png,163,152
sektion_11_90.png,142,193
sektion_11_91.png,161,151
sektion_11_92.png,161,148
sektion_11_93.png,160,149
sektion_11_94.png,159,151
sektion_11_95.png,155,164
sektion_11_96.png,136,191
sektion_11_97.png,127,203
sektion_11_98.png,119,207
sektion_11_99.png,117,211
sektion_12_0.png,116,214
sektion_12_1.png,197,181
sektion_12_10.png,199,181
sektion_12_100.png,135,195
sektion_12_101.png,116,214
sektion_12_102.png,116,214
sektion_12_103.png,116,214
sektion_12_104.png,115,215
sektion_12_105.png,114,216
sektion_12_106.png,114,216
sektion_12_107.png,114,217
sektion_12_108.png,115,217
sektion_12_109.png,114,218
sektion_12_11.png,113,218
sektion_12_110.png,130,189
sektion_12_111.png,114,217
sektion_12_112.png,114,217
sektion_12_113.png,114,217
sektion_12_114.png,113,218
sektion_12_115.png,112,219
sektion_12_116.png,112,219
sektion_12_117.png,113,219
sektion_12_118.png,117,218
sektion_12_119.png,122,216
sektion_12_12.png,130,211
sektion_12_120.png,130,179
sektion_12_121.png,136,208
sektion_12_122.png,141,207
sektion_12_123.png,146,206
sektion_12_124.png,150,205
sektion_12_125.png,153,205
sektion_12_126.png,160,202
sektion_12_127.png,166,200
sektion_12_128.png,167,199
sektion_12_129.png,167,193
sektion_12_13.png,158,174
sektion_12_130.png,125,167
sektion_12_131.png,159,159
sektion_12_132.png,170,146
sektion_12_133.png,170,156
sektion_12_134.png,167,188
sektion_12_135.png,165,199
sektion_12_136.png,157,200
sektion_12_137.png,146,201
sektion_12_138.png,137,207
sektion_12_139.png,127,213
sektion_12_14.png,113,215
sektion_12_140.png,126,164
sektion_12_141.png,108,209
sektion_12_142.png,106,201
sektion_12_143.png,110,194
sektion_12_144.png,114,182
sektion_12_145.png,111,189
sektion_12_146.png,111,190
sektion_12_147.png,111,191
sektion_12_148.png,111,191
sektion_12_149.png,110,192
sektion_12_15.png,111,192
sektion_12_150.png,135,157
sektion_12_151.png,111,193
sektion_12_152.png,110,197
sektion_12_153.png,110,200
sektion_12_154.png,109,205
sektion_12_155.png,108,211
sektion_12_156.png,109,214
sektion_12_157.png,111,215
sektion_12_158.png,112,215
sektion_12_159.png,112,217
sektion_12_16.png,111,217
sektion_12_160.png,148,156
sektion_12_161.png,113,216
sektion_12_162.png,114,215
sektion_12_163.png,116,214
sektion_12_164.png,125,208
sektion_12_165.png,128,205
sektion_12_166.png,131,194
sektion_12_167.png,142,169
sektion_12_168.png,151,157
sektion_12_169.png,151,162
sektion_12_17.png,144,166
sektion_12_170.png,160,161
sektion_12_171.png,132,178
sektion_12_172.png,130,184
sektion_12_173.png,133,184
sektion_12_174.png,126,180
sektion_12_175.png,134,178
sektion_12_176.png,138,177
sektion_12_177.png,124,135
sektion_12_178.png,131,89
sektion_12_179.png,135,77
sektion_12_18.png,136,75
sektion_12_180.png,167,163
sektion_12_181.png,130,83
sektion_12_182.png,124,112
sektion_12_183.png,132,131
sektion_12_184.png,133,126
sektion_12_185.png,139,141
sektion_12_186.png,135,144
sektion_12_187.png,127,137
sektion_12_188.png,121,146
sektion_12_189.png,124,155
sektion_12_19.png,133,164
sektion_12_190.png,167,168
sektion_12_191.png,142,173
sektion_12_192.png,136,153
sektion_12_193.png,138,144
sektion_12_194.png,138,139
sektion_12_195.png,140,137
sektion_12_196.png,140,141
sektion_12_197.png,140,145
sektion_12_198.png,142,147
sektion_12_199.png,143,148
sektion_12_2.png,143,147
sektion_12_20.png,199,181
sektion_12_200.png,168,173
sektion_12_201.png,144,150
sektion_12_202.png,141,146
sektion_12_203.png,142,165
sektion_12_204.png,143,176
sektion_12_205.png,138,177
sektion_12_206.png,129,196
sektion_12_207.png,123,197
sektion_12_208.png,130,180
sektion_12_209.png,154,167
sektion_12_21.png,164,157
sektion_12_210.png,170,169
sektion_12_211.png,156,161
sektion_12_212.png,151,159
sektion_12_213.png,157,154
sektion_12_214.png,149,143
sektion_12_215.png,146,141
sektion_12_216.png,151,140
sektion_12_217.png,142,147
sektion_12_218.png,144,146
sektion_12_219.png,149,141
sektion_12_22.png,151,145
sektion_12_220.png,154,173
sektion_12_221.png,150,146
sektion_12_222.png,150,149
sektion_12_223.png,144,169
sektion_12_224.png,140,179
sektion_12_225.png,142,180
sektion_12_226.png,142,182
sektion_12_227.png,143,177
sektion_12_228.png,142,176
sektion_12_229.png,135,172
sektion_12_23.png,129,153
sektion_12_230.png,151,178
sektion_12_231.png,127,153
sektion_12_232.png,122,179
sektion_12_233.png,119,184
sektion_12_234.png,119,175
sektion_12_235.png,119,167
sektion_12_236.png,116,159
sektion_12_237.png,114,155
sektion_12_238.png,115,160
sektion_12_239.png,114,162
sektion_12_24.png,120,168
sektion_12_240.png,149,185
sektion_12_241.png,126,175
sektion_12_242.png,128,178
sektion_12_243.png,129,179
sektion_12_244.png,132,177
sektion_12_245.png,135,176
sektion_12_246.png,135,178
sektion_12_247.png,133,178
sektion_12_248.png,134,178
sektion_12_249.png,134,177
sektion_12_25.png,132,174
sektion_12_250.png,143,193
sektion_12_251.png,131,173
sektion_12_252.png,128,173
sektion_12_253.png,132,171
sektion_12_254.png,135,171
sektion_12_255.png,137,177
sektion_12_256.png,140,182
sektion_12_257.png,144,180
sektion_12_258.png,145,178
sektion_12_259.png,147,174
sektion_12_26.png,148,173
sektion_12_260.png,136,202
sektion_12_261.png,149,176
sektion_12_262.png,148,184
sektion_12_263.png,141,197
sektion_12_264.png,133,205
sektion_12_265.png,128,208
sektion_12_266.png,124,210
sektion_12_267.png,123,212
sektion_12_268.png,124,210
sektion_12_269.png,126,205
sektion_12_27.png,129,200
sektion_12_270.png,130,205
sektion_12_271.png,132,199
sektion_12_272.png,137,198
sektion_12_273.png,140,194
sektion_12_274.png,141,191
sektion_12_275.png,141,186
sektion_12_276.png,143,188
sektion_12_277.png,141,190
sektion_12_278.png,140,186
sektion_12_279.png,144,185
sektion_12_28.png,152,187
sektion_12_280.png,125,207
sektion_12_281.png,155,187
sektion_12_282.png,151,186
sektion_12_283.png,146,184
sektion_12_284.png,147,185
sektion_12_285.png,144,184
sektion_12_286.png,134,174
sektion_12_287.png,131,160
sektion_12_288.png,123,160
sektion_12_289.png,125,176
sektion_12_29.png,122,186
sektion_12_290.png,122,208
sektion_12_291.png,115,198
sektion_12_292.png,115,206
sektion_12_293.png,111,210
sektion_12_294.png,109,212
sektion_12_295.png,110,213
sektion_12_296.png,111,213
sektion_12_297.png,112,213
sektion_12_298.png,111,214
sektion_12_299.png,111,214
sektion_12_3.png,111,212
sektion_12_30.png,199,179
sektion_12_300.png,120,209
sektion_12_301.png,111,212
sektion_12_302.png,112,210
sektion_12_303.png,113,208
sektion_12_304.png,113,206
sektion_12_305.png,115,203
sektion_12_306.png,117,202
sektion_12_307.png,121,194
sektion_12_308.png,127,183
sektion_12_309.png,131,177
sektion_12_31.png,138,169
sektion_12_310.png,120,210
sektion_12_311.png,142,161
sektion_12_312.png,146,158
sektion_12_313.png,147,156
sektion_12_314.png,151,153
sektion_12_315.png,148,156
sektion_12_316.png,145,158
sektion_12_317.png,145,162
sektion_12_318.png,147,163
sektion_12_319.png,148,164
sektion_12_32.png,148,162
sektion_12_320.png,119,211
sektion_12_321.png,144,160
sektion_12_322.png,140,159
sektion_12_323.png,137,155
sektion_12_324.png,131,150
sektion_12_325.png,127,145
sektion_12_326.png,127,145
sektion_12_327.png,132,150
sektion_12_328.png,139,157
sektion_12_329.png,142,162
sektion_12_33.png,140,163
sektion_12_330.png,118,212
sektion_12_331.png,136,163
sektion_12_332.png,132,160
sektion_12_333.png,131,156
sektion_12_334.png,129,156
sektion_12_335.png,126,154
sektion_12_336.png,124,151
sektion_12_337.png,123,150
sektion_12_338.png,123,150
sektion_12_339.png,124,153
sektion_12_34.png,125,157
sektion_12_340.png,117,213
sektion_12_341.png,123,161
sektion_12_342.png,107,165
sektion_12_343.png,101,165
sektion_12_344.png,97,165
sektion_12_345.png,94,161
sektion_12_346.png,94,157
sektion_12_347.png,96,153
sektion_12_348.png,98,152
sektion_12_349.png,97,155
sektion_12_35.png,96,158
sektion_12_350.png,115,213
sektion_12_351.png,97,159
sektion_12_352.png,102,159
sektion_12_353.png,109,157
sektion_12_354.png,118,154
sektion_12_355.png,125,153
sektion_12_356.png,130,152
sektion_12_357.png,134,151
sektion_12_358.png,140,152
sektion_12_359.png,144,152
sektion_12_36.png,147,152
sektion_12_360.png,114,214
sektion_12_361.png,145,154
sektion_12_362.png,145,155
sektion_12_363.png,147,156
sektion_12_364.png,150,156
sektion_12_365.png,153,155
sektion_12_366.png,154,154
sektion_12_367.png,152,154
sektion_12_368.png,150,155
sektion_12_369.png,149,157
sektion_12_37.png,145,159
sektion_12_370.png,114,214
sektion_12_371.png,141,158
sektion_12_372.png,137,159
sektion_12_373.png,137,161
sektion_12_374.png,143,163
sektion_12_375.png,150,162
sektion_12_376.png,153,152
sektion_12_377.png,150,141
sektion_12_378.png,139,129
sektion_12_379.png,136,126
sektion_12_38.png,141,132
sektion_12_380.png,114,214
sektion_12_381.png,144,144
sektion_12_382.png,146,155
sektion_12_383.png,147,157
sektion_12_384.png,151,155
sektion_12_385.png,151,151
sektion_12_386.png,148,149
sektion_12_387.png,137,152
sektion_12_388.png,127,156
sektion_12_389.png,114,152
sektion_12_39.png,111,152
sektion_12_390.png,114,214
sektion_12_391.png,109,152
sektion_12_392.png,111,151
sektion_12_393.png,116,150
sektion_12_394.png,119,147
sektion_12_395.png,126,142
sektion_12_396.png,132,138
sektion_12_397.png,136,133
sektion_12_398.png,136,135
sektion_12_399.png,134,131
sektion_12_4.png,133,130
sektion_12_40.png,196,177
sektion_12_400.png,114,214
sektion_12_401.png,129,131
sektion_12_402.png,124,134
sektion_12_403.png,125,133
sektion_12_404.png,129,128
sektion_12_405.png,132,127
sektion_12_406.png,131,131
sektion_12_407.png,132,133
sektion_12_408.png,136,131
sektion_12_409.png,135,131
sektion_12_41.png,134,130
sektion_12_410.png,114,214
sektion_12_411.png,135,133
sektion_12_412.png,147,138
sektion_12_413.png,161,147
sektion_12_414.png,167,154
sektion_12_415.png,165,153
sektion_12_416.png,160,152
sektion_12_417.png,156,150
sektion_12_418.png,140,146
sektion_12_419.png,120,145
sektion_12_42.png,110,142
sektion_12_420.png,113,214
sektion_12_421.png,105,138
sektion_12_422.png,106,134
sektion_12_423.png,108,132
sektion_12_424.png,110,133
sektion_12_425.png,112,136
sektion_12_426.png,117,128
sektion_12_427.png,121,121
sektion_12_428.png,124,120
sektion_12_429.png,129,119
sektion_12_43.png,135,121
sektion_12_430.png,113,213
sektion_12_431.png,142,125
sektion_12_432.png,148,131
sektion_12_433.png,152,135
sektion_12_434.png,155,139
sektion_12_435.png,156,140
sektion_12_436.png,156,141
sektion_12_437.png,156,143
sektion_12_438.png,157,145
sektion_12_439.png,159,147
sektion_12_44.png,160,149
sektion_12_440.png,116,211
sektion_12_441.png,159,149
sektion_12_442.png,157,144
sektion_12_443.png,150,137
sektion_12_444.png,149,133
sektion_12_445.png,143,130
sektion_12_446.png,142,129
sektion_12_447.png,144,133
sektion_12_448.png,144,135
sektion_12_449.png,141,136
sektion_12_45.png,139,137
sektion_12_450.png,119,208
sektion_12_451.png,137,137
sektion_12_452.png,135,138
sektion_12_453.png,137,137
sektion_12_454.png,135,137
sektion_12_455.png,131,140
sektion_12_456.png,133,140
sektion_12_457.png,133,145
sektion_12_458.png,131,147
sektion_12_459.png,127,150
sektion_12_46.png,124,151
sektion_12_460.png,125,203
sektion_12_461.png,123,150
sektion_12_462.png,123,149
sektion_12_463.png,125,149
sektion_12_464.png,139,140
sektion_12_465.png,141,135
sektion_12_466.png,139,132
sektion_12_467.png,138,130
sektion_12_468.png,134,130
sektion_12_469.png,132,130
sektion_12_47.png,132,130
sektion_12_470.png,133,196
sektion_12_471.png,130,130
sektion_12_472.png,132,129
sektion_12_473.png,132,130
sektion_12_474.png,134,130
sektion_12_475.png,138,130
sektion_12_476.png,138,132
sektion_12_477.png,139,133
sektion_12_478.png,138,133
sektion_12_479.png,138,132
sektion_12_48.png,138,131
sektion_12_480.png,139,192
sektion_12_481.png,138,131
sektion_12_482.png,136,131
sektion_12_483.png,134,130
sektion_12_484.png,134,130
sektion_12_485.png,134,130
sektion_12_486.png,134,130
sektion_12_487.png,136,130
sektion_12_49.png,138,130
sektion_12_5.png,142,190
sektion_12_50.png,189,178
sektion_12_51.png,145,188
sektion_12_52.png,145,188
sektion_12_53.png,145,187
sektion_12_54.png,146,185
sektion_12_55.png,148,182
sektion_12_56.png,149,178
sektion_12_57.png,150,176
sektion_12_58.png,150,177
sektion_12_59.png,150,178
sektion_12_6.png,149,180
sektion_12_60.png,182,180
sektion_12_61.png,148,180
sektion_12_62.png,148,179
sektion_12_63.png,148,176
sektion_12_64.png,149,174
sektion_12_65.png,150,175
sektion_12_66.png,151,176
sektion_12_67.png,152,177
sektion_12_68.png,152,177
sektion_12_69.png,151,178
sektion_12_7.png,152,175
sektion_12_70.png,176,184
sektion_12_71.png,156,173
sektion_12_72.png,160,170
sektion_12_73.png,165,165
sektion_12_74.png,165,160
sektion_12_75.png,165,156
sektion_12_76.png,163,157
sektion_12_77.png,161,162
sektion_12_78.png,158,165
sektion_12_79.png,160,168
sektion_12_8.png,160,170
sektion_12_80.png,167,188
sektion_12_81.png,159,171
sektion_12_82.png,160,167
sektion_12_83.png,159,165
sektion_12_84.png,160,161
sektion_12_85.png,161,158
sektion_12_86.png,161,156
sektion_12_87.png,161,152
sektion_12_88.png,163,149
sektion_12_89.png,163,148
sektion_12_9.png,161,152
sektion_12_90.png,150,193
sektion_12_91.png,160,149
sektion_12_92.png,160,146
sektion_12_93.png,159,148
sektion_12_94.png,160,150
sektion_12_95.png,156,160
sektion_12_96.png,141,183
sektion_12_97.png,130,200
sektion_12_98.png,120,207
sektion_12_99.png,116,210
sektion_13_0.png,116,213
sektion_13_1.png,193,180
sektion_13_10.png,195,180
sektion_13_100.png,134,185
sektion_13_101.png,115,213
sektion_13_102.png,116,213
sektion_13_103.png,116,214
sektion_13_104.png,116,215
sektion_13_105.png,115,216
sektion_13_106.png,114,216
sektion_13_107.png,114,216
sektion_13_108.png,114,217
sektion_13_109.png,114,217
sektion_13_11.png,113,217
sektion_13_110.png,127,165
sektion_13_111.png,113,217
sektion_13_112.png,113,218
sektion_13_113.png,113,218
sektion_13_114.png,112,218
sektion_13_115.png,112,219
sektion_13_116.png,111,219
sektion_13_117.png,111,219
sektion_13_118.png,114,218
sektion_13_119.png,119,217
sektion_13_12.png,121,216
sektion_13_120.png,126,147
sektion_13_121.png,123,214
sektion_13_122.png,126,213
sektion_13_123.png,133,211
sektion_13_124.png,145,206
sektion_13_125.png,158,199
sektion_13_126.png,165,196
sektion_13_127.png,160,199
sektion_13_128.png,144,207
sektion_13_129.png,136,208
sektion_13_13.png,133,205
sektion_13_130.png,129,131
sektion_13_131.png,139,189
sektion_13_132.png,151,175
sektion_13_133.png,148,169
sektion_13_134.png,146,175
sektion_13_135.png,143,194
sektion_13_136.png,135,209
sektion_13_137.png,130,210
sektion_13_138.png,121,214
sektion_13_139.png,114,216
sektion_13_14.png,110,213
sektion_13_140.png,127,132
sektion_13_141.png,109,205
sektion_13_142.png,110,199
sektion_13_143.png,111,193
sektion_13_144.png,111,188
sektion_13_145.png,110,195
sektion_13_146.png,111,194
sektion_13_147.png,112,191
sektion_13_148.png,111,193
sektion_13_149.png,111,195
sektion_13_15.png,111,195
sektion_13_150.png,126,135
sektion_13_151.png,111,195
sektion_13_152.png,111,199
sektion_13_153.png,109,205
sektion_13_154.png,108,211
sektion_13_155.png,108,214
sektion_13_156.png,111,216
sektion_13_157.png,113,217
sektion_13_158.png,113,217
sektion_13_159.png,112,217
sektion_13_16.png,111,216
sektion_13_160.png,126,144
sektion_13_161.png,113,215
sektion_13_162.png,116,214
sektion_13_163.png,121,210
sektion_13_164.png,130,206
sektion_13_165.png,125,205
sektion_13_166.png,136,178
sektion_13_167.png,148,164
sektion_13_168.png,152,170
sektion_13_169.png,157,171
sektion_13_17.png,154,174
sektion_13_170.png,129,158
sektion_13_171.png,144,175
sektion_13_172.png,130,181
sektion_13_173.png,132,186
sektion_13_174.png,125,181
sektion_13_175.png,135,181
sektion_13_176.png,133,160
sektion_13_177.png,125,107
sektion_13_178.png,127,92
sektion_13_179.png,130,87
sektion_13_18.png,132,79
sektion_13_180.png,133,171
sektion_13_181.png,131,99
sektion_13_182.png,133,124
sektion_13_183.png,134,129
sektion_13_184.png,135,134
sektion_13_185.png,136,139
sektion_13_186.png,136,141
sektion_13_187.png,137,142
sektion_13_188.png,140,143
sektion_13_189.png,139,146
sektion_13_19.png,139,149
sektion_13_190.png,137,179
sektion_13_191.png,140,152
sektion_13_192.png,139,151
sektion_13_193.png,139,143
sektion_13_194.png,136,136
sektion_13_195.png,136,139
sektion_13_196.png,139,145
sektion_13_197.png,143,146
sektion_13_198.png,146,144
sektion_13_199.png,145,145
sektion_13_2.png,137,150
sektion_13_20.png,196,180
sektion_13_200.png,139,180
sektion_13_201.png,134,147
sektion_13_202.png,141,158
sektion_13_203.png,138,179
sektion_13_204.png,140,181
sektion_13_205.png,143,176
sektion_13_206.png,125,196
sektion_13_207.png,120,200
sektion_13_208.png,125,191
sektion_13_209.png,141,165
sektion_13_21.png,156,152
sektion_13_210.png,139,179
sektion_13_211.png,153,166
sektion_13_212.png,151,164
sektion_13_213.png,149,158
sektion_13_214.png,150,145
sektion_13_215.png,149,143
sektion_13_216.png,147,142
sektion_13_217.png,145,144
sektion_13_218.png,147,147
sektion_13_219.png,149,143
sektion_13_22.png,148,145
sektion_13_220.png,134,180
sektion_13_221.png,148,146
sektion_13_222.png,152,145
sektion_13_223.png,150,153
sektion_13_224.png,144,172
sektion_13_225.png,142,179
sektion_13_226.png,144,180
sektion_13_227.png,144,180
sektion_13_228.png,144,182
sektion_13_229.png,141,180
sektion_13_23.png,141,178
sektion_13_230.png,133,178
sektion_13_231.png,139,181
sektion_13_232.png,136,182
sektion_13_233.png,133,186
sektion_13_234.png,128,187
sektion_13_235.png,122,188
sektion_13_236.png,118,186
sektion_13_237.png,115,183
sektion_13_238.png,114,182
sektion_13_239.png,118,181
sektion_13_24.png,119,182
sektion_13_240.png,130,179
sektion_13_241.png,119,182
sektion_13_242.png,121,182
sektion_13_243.png,122,182
sektion_13_244.png,125,180
sektion_13_245.png,126,180
sektion_13_246.png,127,181
sektion_13_247.png,126,181
sektion_13_248.png,129,179
sektion_13_249.png,132,176
sektion_13_25.png,134,176
sektion_13_250.png,126,188
sektion_13_251.png,134,174
sektion_13_252.png,134,172
sektion_13_253.png,135,172
sektion_13_254.png,137,172
sektion_13_255.png,143,169
sektion_13_256.png,145,170
sektion_13_257.png,146,175
sektion_13_258.png,148,174
sektion_13_259.png,149,171
sektion_13_26.png,150,173
sektion_13_260.png,127,200
sektion_13_261.png,147,179
sektion_13_262.png,143,190
sektion_13_263.png,137,198
sektion_13_264.png,130,204
sektion_13_265.png,123,206
sektion_13_266.png,121,198
sektion_13_267.png,119,200
sektion_13_268.png,119,202
sektion_13_269.png,125,195
sektion_13_27.png,130,191
sektion_13_270.png,127,204
sektion_13_271.png,130,196
sektion_13_272.png,134,193
sektion_13_273.png,139,184
sektion_13_274.png,139,182
sektion_13_275.png,139,185
sektion_13_276.png,141,188
sektion_13_277.png,142,187
sektion_13_278.png,143,187
sektion_13_279.png,145,188
sektion_13_28.png,146,187
sektion_13_280.png,126,205
sektion_13_281.png,144,180
sektion_13_282.png,139,165
sektion_13_283.png,133,154
sektion_13_284.png,131,148
sektion_13_285.png,127,147
sektion_13_286.png,120,150
sektion_13_287.png,122,150
sektion_13_288.png,120,160
sektion_13_289.png,113,187
sektion_13_29.png,109,206
sektion_13_290.png,124,206
sektion_13_291.png,109,210
sektion_13_292.png,111,212
sektion_13_293.png,111,214
sektion_13_294.png,110,214
sektion_13_295.png,109,214
sektion_13_296.png,109,214
sektion_13_297.png,109,214
sektion_13_298.png,108,214
sektion_13_299.png,109,212
sektion_13_3.png,111,206
sektion_13_30.png,197,181
sektion_13_300.png,119,207
sektion_13_301.png,112,198
sektion_13_302.png,113,189
sektion_13_303.png,116,178
sektion_13_304.png,119,169
sektion_13_305.png,121,167
sektion_13_306.png,124,163
sektion_13_307.png,128,151
sektion_13_308.png,132,145
sektion_13_309.png,134,148
sektion_13_31.png,138,151
sektion_13_310.png,119,209
sektion_13_311.png,145,149
sektion_13_312.png,148,150
sektion_13_313.png,149,151
sektion_13_314.png,149,148
sektion_13_315.png,148,152
sektion_13_316.png,147,155
sektion_13_317.png,146,158
sektion_13_318.png,147,156
sektion_13_319.png,147,154
sektion_13_32.png,146,154
sektion_13_320.png,120,210
sektion_13_321.png,145,156
sektion_13_322.png,145,158
sektion_13_323.png,142,160
sektion_13_324.png,141,160
sektion_13_325.png,141,161
sektion_13_326.png,139,163
sektion_13_327.png,137,165
sektion_13_328.png,134,169
sektion_13_329.png,132,170
sektion_13_33.png,130,171
sektion_13_330.png,119,211
sektion_13_331.png,130,170
sektion_13_332.png,130,167
sektion_13_333.png,129,159
sektion_13_334.png,129,155
sektion_13_335.png,131,150
sektion_13_336.png,128,149
sektion_13_337.png,125,153
sektion_13_338.png,123,157
sektion_13_339.png,123,157
sektion_13_34.png,123,156
sektion_13_340.png,117,213
sektion_13_341.png,125,154
sektion_13_342.png,124,156
sektion_13_343.png,117,161
sektion_13_344.png,110,164
sektion_13_345.png,102,166
sektion_13_346.png,98,165
sektion_13_347.png,95,163
sektion_13_348.png,95,159
sektion_13_349.png,96,155
sektion_13_35.png,97,152
sektion_13_350.png,116,214
sektion_13_351.png,97,152
sektion_13_352.png,97,154
sektion_13_353.png,100,156
sektion_13_354.png,103,158
sektion_13_355.png,106,159
sektion_13_356.png,109,160
sektion_13_357.png,114,160
sektion_13_358.png,122,158
sektion_13_359.png,129,158
sektion_13_36.png,136,157
sektion_13_360.png,115,214
sektion_13_361.png,142,159
sektion_13_362.png,144,158
sektion_13_363.png,147,157
sektion_13_364.png,149,156
sektion_13_365.png,147,156
sektion_13_366.png,145,155
sektion_13_367.png,144,155
sektion_13_368.png,143,156
sektion_13_369.png,142,156
sektion_13_37.png,134,160
sektion_13_370.png,114,215
sektion_13_371.png,131,160
sektion_13_372.png,133,158
sektion_13_373.png,137,156
sektion_13_374.png,145,154
sektion_13_375.png,151,150
sektion_13_376.png,149,142
sektion_13_377.png,139,133
sektion_13_378.png,132,128
sektion_13_379.png,134,129
sektion_13_38.png,141,138
sektion_13_380.png,115,214
sektion_13_381.png,145,145
sektion_13_382.png,144,151
sektion_13_383.png,141,153
sektion_13_384.png,143,153
sektion_13_385.png,147,152
sektion_13_386.png,148,150
sektion_13_387.png,140,147
sektion_13_388.png,131,148
sektion_13_389.png,124,151
sektion_13_39.png,115,151
sektion_13_390.png,115,214
sektion_13_391.png,106,152
sektion_13_392.png,105,152
sektion_13_393.png,111,149
sektion_13_394.png,116,147
sektion_13_395.png,121,144
sektion_13_396.png,126,142
sektion_13_397.png,133,139
sektion_13_398.png,134,132
sektion_13_399.png,136,132
sektion_13_4.png,131,132
sektion_13_40.png,194,177
sektion_13_400.png,115,214
sektion_13_401.png,129,132
sektion_13_402.png,129,132
sektion_13_403.png,129,131
sektion_13_404.png,131,131
sektion_13_405.png,131,131
sektion_13_406.png,131,132
sektion_13_407.png,128,133
sektion_13_408.png,129,134
sektion_13_409.png,137,131
sektion_13_41.png,134,130
sektion_13_410.png,117,214
sektion_13_411.png,130,130
sektion_13_412.png,135,132
sektion_13_413.png,152,138
sektion_13_414.png,165,148
sektion_13_415.png,167,153
sektion_13_416.png,163,152
sektion_13_417.png,163,153
sektion_13_418.png,158,152
sektion_13_419.png,142,145
sektion_13_42.png,125,141
sektion_13_420.png,116,213
sektion_13_421.png,113,139
sektion_13_422.png,106,137
sektion_13_423.png,105,136
sektion_13_424.png,107,135
sektion_13_425.png,110,133
sektion_13_426.png,113,134
sektion_13_427.png,116,133
sektion_13_428.png,120,129
sektion_13_429.png,124,126
sektion_13_43.png,129,124
sektion_13_430.png,116,211
sektion_13_431.png,135,125
sektion_13_432.png,140,129
sektion_13_433.png,146,131
sektion_13_434.png,150,133
sektion_13_435.png,151,135
sektion_13_436.png,154,137
sektion_13_437.png,155,140
sektion_13_438.png,156,144
sektion_13_439.png,156,146
sektion_13_44.png,156,145
sektion_13_440.png,121,207
sektion_13_441.png,157,143
sektion_13_442.png,155,141
sektion_13_443.png,152,140
sektion_13_444.png,150,142
sektion_13_445.png,148,137
sektion_13_446.png,148,136
sektion_13_447.png,147,133
sektion_13_448.png,143,136
sektion_13_449.png,143,135
sektion_13_45.png,141,137
sektion_13_450.png,128,200
sektion_13_451.png,137,139
sektion_13_452.png,137,139
sektion_13_453.png,136,138
sektion_13_454.png,133,140
sektion_13_455.png,131,143
sektion_13_456.png,132,144
sektion_13_457.png,131,147
sektion_13_458.png,127,149
sektion_13_459.png,122,152
sektion_13_46.png,120,153
sektion_13_460.png,138,194
sektion_13_461.png,121,152
sektion_13_462.png,123,150
sektion_13_463.png,126,149
sektion_13_464.png,131,143
sektion_13_465.png,138,136
sektion_13_466.png,138,132
sektion_13_467.png,136,130
sektion_13_468.png,132,129
sektion_13_469.png,132,129
sektion_13_47.png,130,130
sektion_13_470.png,143,190
sektion_13_471.png,132,130
sektion_13_472.png,132,129
sektion_13_473.png,130,129
sektion_13_474.png,132,129
sektion_13_475.png,134,129
sektion_13_476.png,132,130
sektion_13_477.png,132,130
sektion_13_478.png,134,130
sektion_13_479.png,136,130
sektion_13_48.png,136,130
sektion_13_480.png,144,189
sektion_13_481.png,136,131
sektion_13_482.png,136,131
sektion_13_483.png,134,131
sektion_13_484.png,136,131
sektion_13_485.png,136,130
sektion_13_486.png,134,131
sektion_13_487.png,136,130
sektion_13_49.png,134,131
sektion_13_5.png,143,188
sektion_13_50.png,186,173
sektion_13_51.png,146,185
sektion_13_52.png,148,183
sektion_13_53.png,149,181
sektion_13_54.png,150,180
sektion_13_55.png,151,178
sektion_13_56.png,152,177
sektion_13_57.png,152,177
sektion_13_58.png,151,178
sektion_13_59.png,150,178
sektion_13_6.png,150,179
sektion_13_60.png,178,176
sektion_13_61.png,149,178
sektion_13_62.png,151,176
sektion_13_63.png,151,173
sektion_13_64.png,151,174
sektion_13_65.png,150,174
sektion_13_66.png,150,174
sektion_13_67.png,151,173
sektion_13_68.png,151,172
sektion_13_69.png,152,170
sektion_13_7.png,159,170
sektion_13_70.png,169,184
sektion_13_71.png,161,168
sektion_13_72.png,162,161
sektion_13_73.png,161,154
sektion_13_74.png,162,151
sektion_13_75.png,162,154
sektion_13_76.png,162,159
sektion_13_77.png,162,164
sektion_13_78.png,162,167
sektion_13_79.png,160,169
sektion_13_8.png,159,169
sektion_13_80.png,160,191
sektion_13_81.png,159,167
sektion_13_82.png,160,162
sektion_13_83.png,160,161
sektion_13_84.png,160,158
sektion_13_85.png,160,155
sektion_13_86.png,160,151
sektion_13_87.png,161,149
sektion_13_88.png,160,148
sektion_13_89.png,160,148
sektion_13_9.png,160,149
sektion_13_90.png,147,193
sektion_13_91.png,158,148
sektion_13_92.png,158,146
sektion_13_93.png,159,148
sektion_13_94.png,159,154
sektion_13_95.png,157,162
sektion_13_96.png,148,174
sektion_13_97.png,137,192
sektion_13_98.png,123,206
sektion_13_99.png,118,210
sektion_14_0.png,116,213
sektion_14_1.png,191,179
sektion_14_10.png,192,178
sektion_14_100.png,127,156
sektion_14_101.png,114,214
sektion_14_102.png,115,214
sektion_14_103.png,116,214
sektion_14_104.png,116,214
sektion_14_105.png,116,215
sektion_14_106.png,115,216
sektion_14_107.png,114,216
sektion_14_108.png,114,217
sektion_14_109.png,113,217
sektion_14_11.png,113,217
sektion_14_110.png,127,135
sektion_14_111.png,113,218
sektion_14_112.png,113,218
sektion_14_113.png,113,218
sektion_14_114.png,113,218
sektion_14_115.png,112,219
sektion_14_116.png,111,220
sektion_14_117.png,110,220
sektion_14_118.png,112,219
sektion_14_119.png,116,218
sektion_14_12.png,118,218
sektion_14_120.png,126,131
sektion_14_121.png,119,217
sektion_14_122.png,121,216
sektion_14_123.png,127,214
sektion_14_124.png,137,208
sektion_14_125.png,147,203
sektion_14_126.png,147,205
sektion_14_127.png,145,206
sektion_14_128.png,135,211
sektion_14_129.png,126,215
sektion_14_13.png,122,216
sektion_14_130.png,126,140
sektion_14_131.png,123,214
sektion_14_132.png,124,212
sektion_14_133.png,123,210
sektion_14_134.png,122,207
sektion_14_135.png,123,210
sektion_14_136.png,123,215
sektion_14_137.png,119,216
sektion_14_138.png,113,217
sektion_14_139.png,112,209
sektion_14_14.png,111,204
sektion_14_140.png,124,144
sektion_14_141.png,109,203
sektion_14_142.png,109,199
sektion_14_143.png,109,195
sektion_14_144.png,110,195
sektion_14_145.png,110,194
sektion_14_146.png,110,191
sektion_14_147.png,111,189
sektion_14_148.png,111,191
sektion_14_149.png,110,194
sektion_14_15.png,111,196
sektion_14_150.png,120,153
sektion_14_151.png,111,199
sektion_14_152.png,110,204
sektion_14_153.png,108,211
sektion_14_154.png,108,214
sektion_14_155.png,108,216
sektion_14_156.png,109,218
sektion_14_157.png,112,217
sektion_14_158.png,113,217
sektion_14_159.png,112,217
sektion_14_16.png,113,216
sektion_14_160.png,119,166
sektion_14_161.png,117,214
sektion_14_162.png,122,210
sektion_14_163.png,124,206
sektion_14_164.png,121,207
sektion_14_165.png,127,191
sektion_14_166.png,146,153
sektion_14_167.png,150,147
sektion_14_168.png,150,155
sektion_14_169.png,152,155
sektion_14_17.png,152,160
sektion_14_170.png,120,180
sektion_14_171.png,145,167
sektion_14_172.png,136,176
sektion_14_173.png,133,185
sektion_14_174.png,128,181
sektion_14_175.png,131,176
sektion_14_176.png,126,139
sektion_14_177.png,127,97
sektion_14_178.png,128,88
sektion_14_179.png,127,89
sektion_14_18.png,125,94
sektion_14_180.png,123,189
sektion_14_181.png,125,117
sektion_14_182.png,130,136
sektion_14_183.png,134,138
sektion_14_184.png,135,141
sektion_14_185.png,136,144
sektion_14_186.png,138,142
sektion_14_187.png,138,142
sektion_14_188.png,141,141
sektion_14_189.png,141,141
sektion_14_19.png,139,144
sektion_14_190.png,125,191
sektion_14_191.png,140,143
sektion_14_192.png,139,138
sektion_14_193.png,140,136
sektion_14_194.png,142,138
sektion_14_195.png,142,144
sektion_14_196.png,142,148
sektion_14_197.png,144,146
sektion_14_198.png,143,143
sektion_14_199.png,143,144
sektion_14_2.png,138,149
sektion_14_20.png,193,178
sektion_14_200.png,125,188
sektion_14_201.png,145,147
sektion_14_202.png,138,165
sektion_14_203.png,130,185
sektion_14_204.png,138,178
sektion_14_205.png,137,169
sektion_14_206.png,126,194
sektion_14_207.png,123,197
sektion_14_208.png,126,190
sektion_14_209.png,142,170
sektion_14_21.png,152,151
sektion_14_210.png,125,184
sektion_14_211.png,150,160
sektion_14_212.png,148,160
sektion_14_213.png,147,155
sektion_14_214.png,146,151
sektion_14_215.png,145,147
sektion_14_216.png,146,143
sektion_14_217.png,147,139
sektion_14_218.png,146,147
sektion_14_219.png,147,150
sektion_14_22.png,147,148
sektion_14_220.png,127,185
sektion_14_221.png,146,152
sektion_14_222.png,147,155
sektion_14_223.png,148,159
sektion_14_224.png,150,161
sektion_14_225.png,147,169
sektion_14_226.png,142,178
sektion_14_227.png,141,182
sektion_14_228.png,142,182
sektion_14_229.png,142,182
sektion_14_23.png,143,182
sektion_14_230.png,126,190
sektion_14_231.png,144,179
sektion_14_232.png,144,179
sektion_14_233.png,142,180
sektion_14_234.png,140,181
sektion_14_235.png,136,183
sektion_14_236.png,133,185
sektion_14_237.png,132,187
sektion_14_238.png,130,186
sektion_14_239.png,125,185
sektion_14_24.png,125,185
sektion_14_240.png,124,196
sektion_14_241.png,127,184
sektion_14_242.png,129,183
sektion_14_243.png,129,182
sektion_14_244.png,129,181
sektion_14_245.png,129,181
sektion_14_246.png,129,181
sektion_14_247.png,127,182
sektion_14_248.png,131,179
sektion_14_249.png,134,176
sektion_14_25.png,136,176
sektion_14_250.png,126,200
sektion_14_251.png,136,174
sektion_14_252.png,138,173
sektion_14_253.png,138,172
sektion_14_254.png,141,170
sektion_14_255.png,146,169
sektion_14_256.png,149,167
sektion_14_257.png,150,170
sektion_14_258.png,149,171
sektion_14_259.png,151,170
sektion_14_26.png,150,174
sektion_14_260.png,129,200
sektion_14_261.png,146,184
sektion_14_262.png,142,194
sektion_14_263.png,137,198
sektion_14_264.png,128,203
sektion_14_265.png,121,200
sektion_14_266.png,120,185
sektion_14_267.png,120,183
sektion_14_268.png,119,191
sektion_14_269.png,123,192
sektion_14_27.png,128,191
sektion_14_270.png,131,201
sektion_14_271.png,132,191
sektion_14_272.png,135,185
sektion_14_273.png,137,175
sektion_14_274.png,135,176
sektion_14_275.png,131,182
sektion_14_276.png,138,179
sektion_14_277.png,143,179
sektion_14_278.png,141,183
sektion_14_279.png,136,182
sektion_14_28.png,132,166
sektion_14_280.png,130,203
sektion_14_281.png,131,141
sektion_14_282.png,129,128
sektion_14_283.png,126,126
sektion_14_284.png,126,124
sektion_14_285.png,127,122
sektion_14_286.png,125,127
sektion_14_287.png,125,143
sektion_14_288.png,118,181
sektion_14_289.png,114,209
sektion_14_29.png,111,212
sektion_14_290.png,125,205
sektion_14_291.png,109,213
sektion_14_292.png,109,213
sektion_14_293.png,110,213
sektion_14_294.png,110,214
sektion_14_295.png,109,214
sektion_14_296.png,110,214
sektion_14_297.png,110,213
sektion_14_298.png,110,212
sektion_14_299.png,112,207
sektion_14_3.png,114,192
sektion_14_30.png,193,175
sektion_14_300.png,121,205
sektion_14_301.png,117,173
sektion_14_302.png,119,157
sektion_14_303.png,123,141
sektion_14_304.png,124,136
sektion_14_305.png,124,135
sektion_14_306.png,125,130
sektion_14_307.png,126,127
sektion_14_308.png,126,128
sektion_14_309.png,126,133
sektion_14_31.png,129,141
sektion_14_310.png,118,209
sektion_14_311.png,134,152
sektion_14_312.png,143,158
sektion_14_313.png,147,156
sektion_14_314.png,146,154
sektion_14_315.png,146,155
sektion_14_316.png,144,158
sektion_14_317.png,144,160
sektion_14_318.png,144,158
sektion_14_319.png,145,155
sektion_14_32.png,146,154
sektion_14_320.png,119,210
sektion_14_321.png,143,155
sektion_14_322.png,142,159
sektion_14_323.png,140,161
sektion_14_324.png,139,162
sektion_14_325.png,139,162
sektion_14_326.png,138,163
sektion_14_327.png,137,165
sektion_14_328.png,134,167
sektion_14_329.png,130,170
sektion_14_33.png,127,172
sektion_14_330.png,119,211
sektion_14_331.png,126,173
sektion_14_332.png,127,170
sektion_14_333.png,132,163
sektion_14_334.png,132,161
sektion_14_335.png,132,155
sektion_14_336.png,129,154
sektion_14_337.png,127,156
sektion_14_338.png,126,158
sektion_14_339.png,124,159
sektion_14_34.png,126,158
sektion_14_340.png,118,213
sektion_14_341.png,124,156
sektion_14_342.png,121,154
sektion_14_343.png,123,155
sektion_14_344.png,125,157
sektion_14_345.png,122,161
sektion_14_346.png,114,165
sektion_14_347.png,106,166
sektion_14_348.png,102,164
sektion_14_349.png,99,162
sektion_14_35.png,100,160
sektion_14_350.png,119,213
sektion_14_351.png,99,158
sektion_14_352.png,99,157
sektion_14_353.png,100,157
sektion_14_354.png,101,157
sektion_14_355.png,101,158
sektion_14_356.png,102,159
sektion_14_357.png,105,159
sektion_14_358.png,109,159
sektion_14_359.png,114,159
sektion_14_36.png,117,157
sektion_14_360.png,118,214
sektion_14_361.png,121,154
sektion_14_362.png,127,155
sektion_14_363.png,134,157
sektion_14_364.png,139,158
sektion_14_365.png,141,159
sektion_14_366.png,139,161
sektion_14_367.png,135,160
sektion_14_368.png,129,161
sektion_14_369.png,128,161
sektion_14_37.png,127,156
sektion_14_370.png,117,214
sektion_14_371.png,130,153
sektion_14_372.png,134,148
sektion_14_373.png,140,144
sektion_14_374.png,145,141
sektion_14_375.png,148,138
sektion_14_376.png,141,132
sektion_14_377.png,134,131
sektion_14_378.png,130,128
sektion_14_379.png,134,132
sektion_14_38.png,140,144
sektion_14_380.png,117,214
sektion_14_381.png,138,147
sektion_14_382.png,136,151
sektion_14_383.png,132,152
sektion_14_384.png,133,152
sektion_14_385.png,138,150
sektion_14_386.png,140,149
sektion_14_387.png,135,149
sektion_14_388.png,131,148
sektion_14_389.png,130,151
sektion_14_39.png,123,150
sektion_14_390.png,116,214
sektion_14_391.png,115,150
sektion_14_392.png,108,151
sektion_14_393.png,106,150
sektion_14_394.png,110,148
sektion_14_395.png,117,146
sektion_14_396.png,123,143
sektion_14_397.png,125,143
sektion_14_398.png,133,138
sektion_14_399.png,134,133
sektion_14_4.png,136,135
sektion_14_40.png,191,175
sektion_14_400.png,116,213
sektion_14_401.png,135,132
sektion_14_402.png,132,130
sektion_14_403.png,129,130
sektion_14_404.png,127,131
sektion_14_405.png,128,132
sektion_14_406.png,130,133
sektion_14_407.png,131,133
sektion_14_408.png,130,132
sektion_14_409.png,135,131
sektion_14_41.png,137,130
sektion_14_410.png,118,213
sektion_14_411.png,132,130
sektion_14_412.png,130,132
sektion_14_413.png,134,134
sektion_14_414.png,148,139
sektion_14_415.png,160,147
sektion_14_416.png,166,151
sektion_14_417.png,164,150
sektion_14_418.png,162,150
sektion_14_419.png,159,147
sektion_14_42.png,146,141
sektion_14_420.png,120,210
sektion_14_421.png,129,138
sektion_14_422.png,115,138
sektion_14_423.png,108,137
sektion_14_424.png,107,135
sektion_14_425.png,109,133
sektion_14_426.png,112,133
sektion_14_427.png,114,134
sektion_14_428.png,117,131
sektion_14_429.png,121,129
sektion_14_43.png,125,129
sektion_14_430.png,124,205
sektion_14_431.png,130,130
sektion_14_432.png,135,131
sektion_14_433.png,139,132
sektion_14_434.png,143,132
sektion_14_435.png,146,133
sektion_14_436.png,150,137
sektion_14_437.png,152,139
sektion_14_438.png,153,141
sektion_14_439.png,153,143
sektion_14_44.png,155,141
sektion_14_440.png,130,198
sektion_14_441.png,154,140
sektion_14_442.png,151,139
sektion_14_443.png,149,137
sektion_14_444.png,149,135
sektion_14_445.png,149,135
sektion_14_446.png,148,134
sektion_14_447.png,147,135
sektion_14_448.png,143,134
sektion_14_449.png,141,136
sektion_14_45.png,138,139
sektion_14_450.png,137,193
sektion_14_451.png,134,142
sektion_14_452.png,133,144
sektion_14_453.png,129,145
sektion_14_454.png,131,143
sektion_14_455.png,132,143
sektion_14_456.png,133,145
sektion_14_457.png,131,146
sektion_14_458.png,128,150
sektion_14_459.png,124,152
sektion_14_46.png,122,154
sektion_14_460.png,143,190
sektion_14_461.png,120,153
sektion_14_462.png,123,151
sektion_14_463.png,124,150
sektion_14_464.png,129,142
sektion_14_465.png,136,137
sektion_14_466.png,138,132
sektion_14_467.png,132,130
sektion_14_468.png,132,128
sektion_14_469.png,130,129
sektion_14_47.png,132,129
sektion_14_470.png,145,188
sektion_14_471.png,130,129
sektion_14_472.png,130,128
sektion_14_473.png,130,128
sektion_14_474.png,130,128
sektion_14_475.png,132,128
sektion_14_476.png,130,129
sektion_14_477.png,132,129
sektion_14_478.png,130,130
sektion_14_479.png,132,130
sektion_14_48.png,132,130
sektion_14_480.png,146,185
sektion_14_481.png,132,130
sektion_14_482.png,132,130
sektion_14_483.png,134,130
sektion_14_484.png,134,130
sektion_14_485.png,132,130
sektion_14_486.png,132,130
sektion_14_487.png,134,130
sektion_14_49.png,132,130
sektion_14_5.png,146,183
sektion_14_50.png,190,175
sektion_14_51.png,148,181
sektion_14_52.png,150,179
sektion_14_53.png,150,179
sektion_14_54.png,150,178
sektion_14_55.png,150,178
sektion_14_56.png,151,177
sektion_14_57.png,151,177
sektion_14_58.png,150,177
sektion_14_59.png,150,177
sektion_14_6.png,150,176
sektion_14_60.png,184,177
sektion_14_61.png,150,174
sektion_14_62.png,151,172
sektion_14_63.png,152,173
sektion_14_64.png,152,173
sektion_14_65.png,153,171
sektion_14_66.png,154,170
sektion_14_67.png,153,171
sektion_14_68.png,152,170
sektion_14_69.png,153,171
sektion_14_7.png,151,169
sektion_14_70.png,169,185
sektion_14_71.png,154,167
sektion_14_72.png,157,166
sektion_14_73.png,160,165
sektion_14_74.png,161,165
sektion_14_75.png,161,167
sektion_14_76.png,161,168
sektion_14_77.png,161,167
sektion_14_78.png,160,166
sektion_14_79.png,161,167
sektion_14_8.png,162,166
sektion_14_80.png,149,192
sektion_14_81.png,161,163
sektion_14_82.png,158,160
sektion_14_83.png,158,156
sektion_14_84.png,157,154
sektion_14_85.png,158,152
sektion_14_86.png,160,150
sektion_14_87.png,161,149
sektion_14_88.png,161,148
sektion_14_89.png,160,147
sektion_14_9.png,159,147
sektion_14_90.png,133,183
sektion_14_91.png,159,147
sektion_14_92.png,158,147
sektion_14_93.png,158,150
sektion_14_94.png,160,155
sektion_14_95.png,160,160
sektion_14_96.png,154,170
sektion_14_97.png,146,183
sektion_14_98.png,127,201
sektion_14_99.png,120,208
sektion_15_0.png,116,212
sektion_15_1.png,190,178
sektion_15_10.png,191,177
sektion_15_100.png,125,145
sektion_15_101.png,113,214
sektion_15_102.png,115,214
sektion_15_103.png,116,213
sektion_15_104.png,117,213
sektion_15_105.png,116,215
sektion_15_106.png,116,215
sektion_15_107.png,115,216
sektion_15_108.png,115,217
sektion_15_109.png,114,217
sektion_15_11.png,113,218
sektion_15_110.png,127,143
sektion_15_111.png,113,218
sektion_15_112.png,113,218
sektion_15_113.png,113,218
sektion_15_114.png,112,218
sektion_15_115.png,112,218
sektion_15_116.png,112,219
sektion_15_117.png,110,220
sektion_15_118.png,111,219
sektion_15_119.png,113,219
sektion_15_12.png,114,219
sektion_15_120.png,126,158
sektion_15_121.png,114,218
sektion_15_122.png,116,218
sektion_15_123.png,120,216
sektion_15_124.png,125,214
sektion_15_125.png,131,212
sektion_15_126.png,132,211
sektion_15_127.png,130,211
sektion_15_128.png,127,213
sektion_15_129.png,123,214
sektion_15_13.png,122,214
sektion_15_130.png,123,171
sektion_15_131.png,122,215
sektion_15_132.png,119,217
sektion_15_133.png,118,217
sektion_15_134.png,117,217
sektion_15_135.png,114,218
sektion_15_136.png,113,216
sektion_15_137.png,113,214
sektion_15_138.png,111,210
sektion_15_139.png,110,207
sektion_15_14.png,107,207
sektion_15_140.png,122,175
sektion_15_141.png,107,205
sektion_15_142.png,108,198
sektion_15_143.png,110,195
sektion_15_144.png,110,197
sektion_15_145.png,110,193
sektion_15_146.png,111,189
sektion_15_147.png,111,187
sektion_15_148.png,111,190
sektion_15_149.png,110,195
sektion_15_15.png,111,198
sektion_15_150.png,121,183
sektion_15_151.png,110,202
sektion_15_152.png,109,209
sektion_15_153.png,108,215
sektion_15_154.png,109,217
sektion_15_155.png,109,218
sektion_15_156.png,109,219
sektion_15_157.png,111,218
sektion_15_158.png,113,217
sektion_15_159.png,114,216
sektion_15_16.png,117,214
sektion_15_160.png,121,192
sektion_15_161.png,122,210
sektion_15_162.png,126,206
sektion_15_163.png,122,208
sektion_15_164.png,117,202
sektion_15_165.png,136,166
sektion_15_166.png,149,139
sektion_15_167.png,148,139
sektion_15_168.png,146,133
sektion_15_169.png,143,133
sektion_15_17.png,143,133
sektion_15_170.png,121,200
sektion_15_171.png,146,136
sektion_15_172.png,141,156
sektion_15_173.png,136,175
sektion_15_174.png,132,178
sektion_15_175.png,129,167
sektion_15_176.png,122,124
sektion_15_177.png,125,92
sektion_15_178.png,126,88
sektion_15_179.png,127,89
sektion_15_18.png,128,100
sektion_15_180.png,123,202
sektion_15_181.png,133,119
sektion_15_182.png,136,135
sektion_15_183.png,139,145
sektion_15_184.png,137,146
sektion_15_185.png,137,146
sektion_15_186.png,139,146
sektion_15_187.png,143,142
sektion_15_188.png,143,142
sektion_15_189.png,140,141
sektion_15_19.png,140,140
sektion_15_190.png,122,201
sektion_15_191.png,138,139
sektion_15_192.png,135,141
sektion_15_193.png,138,142
sektion_15_194.png,141,146
sektion_15_195.png,142,148
sektion_15_196.png,142,146
sektion_15_197.png,142,141
sektion_15_198.png,143,141
sektion_15_199.png,144,143
sektion_15_2.png,146,147
sektion_15_20.png,192,176
sektion_15_200.png,121,196
sektion_15_201.png,144,155
sektion_15_202.png,137,177
sektion_15_203.png,123,181
sektion_15_204.png,129,162
sektion_15_205.png,137,168
sektion_15_206.png,123,187
sektion_15_207.png,121,194
sektion_15_208.png,127,197
sektion_15_209.png,138,172
sektion_15_21.png,149,149
sektion_15_210.png,121,191
sektion_15_211.png,146,155
sektion_15_212.png,145,153
sektion_15_213.png,143,153
sektion_15_214.png,142,155
sektion_15_215.png,144,148
sektion_15_216.png,145,139
sektion_15_217.png,147,136
sektion_15_218.png,145,143
sektion_15_219.png,141,154
sektion_15_22.png,147,153
sektion_15_220.png,125,191
sektion_15_221.png,144,160
sektion_15_222.png,144,165
sektion_15_223.png,147,165
sektion_15_224.png,150,163
sektion_15_225.png,149,169
sektion_15_226.png,145,176
sektion_15_227.png,143,180
sektion_15_228.png,143,180
sektion_15_229.png,143,180
sektion_15_23.png,143,180
sektion_15_230.png,125,198
sektion_15_231.png,142,180
sektion_15_232.png,143,178
sektion_15_233.png,143,175
sektion_15_234.png,145,171
sektion_15_235.png,146,170
sektion_15_236.png,145,173
sektion_15_237.png,143,176
sektion_15_238.png,140,178
sektion_15_239.png,135,181
sektion_15_24.png,136,180
sektion_15_240.png,126,204
sektion_15_241.png,136,181
sektion_15_242.png,135,182
sektion_15_243.png,134,182
sektion_15_244.png,131,183
sektion_15_245.png,130,183
sektion_15_246.png,128,183
sektion_15_247.png,127,182
sektion_15_248.png,132,179
sektion_15_249.png,137,176
sektion_15_25.png,139,174
sektion_15_250.png,130,203
sektion_15_251.png,141,172
sektion_15_252.png,144,170
sektion_15_253.png,144,169
sektion_15_254.png,146,169
sektion_15_255.png,146,170
sektion_15_256.png,148,172
sektion_15_257.png,149,172
sektion_15_258.png,148,173
sektion_15_259.png,149,173
sektion_15_26.png,148,180
sektion_15_260.png,137,200
sektion_15_261.png,144,189
sektion_15_262.png,142,195
sektion_15_263.png,137,198
sektion_15_264.png,128,204
sektion_15_265.png,121,195
sektion_15_266.png,120,177
sektion_15_267.png,121,177
sektion_15_268.png,121,184
sektion_15_269.png,126,185
sektion_15_27.png,131,186
sektion_15_270.png,142,198
sektion_15_271.png,134,189
sektion_15_272.png,135,186
sektion_15_273.png,135,180
sektion_15_274.png,132,179
sektion_15_275.png,130,177
sektion_15_276.png,131,174
sektion_15_277.png,133,174
sektion_15_278.png,131,165
sektion_15_279.png,127,143
sektion_15_28.png,126,126
sektion_15_280.png,140,200
sektion_15_281.png,124,123
sektion_15_282.png,125,127
sektion_15_283.png,126,129
sektion_15_284.png,121,129
sektion_15_285.png,119,132
sektion_15_286.png,116,161
sektion_15_287.png,109,197
sektion_15_288.png,110,210
sektion_15_289.png,112,213
sektion_15_29.png,112,214
sektion_15_290.png,134,203
sektion_15_291.png,109,214
sektion_15_292.png,107,214
sektion_15_293.png,108,214
sektion_15_294.png,108,214
sektion_15_295.png,109,214
sektion_15_296.png,112,213
sektion_15_297.png,115,211
sektion_15_298.png,119,209
sektion_15_299.png,121,203
sektion_15_3.png,126,187
sektion_15_30.png,192,170
sektion_15_300.png,128,204
sektion_15_301.png,127,172
sektion_15_302.png,127,161
sektion_15_303.png,128,149
sektion_15_304.png,126,149
sektion_15_305.png,124,149
sektion_15_306.png,124,142
sektion_15_307.png,121,142
sektion_15_308.png,120,140
sektion_15_309.png,125,133
sektion_15_31.png,130,135
sektion_15_310.png,122,208
sektion_15_311.png,133,148
sektion_15_312.png,140,157
sektion_15_313.png,146,158
sektion_15_314.png,143,159
sektion_15_315.png,143,161
sektion_15_316.png,142,162
sektion_15_317.png,142,160
sektion_15_318.png,143,158
sektion_15_319.png,145,154
sektion_15_32.png,145,152
sektion_15_320.png,118,210
sektion_15_321.png,143,155
sektion_15_322.png,142,158
sektion_15_323.png,141,162
sektion_15_324.png,140,164
sektion_15_325.png,140,165
sektion_15_326.png,139,166
sektion_15_327.png,138,166
sektion_15_328.png,137,165
sektion_15_329.png,134,168
sektion_15_33.png,129,172
sektion_15_330.png,118,211
sektion_15_331.png,127,175
sektion_15_332.png,127,173
sektion_15_333.png,129,166
sektion_15_334.png,130,164
sektion_15_335.png,130,161
sektion_15_336.png,130,159
sektion_15_337.png,127,160
sektion_15_338.png,126,162
sektion_15_339.png,126,163
sektion_15_34.png,126,163
sektion_15_340.png,120,212
sektion_15_341.png,126,162
sektion_15_342.png,125,160
sektion_15_343.png,125,159
sektion_15_344.png,125,159
sektion_15_345.png,128,159
sektion_15_346.png,131,158
sektion_15_347.png,129,161
sektion_15_348.png,123,163
sektion_15_349.png,115,165
sektion_15_35.png,109,167
sektion_15_350.png,120,212
sektion_15_351.png,104,161
sektion_15_352.png,102,157
sektion_15_353.png,101,156
sektion_15_354.png,100,156
sektion_15_355.png,98,156
sektion_15_356.png,99,156
sektion_15_357.png,99,156
sektion_15_358.png,101,157
sektion_15_359.png,104,157
sektion_15_36.png,106,157
sektion_15_360.png,121,213
sektion_15_361.png,110,159
sektion_15_362.png,110,160
sektion_15_363.png,110,160
sektion_15_364.png,114,161
sektion_15_365.png,117,160
sektion_15_366.png,121,159
sektion_15_367.png,122,157
sektion_15_368.png,119,156
sektion_15_369.png,117,154
sektion_15_37.png,122,151
sektion_15_370.png,120,213
sektion_15_371.png,128,147
sektion_15_372.png,137,139
sektion_15_373.png,143,133
sektion_15_374.png,146,129
sektion_15_375.png,144,129
sektion_15_376.png,138,129
sektion_15_377.png,132,130
sektion_15_378.png,132,130
sektion_15_379.png,137,133
sektion_15_38.png,134,140
sektion_15_380.png,120,213
sektion_15_381.png,130,141
sektion_15_382.png,126,144
sektion_15_383.png,123,145
sektion_15_384.png,124,146
sektion_15_385.png,128,146
sektion_15_386.png,133,147
sektion_15_387.png,133,149
sektion_15_388.png,134,149
sektion_15_389.png,137,148
sektion_15_39.png,134,148
sektion_15_390.png,119,213
sektion_15_391.png,124,149
sektion_15_392.png,110,151
sektion_15_393.png,102,152
sektion_15_394.png,103,151
sektion_15_395.png,110,148
sektion_15_396.png,116,145
sektion_15_397.png,116,145
sektion_15_398.png,124,140
sektion_15_399.png,133,138
sektion_15_4.png,134,133
sektion_15_40.png,190,171
sektion_15_400.png,118,213
sektion_15_401.png,139,132
sektion_15_402.png,134,130
sektion_15_403.png,129,128
sektion_15_404.png,126,128
sektion_15_405.png,127,130
sektion_15_406.png,132,130
sektion_15_407.png,133,131
sektion_15_408.png,132,130
sektion_15_409.png,132,130
sektion_15_41.png,135,129
sektion_15_410.png,120,211
sektion_15_411.png,136,128
sektion_15_412.png,132,129
sektion_15_413.png,128,131
sektion_15_414.png,132,133
sektion_15_415.png,148,137
sektion_15_416.png,160,143
sektion_15_417.png,162,147
sektion_15_418.png,162,147
sektion_15_419.png,162,148
sektion_15_42.png,158,147
sektion_15_420.png,125,205
sektion_15_421.png,147,143
sektion_15_422.png,131,140
sektion_15_423.png,119,138
sektion_15_424.png,113,136
sektion_15_425.png,109,134
sektion_15_426.png,109,135
sektion_15_427.png,110,135
sektion_15_428.png,113,133
sektion_15_429.png,117,132
sektion_15_43.png,120,133
sektion_15_430.png,133,197
sektion_15_431.png,125,134
sektion_15_432.png,132,134
sektion_15_433.png,138,133
sektion_15_434.png,142,131
sektion_15_435.png,146,132
sektion_15_436.png,147,139
sektion_15_437.png,148,137
sektion_15_438.png,153,139
sektion_15_439.png,152,140
sektion_15_44.png,151,141
sektion_15_440.png,141,191
sektion_15_441.png,151,140
sektion_15_442.png,148,139
sektion_15_443.png,146,137
sektion_15_444.png,143,136
sektion_15_445.png,147,136
sektion_15_446.png,145,136
sektion_15_447.png,145,136
sektion_15_448.png,140,139
sektion_15_449.png,138,142
sektion_15_45.png,132,144
sektion_15_450.png,146,188
sektion_15_451.png,130,146
sektion_15_452.png,127,149
sektion_15_453.png,123,150
sektion_15_454.png,127,147
sektion_15_455.png,132,145
sektion_15_456.png,132,145
sektion_15_457.png,133,146
sektion_15_458.png,131,147
sektion_15_459.png,126,150
sektion_15_46.png,122,152
sektion_15_460.png,148,187
sektion_15_461.png,121,153
sektion_15_462.png,123,151
sektion_15_463.png,125,150
sektion_15_464.png,129,142
sektion_15_465.png,137,136
sektion_15_466.png,138,132
sektion_15_467.png,134,129
sektion_15_468.png,130,128
sektion_15_469.png,128,129
sektion_15_47.png,130,129
sektion_15_470.png,148,185
sektion_15_471.png,130,128
sektion_15_472.png,130,128
sektion_15_473.png,130,127
sektion_15_474.png,128,128
sektion_15_475.png,128,128
sektion_15_476.png,128,128
sektion_15_477.png,128,128
sektion_15_478.png,128,129
sektion_15_479.png,130,128
sektion_15_48.png,130,129
sektion_15_480.png,148,182
sektion_15_481.png,130,129
sektion_15_482.png,132,128
sektion_15_483.png,130,130
sektion_15_484.png,130,130
sektion_15_485.png,132,129
sektion_15_486.png,132,129
sektion_15_487.png,130,130
sektion_15_49.png,130,130
sektion_15_5.png,148,179
sektion_15_50.png,188,175
sektion_15_51.png,149,179
sektion_15_52.png,149,179
sektion_15_53.png,149,179
sektion_15_54.png,149,178
sektion_15_55.png,149,178
sektion_15_56.png,149,177
sektion_15_57.png,150,176
sektion_15_58.png,150,175
sektion_15_59.png,151,175
sektion_15_6.png,150,173
sektion_15_60.png,186,174
sektion_15_61.png,147,171
sektion_15_62.png,150,170
sektion_15_63.png,152,170
sektion_15_64.png,154,173
sektion_15_65.png,154,175
sektion_15_66.png,154,177
sektion_15_67.png,153,180
sektion_15_68.png,153,180
sektion_15_69.png,153,179
sektion_15_7.png,156,176
sektion_15_70.png,174,179
sektion_15_71.png,156,172
sektion_15_72.png,155,166
sektion_15_73.png,153,164
sektion_15_74.png,152,163
sektion_15_75.png,152,164
sektion_15_76.png,155,168
sektion_15_77.png,159,170
sektion_15_78.png,162,172
sektion_15_79.png,163,170
sektion_15_8.png,163,167
sektion_15_80.png,149,181
sektion_15_81.png,162,166
sektion_15_82.png,161,164
sektion_15_83.png,161,161
sektion_15_84.png,161,157
sektion_15_85.png,160,152
sektion_15_86.png,160,148
sektion_15_87.png,161,145
sektion_15_88.png,161,143
sektion_15_89.png,159,145
sektion_15_9.png,157,145
sektion_15_90.png,129,166
sektion_15_91.png,157,144
sektion_15_92.png,156,146
sektion_15_93.png,158,151
sektion_15_94.png,160,157
sektion_15_95.png,160,160
sektion_15_96.png,157,168
sektion_15_97.png,152,177
sektion_15_98.png,133,191
sektion_15_99.png,123,205
sektion_16_0.png,117,211
sektion_16_1.png,189,177
sektion_16_10.png,191,177
sektion_16_100.png,117,157
sektion_16_101.png,115,212
sektion_16_102.png,114,214
sektion_16_103.png,116,214
sektion_16_104.png,117,213
sektion_16_105.png,116,214
sektion_16_106.png,116,216
sektion_16_107.png,115,216
sektion_16_108.png,115,217
sektion_16_109.png,114,217
sektion_16_11.png,113,218
sektion_16_110.png,121,163
sektion_16_111.png,113,218
sektion_16_112.png,112,218
sektion_16_113.png,112,218
sektion_16_114.png,112,219
sektion_16_115.png,113,219
sektion_16_116.png,113,219
sektion_16_117.png,111,219
sektion_16_118.png,111,220
sektion_16_119.png,111,219
sektion_16_12.png,111,219
sektion_16_120.png,125,181
sektion_16_121.png,112,219
sektion_16_122.png,112,219
sektion_16_123.png,114,218
sektion_16_124.png,116,218
sektion_16_125.png,118,218
sektion_16_126.png,119,217
sektion_16_127.png,120,216
sektion_16_128.png,119,216
sektion_16_129.png,118,217
sektion_16_13.png,116,218
sektion_16_130.png,122,194
sektion_16_131.png,115,218
sektion_16_132.png,113,218
sektion_16_133.png,114,216
sektion_16_134.png,115,212
sektion_16_135.png,112,212
sektion_16_136.png,110,212
sektion_16_137.png,110,210
sektion_16_138.png,108,211
sektion_16_139.png,107,210
sektion_16_14.png,109,202
sektion_16_140.png,123,195
sektion_16_141.png,110,194
sektion_16_142.png,110,194
sektion_16_143.png,110,196
sektion_16_144.png,111,195
sektion_16_145.png,110,192
sektion_16_146.png,111,190
sektion_16_147.png,111,189
sektion_16_148.png,111,193
sektion_16_149.png,110,199
sektion_16_15.png,110,203
sektion_16_150.png,123,197
sektion_16_151.png,110,207
sektion_16_152.png,109,213
sektion_16_153.png,108,217
sektion_16_154.png,109,219
sektion_16_155.png,110,219
sektion_16_156.png,110,218
sektion_16_157.png,112,217
sektion_16_158.png,114,216
sektion_16_159.png,118,215
sektion_16_16.png,122,211
sektion_16_160.png,125,200
sektion_16_161.png,124,206
sektion_16_162.png,123,208
sektion_16_163.png,122,207
sektion_16_164.png,132,181
sektion_16_165.png,150,144
sektion_16_166.png,153,139
sektion_16_167.png,149,139
sektion_16_168.png,143,136
sektion_16_169.png,138,134
sektion_16_17.png,139,131
sektion_16_170.png,125,203
sektion_16_171.png,141,130
sektion_16_172.png,143,138
sektion_16_173.png,142,160
sektion_16_174.png,138,166
sektion_16_175.png,135,152
sektion_16_176.png,128,109
sektion_16_177.png,132,81
sektion_16_178.png,129,82
sektion_16_179.png,126,89
sektion_16_18.png,129,107
sektion_16_180.png,125,204
sektion_16_181.png,137,131
sektion_16_182.png,139,142
sektion_16_183.png,142,147
sektion_16_184.png,141,147
sektion_16_185.png,140,146
sektion_16_186.png,142,147
sektion_16_187.png,143,147
sektion_16_188.png,144,147
sektion_16_189.png,142,146
sektion_16_19.png,139,144
sektion_16_190.png,124,202
sektion_16_191.png,137,143
sektion_16_192.png,137,142
sektion_16_193.png,137,144
sektion_16_194.png,137,145
sektion_16_195.png,139,142
sektion_16_196.png,139,140
sektion_16_197.png,139,143
sektion_16_198.png,141,147
sektion_16_199.png,145,150
sektion_16_2.png,150,152
sektion_16_20.png,193,176
sektion_16_200.png,122,199
sektion_16_201.png,140,160
sektion_16_202.png,129,154
sektion_16_203.png,134,125
sektion_16_204.png,132,137
sektion_16_205.png,128,181
sektion_16_206.png,126,190
sektion_16_207.png,119,190
sektion_16_208.png,131,184
sektion_16_209.png,149,162
sektion_16_21.png,144,152
sektion_16_210.png,122,196
sektion_16_211.png,144,150
sektion_16_212.png,144,150
sektion_16_213.png,144,152
sektion_16_214.png,142,153
sektion_16_215.png,144,151
sektion_16_216.png,147,141
sektion_16_217.png,149,136
sektion_16_218.png,147,139
sektion_16_219.png,142,150
sektion_16_22.png,148,160
sektion_16_220.png,122,203
sektion_16_221.png,148,164
sektion_16_222.png,147,167
sektion_16_223.png,147,171
sektion_16_224.png,147,175
sektion_16_225.png,146,176
sektion_16_226.png,146,178
sektion_16_227.png,146,179
sektion_16_228.png,146,179
sektion_16_229.png,146,178
sektion_16_23.png,146,179
sektion_16_230.png,123,206
sektion_16_231.png,145,180
sektion_16_232.png,143,180
sektion_16_233.png,142,180
sektion_16_234.png,142,179
sektion_16_235.png,142,177
sektion_16_236.png,144,173
sektion_16_237.png,145,173
sektion_16_238.png,143,174
sektion_16_239.png,139,179
sektion_16_24.png,139,179
sektion_16_240.png,125,207
sektion_16_241.png,138,181
sektion_16_242.png,136,183
sektion_16_243.png,135,181
sektion_16_244.png,133,182
sektion_16_245.png,129,184
sektion_16_246.png,128,180
sektion_16_247.png,128,176
sektion_16_248.png,134,175
sektion_16_249.png,139,173
sektion_16_25.png,143,172
sektion_16_250.png,132,204
sektion_16_251.png,145,171
sektion_16_252.png,147,171
sektion_16_253.png,145,172
sektion_16_254.png,144,174
sektion_16_255.png,144,176
sektion_16_256.png,146,176
sektion_16_257.png,148,175
sektion_16_258.png,145,178
sektion_16_259.png,144,181
sektion_16_26.png,144,186
sektion_16_260.png,142,199
sektion_16_261.png,144,191
sektion_16_262.png,145,192
sektion_16_263.png,142,194
sektion_16_264.png,132,198
sektion_16_265.png,125,190
sektion_16_266.png,125,175
sektion_16_267.png,126,181
sektion_16_268.png,126,187
sektion_16_269.png,131,189
sektion_16_27.png,135,189
sektion_16_270.png,150,195
sektion_16_271.png,137,190
sektion_16_272.png,138,188
sektion_16_273.png,135,185
sektion_16_274.png,131,187
sektion_16_275.png,131,181
sektion_16_276.png,130,174
sektion_16_277.png,125,168
sektion_16_278.png,124,147
sektion_16_279.png,127,126
sektion_16_28.png,126,123
sektion_16_280.png,150,195
sektion_16_281.png,122,129
sektion_16_282.png,124,126
sektion_16_283.png,127,125
sektion_16_284.png,122,145
sektion_16_285.png,114,181
sektion_16_286.png,113,209
sektion_16_287.png,110,211
sektion_16_288.png,107,213
sektion_16_289.png,107,214
sektion_16_29.png,108,214
sektion_16_290.png,143,198
sektion_16_291.png,109,214
sektion_16_292.png,110,214
sektion_16_293.png,110,214
sektion_16_294.png,109,213
sektion_16_295.png,114,211
sektion_16_296.png,119,210
sektion_16_297.png,124,209
sektion_16_298.png,130,207
sektion_16_299.png,136,203
sektion_16_3.png,141,198
sektion_16_30.png,194,176
sektion_16_300.png,134,202
sektion_16_301.png,140,198
sektion_16_302.png,135,201
sektion_16_303.png,132,204
sektion_16_304.png,132,199
sektion_16_305.png,133,187
sektion_16_306.png,133,176
sektion_16_307.png,131,169
sektion_16_308.png,130,165
sektion_16_309.png,131,159
sektion_16_31.png,131,160
sektion_16_310.png,126,206
sektion_16_311.png,133,166
sektion_16_312.png,136,164
sektion_16_313.png,140,160
sektion_16_314.png,140,165
sektion_16_315.png,140,166
sektion_16_316.png,140,165
sektion_16_317.png,142,163
sektion_16_318.png,143,159
sektion_16_319.png,145,154
sektion_16_32.png,144,153
sektion_16_320.png,121,209
sektion_16_321.png,144,156
sektion_16_322.png,142,159
sektion_16_323.png,142,162
sektion_16_324.png,143,167
sektion_16_325.png,141,168
sektion_16_326.png,142,169
sektion_16_327.png,142,169
sektion_16_328.png,142,168
sektion_16_329.png,142,166
sektion_16_33.png,138,169
sektion_16_330.png,120,211
sektion_16_331.png,134,173
sektion_16_332.png,131,173
sektion_16_333.png,128,170
sektion_16_334.png,128,168
sektion_16_335.png,129,166
sektion_16_336.png,128,165
sektion_16_337.png,128,164
sektion_16_338.png,127,164
sektion_16_339.png,125,166
sektion_16_34.png,125,168
sektion_16_340.png,121,211
sektion_16_341.png,125,167
sektion_16_342.png,125,166
sektion_16_343.png,125,164
sektion_16_344.png,125,164
sektion_16_345.png,127,162
sektion_16_346.png,130,161
sektion_16_347.png,132,161
sektion_16_348.png,134,162
sektion_16_349.png,134,162
sektion_16_35.png,135,163
sektion_16_350.png,121,212
sektion_16_351.png,124,166
sektion_16_352.png,117,169
sektion_16_353.png,113,167
sektion_16_354.png,108,165
sektion_16_355.png,104,163
sektion_16_356.png,102,162
sektion_16_357.png,99,160
sektion_16_358.png,98,159
sektion_16_359.png,97,159
sektion_16_36.png,99,157
sektion_16_360.png,121,212
sektion_16_361.png,105,153
sektion_16_362.png,105,155
sektion_16_363.png,107,156
sektion_16_364.png,107,157
sektion_16_365.png,106,158
sektion_16_366.png,106,158
sektion_16_367.png,108,157
sektion_16_368.png,112,155
sektion_16_369.png,116,154
sektion_16_37.png,125,146
sektion_16_370.png,120,212
sektion_16_371.png,134,134
sektion_16_372.png,141,134
sektion_16_373.png,143,128
sektion_16_374.png,146,125
sektion_16_375.png,144,128
sektion_16_376.png,138,130
sektion_16_377.png,134,131
sektion_16_378.png,132,130
sektion_16_379.png,134,135
sektion_16_38.png,131,133
sektion_16_380.png,120,213
sektion_16_381.png,125,132
sektion_16_382.png,121,133
sektion_16_383.png,121,134
sektion_16_384.png,123,137
sektion_16_385.png,125,140
sektion_16_386.png,129,143
sektion_16_387.png,134,147
sektion_16_388.png,139,148
sektion_16_389.png,140,146
sektion_16_39.png,142,147
sektion_16_390.png,120,212
sektion_16_391.png,134,150
sektion_16_392.png,118,150
sektion_16_393.png,107,152
sektion_16_394.png,103,152
sektion_16_395.png,105,151
sektion_16_396.png,108,149
sektion_16_397.png,109,148
sektion_16_398.png,117,143
sektion_16_399.png,125,141
sektion_16_4.png,133,137
sektion_16_40.png,192,175
sektion_16_400.png,121,211
sektion_16_401.png,136,132
sektion_16_402.png,139,131
sektion_16_403.png,133,128
sektion_16_404.png,131,128
sektion_16_405.png,131,127
sektion_16_406.png,134,127
sektion_16_407.png,137,128
sektion_16_408.png,133,130
sektion_16_409.png,129,130
sektion_16_41.png,130,129
sektion_16_410.png,125,207
sektion_16_411.png,137,127
sektion_16_412.png,139,127
sektion_16_413.png,134,128
sektion_16_414.png,130,130
sektion_16_415.png,136,132
sektion_16_416.png,144,134
sektion_16_417.png,156,141
sektion_16_418.png,156,142
sektion_16_419.png,156,142
sektion_16_42.png,155,145
sektion_16_420.png,132,199
sektion_16_421.png,154,147
sektion_16_422.png,149,142
sektion_16_423.png,136,139
sektion_16_424.png,123,136
sektion_16_425.png,112,136
sektion_16_426.png,109,135
sektion_16_427.png,109,134
sektion_16_428.png,111,133
sektion_16_429.png,113,133
sektion_16_43.png,117,134
sektion_16_430.png,141,191
sektion_16_431.png,122,135
sektion_16_432.png,129,136
sektion_16_433.png,138,137
sektion_16_434.png,146,136
sektion_16_435.png,149,138
sektion_16_436.png,150,143
sektion_16_437.png,151,140
sektion_16_438.png,151,138
sektion_16_439.png,152,139
sektion_16_44.png,149,139
sektion_16_440.png,147,186
sektion_16_441.png,147,142
sektion_16_442.png,141,143
sektion_16_443.png,140,142
sektion_16_444.png,136,141
sektion_16_445.png,138,141
sektion_16_446.png,138,142
sektion_16_447.png,135,143
sektion_16_448.png,133,145
sektion_16_449.png,128,147
sektion_16_45.png,127,148
sektion_16_450.png,150,185
sektion_16_451.png,126,149
sektion_16_452.png,123,151
sektion_16_453.png,121,152
sektion_16_454.png,125,149
sektion_16_455.png,131,143
sektion_16_456.png,133,141
sektion_16_457.png,134,142
sektion_16_458.png,132,145
sektion_16_459.png,127,149
sektion_16_46.png,124,150
sektion_16_460.png,149,185
sektion_16_461.png,123,150
sektion_16_462.png,123,149
sektion_16_463.png,125,148
sektion_16_464.png,129,142
sektion_16_465.png,137,137
sektion_16_466.png,138,132
sektion_16_467.png,134,129
sektion_16_468.png,132,127
sektion_16_469.png,128,129
sektion_16_47.png,130,129
sektion_16_470.png,149,183
sektion_16_471.png,130,128
sektion_16_472.png,130,128
sektion_16_473.png,130,127
sektion_16_474.png,130,128
sektion_16_475.png,130,128
sektion_16_476.png,128,128
sektion_16_477.png,128,128
sektion_16_478.png,130,127
sektion_16_479.png,128,128
sektion_16_48.png,132,127
sektion_16_480.png,149,181
sektion_16_481.png,130,128
sektion_16_482.png,130,129
sektion_16_483.png,130,129
sektion_16_484.png,132,129
sektion_16_485.png,132,129
sektion_16_486.png,130,129
sektion_16_487.png,130,129
sektion_16_49.png,132,129
sektion_16_5.png,148,179
sektion_16_50.png,187,172
sektion_16_51.png,148,180
sektion_16_52.png,147,180
sektion_16_53.png,147,180
sektion_16_54.png,148,179
sektion_16_55.png,149,178
sektion_16_56.png,150,176
sektion_16_57.png,151,175
sektion_16_58.png,151,174
sektion_16_59.png,151,173
sektion_16_6.png,152,172
sektion_16_60.png,184,170
sektion_16_61.png,154,173
sektion_16_62.png,153,176
sektion_16_63.png,151,180
sektion_16_64.png,149,183
sektion_16_65.png,149,183
sektion_16_66.png,152,180
sektion_16_67.png,156,175
sektion_16_68.png,160,167
sektion_16_69.png,162,161
sektion_16_7.png,162,156
sektion_16_70.png,176,173
sektion_16_71.png,162,154
sektion_16_72.png,161,151
sektion_16_73.png,161,148
sektion_16_74.png,160,148
sektion_16_75.png,160,148
sektion_16_76.png,161,151
sektion_16_77.png,160,153
sektion_16_78.png,162,152
sektion_16_79.png,158,152
sektion_16_8.png,155,155
sektion_16_80.png,151,176
sektion_16_81.png,156,162
sektion_16_82.png,157,165
sektion_16_83.png,160,166
sektion_16_84.png,162,162
sektion_16_85.png,162,156
sektion_16_86.png,162,151
sektion_16_87.png,161,149
sektion_16_88.png,161,147
sektion_16_89.png,159,145
sektion_16_9.png,159,145
sektion_16_90.png,124,168
sektion_16_91.png,158,144
sektion_16_92.png,158,147
sektion_16_93.png,158,154
sektion_16_94.png,158,159
sektion_16_95.png,160,162
sektion_16_96.png,158,168
sektion_16_97.png,153,175
sektion_16_98.png,141,183
sektion_16_99.png,131,198
sektion_17_0.png,120,209
sektion_17_1.png,187,174
sektion_17_10.png,189,175
sektion_17_100.png,124,170
sektion_17_101.png,119,210
sektion_17_102.png,116,213
sektion_17_103.png,116,214
sektion_17_104.png,117,214
sektion_17_105.png,116,214
sektion_17_106.png,116,215
sektion_17_107.png,116,216
sektion_17_108.png,115,216
sektion_17_109.png,115,217
sektion_17_11.png,113,218
sektion_17_110.png,123,170
sektion_17_111.png,113,218
sektion_17_112.png,113,218
sektion_17_113.png,113,218
sektion_17_114.png,113,219
sektion_17_115.png,112,219
sektion_17_116.png,113,219
sektion_17_117.png,113,218
sektion_17_118.png,112,219
sektion_17_119.png,111,220
sektion_17_12.png,111,220
sektion_17_120.png,123,179
sektion_17_121.png,111,220
sektion_17_122.png,112,219
sektion_17_123.png,113,219
sektion_17_124.png,113,219
sektion_17_125.png,113,219
sektion_17_126.png,114,218
sektion_17_127.png,115,218
sektion_17_128.png,114,218
sektion_17_129.png,112,219
sektion_17_13.png,110,219
sektion_17_130.png,122,195
sektion_17_131.png,109,218
sektion_17_132.png,108,214
sektion_17_133.png,108,211
sektion_17_134.png,107,210
sektion_17_135.png,108,212
sektion_17_136.png,110,215
sektion_17_137.png,108,216
sektion_17_138.png,107,216
sektion_17_139.png,108,211
sektion_17_14.png,111,198
sektion_17_140.png,123,196
sektion_17_141.png,112,191
sektion_17_142.png,111,195
sektion_17_143.png,109,198
sektion_17_144.png,109,197
sektion_17_145.png,110,197
sektion_17_146.png,111,196
sektion_17_147.png,110,197
sektion_17_148.png,110,201
sektion_17_149.png,109,206
sektion_17_15.png,109,209
sektion_17_150.png,124,199
sektion_17_151.png,110,212
sektion_17_152.png,109,216
sektion_17_153.png,108,219
sektion_17_154.png,110,219
sektion_17_155.png,112,218
sektion_17_156.png,112,217
sektion_17_157.png,114,216
sektion_17_158.png,118,214
sektion_17_159.png,123,210
sektion_17_16.png,125,207
sektion_17_160.png,125,202
sektion_17_161.png,123,208
sektion_17_162.png,120,207
sektion_17_163.png,125,192
sektion_17_164.png,147,147
sektion_17_165.png,151,133
sektion_17_166.png,149,131
sektion_17_167.png,145,131
sektion_17_168.png,139,134
sektion_17_169.png,138,133
sektion_17_17.png,139,130
sektion_17_170.png,125,205
sektion_17_171.png,138,132
sektion_17_172.png,138,131
sektion_17_173.png,143,139
sektion_17_174.png,143,150
sektion_17_175.png,142,142
sektion_17_176.png,137,101
sektion_17_177.png,140,73
sektion_17_178.png,132,78
sektion_17_179.png,125,93
sektion_17_18.png,127,114
sektion_17_180.png,124,207
sektion_17_181.png,137,143
sektion_17_182.png,142,153
sektion_17_183.png,144,151
sektion_17_184.png,143,150
sektion_17_185.png,142,149
sektion_17_186.png,144,149
sektion_17_187.png,146,149
sektion_17_188.png,145,149
sektion_17_189.png,145,150
sektion_17_19.png,142,149
sektion_17_190.png,123,208
sektion_17_191.png,139,145
sektion_17_192.png,141,139
sektion_17_193.png,140,141
sektion_17_194.png,138,142
sektion_17_195.png,140,139
sektion_17_196.png,141,141
sektion_17_197.png,141,147
sektion_17_198.png,141,152
sektion_17_199.png,141,148
sektion_17_2.png,143,140
sektion_17_20.png,191,177
sektion_17_200.png,123,208
sektion_17_201.png,138,119
sektion_17_202.png,141,104
sektion_17_203.png,143,96
sektion_17_204.png,126,139
sektion_17_205.png,135,175
sektion_17_206.png,133,173
sektion_17_207.png,117,185
sektion_17_208.png,135,177
sektion_17_209.png,152,151
sektion_17_21.png,144,148
sektion_17_210.png,123,207
sektion_17_211.png,144,154
sektion_17_212.png,144,154
sektion_17_213.png,145,156
sektion_17_214.png,145,153
sektion_17_215.png,147,152
sektion_17_216.png,147,147
sektion_17_217.png,146,147
sektion_17_218.png,143,146
sektion_17_219.png,145,143
sektion_17_22.png,148,163
sektion_17_220.png,129,208
sektion_17_221.png,148,167
sektion_17_222.png,148,170
sektion_17_223.png,145,176
sektion_17_224.png,144,179
sektion_17_225.png,146,178
sektion_17_226.png,146,178
sektion_17_227.png,146,179
sektion_17_228.png,143,182
sektion_17_229.png,145,180
sektion_17_23.png,146,179
sektion_17_230.png,131,208
sektion_17_231.png,147,178
sektion_17_232.png,147,179
sektion_17_233.png,146,180
sektion_17_234.png,143,184
sektion_17_235.png,140,186
sektion_17_236.png,138,186
sektion_17_237.png,138,184
sektion_17_238.png,137,183
sektion_17_239.png,134,186
sektion_17_24.png,135,184
sektion_17_240.png,135,207
sektion_17_241.png,136,185
sektion_17_242.png,135,186
sektion_17_243.png,136,182
sektion_17_244.png,134,183
sektion_17_245.png,131,184
sektion_17_246.png,129,182
sektion_17_247.png,129,178
sektion_17_248.png,134,176
sektion_17_249.png,137,176
sektion_17_25.png,140,175
sektion_17_250.png,142,203
sektion_17_251.png,144,176
sektion_17_252.png,145,176
sektion_17_253.png,143,177
sektion_17_254.png,143,177
sektion_17_255.png,144,176
sektion_17_256.png,145,176
sektion_17_257.png,146,176
sektion_17_258.png,146,177
sektion_17_259.png,144,181
sektion_17_26.png,143,187
sektion_17_260.png,151,199
sektion_17_261.png,146,189
sektion_17_262.png,150,188
sektion_17_263.png,149,189
sektion_17_264.png,143,191
sektion_17_265.png,134,194
sektion_17_266.png,131,189
sektion_17_267.png,134,187
sektion_17_268.png,135,190
sektion_17_269.png,137,189
sektion_17_27.png,138,189
sektion_17_270.png,159,194
sektion_17_271.png,139,190
sektion_17_272.png,139,189
sektion_17_273.png,135,189
sektion_17_274.png,132,191
sektion_17_275.png,133,186
sektion_17_276.png,129,164
sektion_17_277.png,127,144
sektion_17_278.png,128,127
sektion_17_279.png,130,121
sektion_17_28.png,128,126
sektion_17_280.png,161,191
sektion_17_281.png,125,129
sektion_17_282.png,121,131
sektion_17_283.png,116,151
sektion_17_284.png,112,194
sektion_17_285.png,116,209
sektion_17_286.png,115,211
sektion_17_287.png,112,212
sektion_17_288.png,109,214
sektion_17_289.png,107,214
sektion_17_29.png,109,214
sektion_17_290.png,156,192
sektion_17_291.png,112,212
sektion_17_292.png,113,213
sektion_17_293.png,114,213
sektion_17_294.png,116,211
sektion_17_295.png,125,209
sektion_17_296.png,130,207
sektion_17_297.png,133,208
sektion_17_298.png,138,208
sektion_17_299.png,146,202
sektion_17_3.png,152,195
sektion_17_30.png,194,179
sektion_17_300.png,149,197
sektion_17_301.png,152,197
sektion_17_302.png,148,203
sektion_17_303.png,144,206
sektion_17_304.png,141,206
sektion_17_305.png,139,205
sektion_17_306.png,141,202
sektion_17_307.png,144,195
sektion_17_308.png,146,189
sektion_17_309.png,147,182
sektion_17_31.png,145,178
sektion_17_310.png,136,203
sektion_17_311.png,142,176
sektion_17_312.png,137,175
sektion_17_313.png,136,175
sektion_17_314.png,137,172
sektion_17_315.png,138,172
sektion_17_316.png,141,170
sektion_17_317.png,143,166
sektion_17_318.png,145,160
sektion_17_319.png,145,157
sektion_17_32.png,146,157
sektion_17_320.png,126,207
sektion_17_321.png,145,159
sektion_17_322.png,143,161
sektion_17_323.png,143,164
sektion_17_324.png,143,167
sektion_17_325.png,143,170
sektion_17_326.png,143,172
sektion_17_327.png,145,171
sektion_17_328.png,145,171
sektion_17_329.png,146,169
sektion_17_33.png,144,169
sektion_17_330.png,123,210
sektion_17_331.png,142,170
sektion_17_332.png,139,173
sektion_17_333.png,134,174
sektion_17_334.png,133,174
sektion_17_335.png,133,171
sektion_17_336.png,132,169
sektion_17_337.png,130,167
sektion_17_338.png,128,165
sektion_17_339.png,124,166
sektion_17_34.png,122,166
sektion_17_340.png,121,212
sektion_17_341.png,121,168
sektion_17_342.png,124,165
sektion_17_343.png,127,164
sektion_17_344.png,128,166
sektion_17_345.png,127,168
sektion_17_346.png,126,167
sektion_17_347.png,125,167
sektion_17_348.png,130,164
sektion_17_349.png,137,161
sektion_17_35.png,145,159
sektion_17_350.png,118,213
sektion_17_351.png,148,162
sektion_17_352.png,145,164
sektion_17_353.png,140,166
sektion_17_354.png,133,168
sektion_17_355.png,126,170
sektion_17_356.png,122,171
sektion_17_357.png,117,172
sektion_17_358.png,111,172
sektion_17_359.png,107,172
sektion_17_36.png,105,171
sektion_17_360.png,117,213
sektion_17_361.png,102,168
sektion_17_362.png,101,167
sektion_17_363.png,100,165
sektion_17_364.png,103,161
sektion_17_365.png,109,158
sektion_17_366.png,116,152
sektion_17_367.png,125,148
sektion_17_368.png,133,143
sektion_17_369.png,136,134
sektion_17_37.png,130,131
sektion_17_370.png,117,214
sektion_17_371.png,130,130
sektion_17_372.png,134,129
sektion_17_373.png,138,129
sektion_17_374.png,142,128
sektion_17_375.png,143,131
sektion_17_376.png,141,132
sektion_17_377.png,136,131
sektion_17_378.png,132,130
sektion_17_379.png,133,133
sektion_17_38.png,130,131
sektion_17_380.png,119,213
sektion_17_381.png,123,128
sektion_17_382.png,121,126
sektion_17_383.png,122,127
sektion_17_384.png,124,129
sektion_17_385.png,124,134
sektion_17_386.png,126,138
sektion_17_387.png,132,141
sektion_17_388.png,141,142
sektion_17_389.png,146,144
sektion_17_39.png,146,146
sektion_17_390.png,120,212
sektion_17_391.png,144,149
sektion_17_392.png,134,151
sektion_17_393.png,120,152
sektion_17_394.png,108,153
sektion_17_395.png,103,152
sektion_17_396.png,104,151
sektion_17_397.png,107,150
sektion_17_398.png,114,146
sektion_17_399.png,120,145
sektion_17_4.png,128,143
sektion_17_40.png,193,179
sektion_17_400.png,123,209
sektion_17_401.png,137,139
sektion_17_402.png,141,134
sektion_17_403.png,144,135
sektion_17_404.png,142,131
sektion_17_405.png,141,128
sektion_17_406.png,141,126
sektion_17_407.png,139,127
sektion_17_408.png,137,129
sektion_17_409.png,133,128
sektion_17_41.png,132,127
sektion_17_410.png,129,201
sektion_17_411.png,135,126
sektion_17_412.png,138,126
sektion_17_413.png,135,127
sektion_17_414.png,132,128
sektion_17_415.png,133,130
sektion_17_416.png,136,131
sektion_17_417.png,149,134
sektion_17_418.png,150,135
sektion_17_419.png,149,136
sektion_17_42.png,152,137
sektion_17_420.png,137,193
sektion_17_421.png,153,140
sektion_17_422.png,152,140
sektion_17_423.png,144,136
sektion_17_424.png,131,134
sektion_17_425.png,121,134
sektion_17_426.png,113,132
sektion_17_427.png,111,132
sektion_17_428.png,111,130
sektion_17_429.png,112,130
sektion_17_43.png,113,132
sektion_17_430.png,143,189
sektion_17_431.png,116,136
sektion_17_432.png,124,138
sektion_17_433.png,132,141
sektion_17_434.png,142,143
sektion_17_435.png,149,145
sektion_17_436.png,151,143
sektion_17_437.png,152,138
sektion_17_438.png,151,136
sektion_17_439.png,147,138
sektion_17_44.png,144,142
sektion_17_440.png,147,187
sektion_17_441.png,135,147
sektion_17_442.png,127,153
sektion_17_443.png,123,152
sektion_17_444.png,120,151
sektion_17_445.png,123,150
sektion_17_446.png,123,150
sektion_17_447.png,124,150
sektion_17_448.png,122,150
sektion_17_449.png,122,150
sektion_17_45.png,122,151
sektion_17_450.png,148,186
sektion_17_451.png,122,151
sektion_17_452.png,121,151
sektion_17_453.png,120,152
sektion_17_454.png,123,150
sektion_17_455.png,128,144
sektion_17_456.png,130,142
sektion_17_457.png,129,143
sektion_17_458.png,129,145
sektion_17_459.png,127,149
sektion_17_46.png,123,151
sektion_17_460.png,146,185
sektion_17_461.png,123,152
sektion_17_462.png,123,150
sektion_17_463.png,124,149
sektion_17_464.png,130,143
sektion_17_465.png,137,137
sektion_17_466.png,138,133
sektion_17_467.png,134,130
sektion_17_468.png,130,129
sektion_17_469.png,130,129
sektion_17_47.png,132,129
sektion_17_470.png,145,184
sektion_17_471.png,132,128
sektion_17_472.png,128,129
sektion_17_473.png,128,128
sektion_17_474.png,130,128
sektion_17_475.png,130,128
sektion_17_476.png,130,128
sektion_17_477.png,130,128
sektion_17_478.png,128,128
sektion_17_479.png,128,128
sektion_17_48.png,132,127
sektion_17_480.png,146,183
sektion_17_481.png,132,127
sektion_17_482.png,132,127
sektion_17_483.png,132,129
sektion_17_484.png,132,129
sektion_17_485.png,132,129
sektion_17_486.png,132,129
sektion_17_487.png,130,129
sektion_17_49.png,130,129
sektion_17_5.png,148,182
sektion_17_50.png,190,173
sektion_17_51.png,148,182
sektion_17_52.png,148,181
sektion_17_53.png,149,180
sektion_17_54.png,150,179
sektion_17_55.png,150,177
sektion_17_56.png,150,176
sektion_17_57.png,151,175
sektion_17_58.png,150,175
sektion_17_59.png,149,177
sektion_17_6.png,149,184
sektion_17_60.png,188,169
sektion_17_61.png,154,188
sektion_17_62.png,155,183
sektion_17_63.png,157,178
sektion_17_64.png,161,168
sektion_17_65.png,164,159
sektion_17_66.png,165,154
sektion_17_67.png,166,153
sektion_17_68.png,166,156
sektion_17_69.png,167,159
sektion_17_7.png,169,162
sektion_17_70.png,181,173
sektion_17_71.png,170,163
sektion_17_72.png,172,164
sektion_17_73.png,173,164
sektion_17_74.png,174,166
sektion_17_75.png,174,165
sektion_17_76.png,173,165
sektion_17_77.png,172,161
sektion_17_78.png,170,160
sektion_17_79.png,167,158
sektion_17_8.png,164,157
sektion_17_80.png,163,176
sektion_17_81.png,162,156
sektion_17_82.png,159,157
sektion_17_83.png,156,160
sektion_17_84.png,154,166
sektion_17_85.png,155,168
sektion_17_86.png,160,166
sektion_17_87.png,167,162
sektion_17_88.png,166,157
sektion_17_89.png,161,153
sektion_17_9.png,160,151
sektion_17_90.png,138,175
sektion_17_91.png,160,149
sektion_17_92.png,160,150
sektion_17_93.png,161,157
sektion_17_94.png,160,162
sektion_17_95.png,161,163
sektion_17_96.png,159,166
sektion_17_97.png,155,172
sektion_17_98.png,149,178
sektion_17_99.png,140,188
sektion_18_0.png,127,203
sektion_18_1.png,183,172
sektion_18_10.png,186,174
sektion_18_100.png,157,177
sektion_18_101.png,124,205
sektion_18_102.png,119,210
sektion_18_103.png,116,212
sektion_18_104.png,116,214
sektion_18_105.png,116,215
sektion_18_106.png,117,214
sektion_18_107.png,117,214
sektion_18_108.png,116,216
sektion_18_109.png,115,217
sektion_18_11.png,114,218
sektion_18_110.png,139,178
sektion_18_111.png,113,218
sektion_18_112.png,113,218
sektion_18_113.png,113,218
sektion_18_114.png,113,218
sektion_18_115.png,112,219
sektion_18_116.png,112,219
sektion_18_117.png,113,219
sektion_18_118.png,113,219
sektion_18_119.png,112,219
sektion_18_12.png,111,220
sektion_18_120.png,130,181
sektion_18_121.png,111,220
sektion_18_122.png,112,220
sektion_18_123.png,112,219
sektion_18_124.png,111,220
sektion_18_125.png,110,220
sektion_18_126.png,110,219
sektion_18_127.png,110,219
sektion_18_128.png,111,219
sektion_18_129.png,112,218
sektion_18_13.png,111,216
sektion_18_130.png,128,186
sektion_18_131.png,111,214
sektion_18_132.png,110,213
sektion_18_133.png,110,214
sektion_18_134.png,110,215
sektion_18_135.png,110,217
sektion_18_136.png,109,219
sektion_18_137.png,109,217
sektion_18_138.png,109,213
sektion_18_139.png,109,210
sektion_18_14.png,108,210
sektion_18_140.png,129,190
sektion_18_141.png,108,209
sektion_18_142.png,109,203
sektion_18_143.png,109,200
sektion_18_144.png,108,201
sektion_18_145.png,109,202
sektion_18_146.png,109,202
sektion_18_147.png,109,204
sektion_18_148.png,108,207
sektion_18_149.png,108,212
sektion_18_15.png,109,214
sektion_18_150.png,129,195
sektion_18_151.png,109,216
sektion_18_152.png,108,218
sektion_18_153.png,108,219
sektion_18_154.png,110,218
sektion_18_155.png,112,217
sektion_18_156.png,114,217
sektion_18_157.png,116,215
sektion_18_158.png,122,211
sektion_18_159.png,126,207
sektion_18_16.png,124,208
sektion_18_160.png,128,200
sektion_18_161.png,119,210
sektion_18_162.png,122,198
sektion_18_163.png,137,162
sektion_18_164.png,151,139
sektion_18_165.png,149,139
sektion_18_166.png,146,139
sektion_18_167.png,149,137
sektion_18_168.png,149,137
sektion_18_169.png,149,139
sektion_18_17.png,149,139
sektion_18_170.png,128,203
sektion_18_171.png,147,138
sektion_18_172.png,147,134
sektion_18_173.png,145,133
sektion_18_174.png,147,144
sektion_18_175.png,145,148
sektion_18_176.png,136,113
sektion_18_177.png,134,81
sektion_18_178.png,126,85
sektion_18_179.png,124,96
sektion_18_18.png,130,110
sektion_18_180.png,129,205
sektion_18_181.png,141,135
sektion_18_182.png,147,150
sektion_18_183.png,143,158
sektion_18_184.png,141,153
sektion_18_185.png,142,150
sektion_18_186.png,145,150
sektion_18_187.png,146,150
sektion_18_188.png,146,151
sektion_18_189.png,145,150
sektion_18_19.png,145,149
sektion_18_190.png,131,205
sektion_18_191.png,142,144
sektion_18_192.png,143,147
sektion_18_193.png,140,146
sektion_18_194.png,139,144
sektion_18_195.png,142,143
sektion_18_196.png,146,146
sektion_18_197.png,146,152
sektion_18_198.png,141,148
sektion_18_199.png,136,130
sektion_18_2.png,139,110
sektion_18_20.png,188,175
sektion_18_200.png,133,205
sektion_18_201.png,143,91
sektion_18_202.png,136,110
sektion_18_203.png,145,91
sektion_18_204.png,136,111
sektion_18_205.png,148,172
sektion_18_206.png,128,161
sektion_18_207.png,119,180
sektion_18_208.png,137,183
sektion_18_209.png,142,153
sektion_18_21.png,146,159
sektion_18_210.png,135,205
sektion_18_211.png,143,159
sektion_18_212.png,145,160
sektion_18_213.png,145,157
sektion_18_214.png,147,154
sektion_18_215.png,148,153
sektion_18_216.png,147,154
sektion_18_217.png,145,151
sektion_18_218.png,143,150
sektion_18_219.png,144,139
sektion_18_22.png,148,160
sektion_18_220.png,134,205
sektion_18_221.png,145,169
sektion_18_222.png,146,172
sektion_18_223.png,145,176
sektion_18_224.png,144,178
sektion_18_225.png,145,179
sektion_18_226.png,144,179
sektion_18_227.png,143,181
sektion_18_228.png,141,182
sektion_18_229.png,139,181
sektion_18_23.png,138,180
sektion_18_230.png,134,204
sektion_18_231.png,140,180
sektion_18_232.png,142,181
sektion_18_233.png,142,182
sektion_18_234.png,143,180
sektion_18_235.png,139,183
sektion_18_236.png,133,190
sektion_18_237.png,127,196
sektion_18_238.png,126,197
sektion_18_239.png,133,189
sektion_18_24.png,136,184
sektion_18_240.png,136,203
sektion_18_241.png,138,183
sektion_18_242.png,138,183
sektion_18_243.png,137,184
sektion_18_244.png,135,187
sektion_18_245.png,132,189
sektion_18_246.png,130,188
sektion_18_247.png,130,186
sektion_18_248.png,128,187
sektion_18_249.png,130,187
sektion_18_25.png,135,184
sektion_18_250.png,141,202
sektion_18_251.png,140,180
sektion_18_252.png,143,176
sektion_18_253.png,145,174
sektion_18_254.png,144,174
sektion_18_255.png,143,175
sektion_18_256.png,143,175
sektion_18_257.png,144,177
sektion_18_258.png,145,180
sektion_18_259.png,143,183
sektion_18_26.png,142,186
sektion_18_260.png,149,200
sektion_18_261.png,147,186
sektion_18_262.png,153,183
sektion_18_263.png,155,183
sektion_18_264.png,151,187
sektion_18_265.png,144,190
sektion_18_266.png,140,190
sektion_18_267.png,140,189
sektion_18_268.png,140,189
sektion_18_269.png,141,188
sektion_18_27.png,140,188
sektion_18_270.png,155,197
sektion_18_271.png,139,189
sektion_18_272.png,137,191
sektion_18_273.png,135,193
sektion_18_274.png,133,192
sektion_18_275.png,135,181
sektion_18_276.png,125,148
sektion_18_277.png,125,128
sektion_18_278.png,130,122
sektion_18_279.png,124,125
sektion_18_28.png,119,130
sektion_18_280.png,157,195
sektion_18_281.png,119,141
sektion_18_282.png,118,171
sektion_18_283.png,117,202
sektion_18_284.png,115,209
sektion_18_285.png,111,211
sektion_18_286.png,108,212
sektion_18_287.png,110,214
sektion_18_288.png,113,214
sektion_18_289.png,114,214
sektion_18_29.png,112,214
sektion_18_290.png,154,195
sektion_18_291.png,111,214
sektion_18_292.png,114,213
sektion_18_293.png,120,211
sektion_18_294.png,126,208
sektion_18_295.png,137,205
sektion_18_296.png,140,204
sektion_18_297.png,140,207
sektion_18_298.png,141,208
sektion_18_299.png,146,202
sektion_18_3.png,149,198
sektion_18_30.png,191,175
sektion_18_300.png,149,199
sektion_18_301.png,148,200
sektion_18_302.png,144,205
sektion_18_303.png,141,208
sektion_18_304.png,138,208
sektion_18_305.png,136,208
sektion_18_306.png,142,205
sektion_18_307.png,150,199
sektion_18_308.png,156,192
sektion_18_309.png,157,186
sektion_18_31.png,153,185
sektion_18_310.png,139,203
sektion_18_311.png,148,180
sektion_18_312.png,142,178
sektion_18_313.png,138,179
sektion_18_314.png,138,179
sektion_18_315.png,138,178
sektion_18_316.png,139,174
sektion_18_317.png,142,170
sektion_18_318.png,145,164
sektion_18_319.png,146,161
sektion_18_32.png,145,161
sektion_18_320.png,131,204
sektion_18_321.png,143,162
sektion_18_322.png,142,163
sektion_18_323.png,142,163
sektion_18_324.png,141,166
sektion_18_325.png,140,172
sektion_18_326.png,142,174
sektion_18_327.png,144,174
sektion_18_328.png,147,171
sektion_18_329.png,148,168
sektion_18_33.png,147,167
sektion_18_330.png,126,208
sektion_18_331.png,144,170
sektion_18_332.png,143,175
sektion_18_333.png,143,181
sektion_18_334.png,141,180
sektion_18_335.png,139,178
sektion_18_336.png,138,171
sektion_18_337.png,134,167
sektion_18_338.png,130,164
sektion_18_339.png,125,162
sektion_18_34.png,121,161
sektion_18_340.png,121,211
sektion_18_341.png,121,162
sektion_18_342.png,131,161
sektion_18_343.png,131,162
sektion_18_344.png,127,163
sektion_18_345.png,125,164
sektion_18_346.png,126,165
sektion_18_347.png,129,166
sektion_18_348.png,131,167
sektion_18_349.png,132,168
sektion_18_35.png,133,169
sektion_18_350.png,116,213
sektion_18_351.png,136,167
sektion_18_352.png,136,167
sektion_18_353.png,133,168
sektion_18_354.png,132,170
sektion_18_355.png,135,170
sektion_18_356.png,136,169
sektion_18_357.png,138,167
sektion_18_358.png,135,164
sektion_18_359.png,131,161
sektion_18_36.png,128,160
sektion_18_360.png,115,213
sektion_18_361.png,126,159
sektion_18_362.png,129,156
sektion_18_363.png,132,152
sektion_18_364.png,134,145
sektion_18_365.png,136,137
sektion_18_366.png,134,132
sektion_18_367.png,132,130
sektion_18_368.png,132,128
sektion_18_369.png,134,126
sektion_18_37.png,132,128
sektion_18_370.png,115,213
sektion_18_371.png,130,128
sektion_18_372.png,130,127
sektion_18_373.png,130,128
sektion_18_374.png,134,130
sektion_18_375.png,142,133
sektion_18_376.png,141,133
sektion_18_377.png,136,130
sektion_18_378.png,130,129
sektion_18_379.png,134,132
sektion_18_38.png,130,135
sektion_18_380.png,117,212
sektion_18_381.png,123,130
sektion_18_382.png,121,126
sektion_18_383.png,123,124
sektion_18_384.png,124,126
sektion_18_385.png,122,131
sektion_18_386.png,124,134
sektion_18_387.png,130,134
sektion_18_388.png,138,135
sektion_18_389.png,151,142
sektion_18_39.png,149,146
sektion_18_390.png,120,210
sektion_18_391.png,150,150
sektion_18_392.png,148,152
sektion_18_393.png,137,152
sektion_18_394.png,118,153
sektion_18_395.png,105,154
sektion_18_396.png,104,152
sektion_18_397.png,109,151
sektion_18_398.png,114,149
sektion_18_399.png,118,149
sektion_18_4.png,124,149
sektion_18_40.png,192,175
sektion_18_400.png,123,206
sektion_18_401.png,135,148
sektion_18_402.png,147,146
sektion_18_403.png,155,142
sektion_18_404.png,156,142
sektion_18_405.png,151,133
sektion_18_406.png,146,129
sektion_18_407.png,143,128
sektion_18_408.png,142,128
sektion_18_409.png,138,127
sektion_18_41.png,135,126
sektion_18_410.png,134,197
sektion_18_411.png,132,126
sektion_18_412.png,131,126
sektion_18_413.png,131,127
sektion_18_414.png,132,128
sektion_18_415.png,136,129
sektion_18_416.png,139,130
sektion_18_417.png,142,129
sektion_18_418.png,143,132
sektion_18_419.png,146,132
sektion_18_42.png,151,132
sektion_18_420.png,139,192
sektion_18_421.png,152,132
sektion_18_422.png,147,133
sektion_18_423.png,140,131
sektion_18_424.png,133,129
sektion_18_425.png,128,130
sektion_18_426.png,118,131
sektion_18_427.png,113,129
sektion_18_428.png,112,128
sektion_18_429.png,110,129
sektion_18_43.png,110,131
sektion_18_430.png,143,190
sektion_18_431.png,110,135
sektion_18_432.png,117,140
sektion_18_433.png,125,144
sektion_18_434.png,135,149
sektion_18_435.png,145,149
sektion_18_436.png,150,145
sektion_18_437.png,150,140
sektion_18_438.png,150,137
sektion_18_439.png,145,139
sektion_18_44.png,135,146
sektion_18_440.png,145,188
sektion_18_441.png,125,154
sektion_18_442.png,118,158
sektion_18_443.png,113,158
sektion_18_444.png,110,157
sektion_18_445.png,114,155
sektion_18_446.png,115,155
sektion_18_447.png,116,155
sektion_18_448.png,117,153
sektion_18_449.png,117,153
sektion_18_45.png,119,152
sektion_18_450.png,145,187
sektion_18_451.png,120,151
sektion_18_452.png,120,151
sektion_18_453.png,121,152
sektion_18_454.png,122,151
sektion_18_455.png,123,149
sektion_18_456.png,126,147
sektion_18_457.png,128,145
sektion_18_458.png,127,148
sektion_18_459.png,124,151
sektion_18_46.png,122,153
sektion_18_460.png,144,186
sektion_18_461.png,122,154
sektion_18_462.png,122,153
sektion_18_463.png,124,151
sektion_18_464.png,132,144
sektion_18_465.png,138,138
sektion_18_466.png,141,133
sektion_18_467.png,138,130
sektion_18_468.png,130,130
sektion_18_469.png,130,130
sektion_18_47.png,132,130
sektion_18_470.png,144,185
sektion_18_471.png,132,129
sektion_18_472.png,130,130
sektion_18_473.png,130,129
sektion_18_474.png,132,128
sektion_18_475.png,130,128
sektion_18_476.png,128,128
sektion_18_477.png,128,128
sektion_18_478.png,130,128
sektion_18_479.png,130,128
sektion_18_48.png,132,127
sektion_18_480.png,144,185
sektion_18_481.png,134,127
sektion_18_482.png,134,127
sektion_18_483.png,132,129
sektion_18_484.png,134,129
sektion_18_485.png,134,129
sektion_18_486.png,134,129
sektion_18_487.png,132,129
sektion_18_49.png,130,129
sektion_18_5.png,147,183
sektion_18_50.png,193,174
sektion_18_51.png,148,182
sektion_18_52.png,148,181
sektion_18_53.png,149,180
sektion_18_54.png,150,178
sektion_18_55.png,151,177
sektion_18_56.png,150,178
sektion_18_57.png,147,179
sektion_18_58.png,144,183
sektion_18_59.png,143,183
sektion_18_6.png,145,174
sektion_18_60.png,192,173
sektion_18_61.png,148,161
sektion_18_62.png,151,152
sektion_18_63.png,152,144
sektion_18_64.png,154,140
sektion_18_65.png,153,145
sektion_18_66.png,157,150
sektion_18_67.png,159,155
sektion_18_68.png,162,157
sektion_18_69.png,165,159
sektion_18_7.png,167,164
sektion_18_70.png,187,171
sektion_18_71.png,170,163
sektion_18_72.png,171,161
sektion_18_73.png,173,161
sektion_18_74.png,175,161
sektion_18_75.png,176,163
sektion_18_76.png,175,166
sektion_18_77.png,176,167
sektion_18_78.png,175,168
sektion_18_79.png,176,168
sektion_18_8.png,177,170
sektion_18_80.png,182,173
sektion_18_81.png,176,169
sektion_18_82.png,176,169
sektion_18_83.png,173,168
sektion_18_84.png,171,164
sektion_18_85.png,167,164
sektion_18_86.png,163,164
sektion_18_87.png,158,163
sektion_18_88.png,158,165
sektion_18_89.png,164,163
sektion_18_9.png,163,160
sektion_18_90.png,174,175
sektion_18_91.png,164,155
sektion_18_92.png,164,155
sektion_18_93.png,164,161
sektion_18_94.png,163,165
sektion_18_95.png,163,165
sektion_18_96.png,162,165
sektion_18_97.png,159,169
sektion_18_98.png,155,174
sektion_18_99.png,147,182
sektion_19_0.png,135,192
sektion_19_1.png,181,171
sektion_19_10.png,183,173
sektion_19_100.png,178,174
sektion_19_101.png,137,195
sektion_19_102.png,125,204
sektion_19_103.png,117,210
sektion_19_104.png,113,212
sektion_19_105.png,114,214
sektion_19_106.png,117,214
sektion_19_107.png,117,214
sektion_19_108.png,115,215
sektion_19_109.png,115,215
sektion_19_11.png,115,216
sektion_19_110.png,175,176
sektion_19_111.png,114,217
sektion_19_112.png,114,218
sektion_19_113.png,113,218
sektion_19_114.png,112,218
sektion_19_115.png,111,219
sektion_19_116.png,111,219
sektion_19_117.png,113,219
sektion_19_118.png,113,219
sektion_19_119.png,113,218
sektion_19_12.png,113,219
sektion_19_120.png,166,179
sektion_19_121.png,112,219
sektion_19_122.png,111,220
sektion_19_123.png,110,220
sektion_19_124.png,110,220
sektion_19_125.png,109,220
sektion_19_126.png,110,219
sektion_19_127.png,111,219
sektion_19_128.png,111,218
sektion_19_129.png,111,217
sektion_19_13.png,110,216
sektion_19_130.png,149,183
sektion_19_131.png,109,216
sektion_19_132.png,109,217
sektion_19_133.png,109,218
sektion_19_134.png,109,219
sektion_19_135.png,108,219
sektion_19_136.png,108,219
sektion_19_137.png,109,217
sektion_19_138.png,109,214
sektion_19_139.png,109,212
sektion_19_14.png,108,212
sektion_19_140.png,144,184
sektion_19_141.png,107,211
sektion_19_142.png,108,209
sektion_19_143.png,109,206
sektion_19_144.png,109,204
sektion_19_145.png,108,202
sektion_19_146.png,106,210
sektion_19_147.png,107,212
sektion_19_148.png,109,213
sektion_19_149.png,110,215
sektion_19_15.png,110,217
sektion_19_150.png,137,187
sektion_19_151.png,110,218
sektion_19_152.png,108,219
sektion_19_153.png,109,219
sektion_19_154.png,111,218
sektion_19_155.png,114,216
sektion_19_156.png,118,214
sektion_19_157.png,120,211
sektion_19_158.png,118,211
sektion_19_159.png,116,211
sektion_19_16.png,116,210
sektion_19_160.png,132,191
sektion_19_161.png,123,202
sektion_19_162.png,145,171
sektion_19_163.png,159,147
sektion_19_164.png,163,154
sektion_19_165.png,163,160
sektion_19_166.png,166,166
sektion_19_167.png,168,170
sektion_19_168.png,169,170
sektion_19_169.png,169,168
sektion_19_17.png,169,164
sektion_19_170.png,129,196
sektion_19_171.png,169,163
sektion_19_172.png,168,161
sektion_19_173.png,165,156
sektion_19_174.png,163,159
sektion_19_175.png,158,160
sektion_19_176.png,142,130
sektion_19_177.png,133,97
sektion_19_178.png,129,85
sektion_19_179.png,130,88
sektion_19_18.png,133,107
sektion_19_180.png,132,200
sektion_19_181.png,140,134
sektion_19_182.png,146,150
sektion_19_183.png,145,160
sektion_19_184.png,143,158
sektion_19_185.png,143,152
sektion_19_186.png,144,149
sektion_19_187.png,145,143
sektion_19_188.png,145,143
sektion_19_189.png,144,148
sektion_19_19.png,145,149
sektion_19_190.png,133,202
sektion_19_191.png,143,152
sektion_19_192.png,146,152
sektion_19_193.png,147,145
sektion_19_194.png,139,147
sektion_19_195.png,139,150
sektion_19_196.png,148,149
sektion_19_197.png,143,147
sektion_19_198.png,132,128
sektion_19_199.png,139,102
sektion_19_2.png,137,100
sektion_19_20.png,185,172
sektion_19_200.png,136,203
sektion_19_201.png,132,105
sektion_19_202.png,140,105
sektion_19_203.png,146,96
sektion_19_204.png,134,110
sektion_19_205.png,140,157
sektion_19_206.png,134,173
sektion_19_207.png,131,169
sektion_19_208.png,140,162
sektion_19_209.png,146,157
sektion_19_21.png,142,164
sektion_19_210.png,137,204
sektion_19_211.png,144,161
sektion_19_212.png,151,156
sektion_19_213.png,146,157
sektion_19_214.png,147,158
sektion_19_215.png,148,161
sektion_19_216.png,145,154
sektion_19_217.png,147,148
sektion_19_218.png,146,164
sektion_19_219.png,148,150
sektion_19_22.png,148,153
sektion_19_220.png,135,204
sektion_19_221.png,145,167
sektion_19_222.png,145,170
sektion_19_223.png,144,175
sektion_19_224.png,144,178
sektion_19_225.png,144,180
sektion_19_226.png,144,182
sektion_19_227.png,143,183
sektion_19_228.png,143,182
sektion_19_229.png,141,183
sektion_19_23.png,140,183
sektion_19_230.png,135,204
sektion_19_231.png,143,181
sektion_19_232.png,142,182
sektion_19_233.png,137,186
sektion_19_234.png,144,170
sektion_19_235.png,144,162
sektion_19_236.png,136,172
sektion_19_237.png,136,167
sektion_19_238.png,134,173
sektion_19_239.png,134,178
sektion_19_24.png,134,174
sektion_19_240.png,137,203
sektion_19_241.png,134,172
sektion_19_242.png,133,174
sektion_19_243.png,132,179
sektion_19_244.png,131,183
sektion_19_245.png,131,184
sektion_19_246.png,131,184
sektion_19_247.png,133,180
sektion_19_248.png,139,172
sektion_19_249.png,140,169
sektion_19_25.png,140,170
sektion_19_250.png,138,202
sektion_19_251.png,140,166
sektion_19_252.png,140,162
sektion_19_253.png,140,159
sektion_19_254.png,139,163
sektion_19_255.png,140,173
sektion_19_256.png,143,177
sektion_19_257.png,143,180
sektion_19_258.png,144,183
sektion_19_259.png,145,184
sektion_19_26.png,147,185
sektion_19_260.png,140,201
sektion_19_261.png,150,185
sektion_19_262.png,152,184
sektion_19_263.png,153,183
sektion_19_264.png,151,184
sektion_19_265.png,150,185
sektion_19_266.png,147,186
sektion_19_267.png,145,188
sektion_19_268.png,147,188
sektion_19_269.png,144,189
sektion_19_27.png,139,188
sektion_19_270.png,143,200
sektion_19_271.png,138,189
sektion_19_272.png,143,192
sektion_19_273.png,147,192
sektion_19_274.png,136,189
sektion_19_275.png,129,153
sektion_19_276.png,124,132
sektion_19_277.png,124,127
sektion_19_278.png,126,126
sektion_19_279.png,124,132
sektion_19_28.png,120,147
sektion_19_280.png,144,200
sektion_19_281.png,115,185
sektion_19_282.png,116,207
sektion_19_283.png,118,210
sektion_19_284.png,114,211
sektion_19_285.png,108,213
sektion_19_286.png,108,214
sektion_19_287.png,109,215
sektion_19_288.png,110,215
sektion_19_289.png,113,213
sektion_19_29.png,116,213
sektion_19_290.png,144,201
sektion_19_291.png,119,212
sektion_19_292.png,124,211
sektion_19_293.png,132,209
sektion_19_294.png,136,208
sektion_19_295.png,142,205
sektion_19_296.png,143,205
sektion_19_297.png,143,205
sektion_19_298.png,145,205
sektion_19_299.png,147,200
sektion_19_3.png,147,200
sektion_19_30.png,189,173
sektion_19_300.png,143,202
sektion_19_301.png,143,204
sektion_19_302.png,139,208
sektion_19_303.png,138,208
sektion_19_304.png,136,207
sektion_19_305.png,137,206
sektion_19_306.png,141,205
sektion_19_307.png,149,200
sektion_19_308.png,156,193
sektion_19_309.png,158,188
sektion_19_31.png,155,187
sektion_19_310.png,147,198
sektion_19_311.png,152,181
sektion_19_312.png,149,179
sektion_19_313.png,148,180
sektion_19_314.png,147,179
sektion_19_315.png,147,176
sektion_19_316.png,145,173
sektion_19_317.png,145,172
sektion_19_318.png,145,172
sektion_19_319.png,147,170
sektion_19_32.png,147,166
sektion_19_320.png,145,197
sektion_19_321.png,145,165
sektion_19_322.png,140,166
sektion_19_323.png,143,162
sektion_19_324.png,144,165
sektion_19_325.png,141,173
sektion_19_326.png,139,177
sektion_19_327.png,142,176
sektion_19_328.png,147,172
sektion_19_329.png,150,165
sektion_19_33.png,150,165
sektion_19_330.png,133,202
sektion_19_331.png,146,171
sektion_19_332.png,144,177
sektion_19_333.png,145,181
sektion_19_334.png,144,184
sektion_19_335.png,139,188
sektion_19_336.png,143,170
sektion_19_337.png,143,157
sektion_19_338.png,138,149
sektion_19_339.png,136,148
sektion_19_34.png,135,147
sektion_19_340.png,123,208
sektion_19_341.png,138,145
sektion_19_342.png,138,147
sektion_19_343.png,135,152
sektion_19_344.png,133,155
sektion_19_345.png,131,158
sektion_19_346.png,130,160
sektion_19_347.png,130,160
sektion_19_348.png,130,161
sektion_19_349.png,129,162
sektion_19_35.png,129,162
sektion_19_350.png,117,211
sektion_19_351.png,130,163
sektion_19_352.png,131,163
sektion_19_353.png,131,162
sektion_19_354.png,132,160
sektion_19_355.png,134,157
sektion_19_356.png,135,153
sektion_19_357.png,137,148
sektion_19_358.png,137,145
sektion_19_359.png,138,141
sektion_19_36.png,137,137
sektion_19_360.png,117,212
sektion_19_361.png,134,133
sektion_19_362.png,134,131
sektion_19_363.png,132,130
sektion_19_364.png,132,129
sektion_19_365.png,130,129
sektion_19_366.png,130,130
sektion_19_367.png,132,129
sektion_19_368.png,132,129
sektion_19_369.png,134,129
sektion_19_37.png,134,129
sektion_19_370.png,119,212
sektion_19_371.png,132,128
sektion_19_372.png,132,126
sektion_19_373.png,128,127
sektion_19_374.png,130,128
sektion_19_375.png,130,129
sektion_19_376.png,132,131
sektion_19_377.png,136,131
sektion_19_378.png,132,130
sektion_19_379.png,136,131
sektion_19_38.png,134,137
sektion_19_380.png,121,211
sektion_19_381.png,128,137
sektion_19_382.png,124,133
sektion_19_383.png,123,128
sektion_19_384.png,123,125
sektion_19_385.png,123,128
sektion_19_386.png,123,132
sektion_19_387.png,127,130
sektion_19_388.png,131,129
sektion_19_389.png,144,134
sektion_19_39.png,146,142
sektion_19_390.png,121,209
sektion_19_391.png,151,149
sektion_19_392.png,155,151
sektion_19_393.png,153,149
sektion_19_394.png,137,151
sektion_19_395.png,120,156
sektion_19_396.png,112,158
sektion_19_397.png,112,156
sektion_19_398.png,115,155
sektion_19_399.png,121,155
sektion_19_4.png,128,156
sektion_19_40.png,192,174
sektion_19_400.png,124,203
sektion_19_401.png,138,156
sektion_19_402.png,149,155
sektion_19_403.png,160,153
sektion_19_404.png,166,151
sektion_19_405.png,164,148
sektion_19_406.png,159,138
sektion_19_407.png,152,134
sektion_19_408.png,148,129
sektion_19_409.png,143,127
sektion_19_41.png,137,124
sektion_19_410.png,138,194
sektion_19_411.png,134,124
sektion_19_412.png,135,125
sektion_19_413.png,135,126
sektion_19_414.png,137,126
sektion_19_415.png,136,125
sektion_19_416.png,134,125
sektion_19_417.png,141,125
sektion_19_418.png,144,128
sektion_19_419.png,139,128
sektion_19_42.png,137,123
sektion_19_420.png,139,193
sektion_19_421.png,138,121
sektion_19_422.png,140,124
sektion_19_423.png,138,128
sektion_19_424.png,133,127
sektion_19_425.png,127,124
sektion_19_426.png,121,126
sektion_19_427.png,119,128
sektion_19_428.png,117,127
sektion_19_429.png,114,129
sektion_19_43.png,112,133
sektion_19_430.png,142,190
sektion_19_431.png,112,138
sektion_19_432.png,115,145
sektion_19_433.png,122,150
sektion_19_434.png,130,153
sektion_19_435.png,138,154
sektion_19_436.png,144,150
sektion_19_437.png,144,147
sektion_19_438.png,142,145
sektion_19_439.png,134,149
sektion_19_44.png,126,154
sektion_19_440.png,144,188
sektion_19_441.png,118,157
sektion_19_442.png,113,159
sektion_19_443.png,112,159
sektion_19_444.png,112,158
sektion_19_445.png,112,159
sektion_19_446.png,114,158
sektion_19_447.png,115,157
sektion_19_448.png,117,156
sektion_19_449.png,117,155
sektion_19_45.png,116,154
sektion_19_450.png,146,187
sektion_19_451.png,117,154
sektion_19_452.png,119,155
sektion_19_453.png,121,155
sektion_19_454.png,122,157
sektion_19_455.png,122,157
sektion_19_456.png,125,154
sektion_19_457.png,128,154
sektion_19_458.png,129,155
sektion_19_459.png,128,161
sektion_19_46.png,127,163
sektion_19_460.png,146,187
sektion_19_461.png,127,163
sektion_19_462.png,127,159
sektion_19_463.png,130,156
sektion_19_464.png,143,151
sektion_19_465.png,148,143
sektion_19_466.png,149,136
sektion_19_467.png,148,133
sektion_19_468.png,143,133
sektion_19_469.png,139,133
sektion_19_47.png,138,133
sektion_19_470.png,147,186
sektion_19_471.png,136,132
sektion_19_472.png,134,130
sektion_19_473.png,134,129
sektion_19_474.png,134,128
sektion_19_475.png,134,127
sektion_19_476.png,134,127
sektion_19_477.png,134,129
sektion_19_478.png,132,130
sektion_19_479.png,132,130
sektion_19_48.png,134,130
sektion_19_480.png,148,183
sektion_19_481.png,136,127
sektion_19_482.png,136,127
sektion_19_483.png,134,129
sektion_19_484.png,134,130
sektion_19_485.png,132,130
sektion_19_486.png,132,130
sektion_19_487.png,134,128
sektion_19_49.png,132,128
sektion_19_5.png,148,182
sektion_19_50.png,192,176
sektion_19_51.png,147,180
sektion_19_52.png,148,180
sektion_19_53.png,148,180
sektion_19_54.png,147,182
sektion_19_55.png,143,186
sektion_19_56.png,143,184
sektion_19_57.png,144,177
sektion_19_58.png,148,167
sektion_19_59.png,151,156
sektion_19_6.png,154,143
sektion_19_60.png,192,176
sektion_19_61.png,155,137
sektion_19_62.png,154,141
sektion_19_63.png,154,146
sektion_19_64.png,154,151
sektion_19_65.png,154,156
sektion_19_66.png,154,157
sektion_19_67.png,155,154
sektion_19_68.png,155,152
sektion_19_69.png,154,153
sektion_19_7.png,152,154
sektion_19_70.png,190,173
sektion_19_71.png,153,155
sektion_19_72.png,156,156
sektion_19_73.png,159,157
sektion_19_74.png,162,160
sektion_19_75.png,165,162
sektion_19_76.png,169,163
sektion_19_77.png,172,166
sektion_19_78.png,174,166
sektion_19_79.png,178,169
sektion_19_8.png,180,171
sektion_19_80.png,187,172
sektion_19_81.png,181,175
sektion_19_82.png,182,179
sektion_19_83.png,183,180
sektion_19_84.png,183,180
sektion_19_85.png,180,177
sektion_19_86.png,176,172
sektion_19_87.png,171,167
sektion_19_88.png,168,166
sektion_19_89.png,165,167
sektion_19_9.png,162,166
sektion_19_90.png,183,172
sektion_19_91.png,159,163
sektion_19_92.png,161,161
sektion_19_93.png,164,161
sektion_19_94.png,166,166
sektion_19_95.png,166,169
sektion_19_96.png,163,171
sektion_19_97.png,159,172
sektion_19_98.png,155,174
sektion_19_99.png,151,178
sektion_20_0.png,146,187
sektion_20_1.png,182,172
sektion_20_10.png,182,172
sektion_20_100.png,183,169
sektion_20_101.png,141,190
sektion_20_102.png,133,195
sektion_20_103.png,127,203
sektion_20_104.png,123,209
sektion_20_105.png,120,212
sektion_20_106.png,117,215
sektion_20_107.png,116,215
sektion_20_108.png,116,215
sektion_20_109.png,116,215
sektion_20_11.png,116,216
sektion_20_110.png,180,172
sektion_20_111.png,115,217
sektion_20_112.png,115,217
sektion_20_113.png,114,218
sektion_20_114.png,112,218
sektion_20_115.png,112,219
sektion_20_116.png,112,219
sektion_20_117.png,112,219
sektion_20_118.png,113,219
sektion_20_119.png,113,219
sektion_20_12.png,113,218
sektion_20_120.png,180,174
sektion_20_121.png,113,218
sektion_20_122.png,112,219
sektion_20_123.png,110,220
sektion_20_124.png,110,220
sektion_20_125.png,110,220
sektion_20_126.png,108,220
sektion_20_127.png,108,219
sektion_20_128.png,108,218
sektion_20_129.png,109,217
sektion_20_13.png,109,217
sektion_20_130.png,181,178
sektion_20_131.png,109,218
sektion_20_132.png,109,219
sektion_20_133.png,109,219
sektion_20_134.png,111,219
sektion_20_135.png,110,218
sektion_20_136.png,108,218
sektion_20_137.png,109,217
sektion_20_138.png,108,216
sektion_20_139.png,108,214
sektion_20_14.png,108,212
sektion_20_140.png,178,178
sektion_20_141.png,109,211
sektion_20_142.png,109,210
sektion_20_143.png,109,210
sektion_20_144.png,110,209
sektion_20_145.png,112,212
sektion_20_146.png,109,217
sektion_20_147.png,107,219
sektion_20_148.png,106,220
sektion_20_149.png,105,220
sektion_20_15.png,106,220
sektion_20_150.png,172,180
sektion_20_151.png,108,219
sektion_20_152.png,112,219
sektion_20_153.png,115,218
sektion_20_154.png,116,216
sektion_20_155.png,115,215
sektion_20_156.png,116,214
sektion_20_157.png,116,213
sektion_20_158.png,114,211
sektion_20_159.png,113,210
sektion_20_16.png,121,201
sektion_20_160.png,165,184
sektion_20_161.png,146,168
sektion_20_162.png,163,150
sektion_20_163.png,165,154
sektion_20_164.png,165,159
sektion_20_165.png,167,163
sektion_20_166.png,168,167
sektion_20_167.png,170,170
sektion_20_168.png,171,172
sektion_20_169.png,170,168
sektion_20_17.png,169,162
sektion_20_170.png,159,188
sektion_20_171.png,168,160
sektion_20_172.png,167,161
sektion_20_173.png,167,160
sektion_20_174.png,164,157
sektion_20_175.png,161,150
sektion_20_176.png,152,144
sektion_20_177.png,136,116
sektion_20_178.png,138,83
sektion_20_179.png,132,86
sektion_20_18.png,130,107
sektion_20_180.png,152,192
sektion_20_181.png,143,129
sektion_20_182.png,145,149
sektion_20_183.png,145,143
sektion_20_184.png,148,147
sektion_20_185.png,143,161
sektion_20_186.png,144,157
sektion_20_187.png,145,151
sektion_20_188.png,146,142
sektion_20_189.png,147,139
sektion_20_19.png,142,150
sektion_20_190.png,145,197
sektion_20_191.png,136,153
sektion_20_192.png,139,147
sektion_20_193.png,143,150
sektion_20_194.png,144,148
sektion_20_195.png,146,149
sektion_20_196.png,146,144
sektion_20_197.png,138,116
sektion_20_198.png,141,92
sektion_20_199.png,146,89
sektion_20_2.png,149,91
sektion_20_20.png,181,171
sektion_20_200.png,138,199
sektion_20_201.png,142,97
sektion_20_202.png,143,99
sektion_20_203.png,138,109
sektion_20_204.png,136,106
sektion_20_205.png,138,127
sektion_20_206.png,148,174
sektion_20_207.png,148,172
sektion_20_208.png,142,156
sektion_20_209.png,145,162
sektion_20_21.png,143,161
sektion_20_210.png,134,200
sektion_20_211.png,146,159
sektion_20_212.png,152,161
sektion_20_213.png,145,164
sektion_20_214.png,145,162
sektion_20_215.png,148,158
sektion_20_216.png,144,150
sektion_20_217.png,145,147
sektion_20_218.png,142,167
sektion_20_219.png,148,151
sektion_20_22.png,148,159
sektion_20_220.png,141,201
sektion_20_221.png,146,171
sektion_20_222.png,145,173
sektion_20_223.png,146,176
sektion_20_224.png,145,179
sektion_20_225.png,145,181
sektion_20_226.png,144,182
sektion_20_227.png,143,183
sektion_20_228.png,143,182
sektion_20_229.png,142,182
sektion_20_23.png,143,180
sektion_20_230.png,141,201
sektion_20_231.png,146,177
sektion_20_232.png,145,176
sektion_20_233.png,144,173
sektion_20_234.png,148,159
sektion_20_235.png,140,166
sektion_20_236.png,137,169
sektion_20_237.png,143,155
sektion_20_238.png,140,156
sektion_20_239.png,124,167
sektion_20_24.png,122,167
sektion_20_240.png,139,201
sektion_20_241.png,121,164
sektion_20_242.png,122,161
sektion_20_243.png,123,160
sektion_20_244.png,124,165
sektion_20_245.png,126,168
sektion_20_246.png,127,167
sektion_20_247.png,129,161
sektion_20_248.png,139,142
sektion_20_249.png,142,142
sektion_20_25.png,143,144
sektion_20_250.png,137,201
sektion_20_251.png,141,147
sektion_20_252.png,140,149
sektion_20_253.png,139,154
sektion_20_254.png,138,162
sektion_20_255.png,140,172
sektion_20_256.png,143,178
sektion_20_257.png,144,180
sektion_20_258.png,145,184
sektion_20_259.png,147,184
sektion_20_26.png,149,185
sektion_20_260.png,136,202
sektion_20_261.png,151,186
sektion_20_262.png,152,184
sektion_20_263.png,154,181
sektion_20_264.png,152,181
sektion_20_265.png,151,183
sektion_20_266.png,150,184
sektion_20_267.png,146,186
sektion_20_268.png,145,188
sektion_20_269.png,144,189
sektion_20_27.png,141,190
sektion_20_270.png,137,202
sektion_20_271.png,143,189
sektion_20_272.png,145,190
sektion_20_273.png,139,191
sektion_20_274.png,131,168
sektion_20_275.png,126,138
sektion_20_276.png,121,134
sektion_20_277.png,124,128
sektion_20_278.png,128,124
sektion_20_279.png,123,148
sektion_20_28.png,116,190
sektion_20_280.png,141,200
sektion_20_281.png,114,207
sektion_20_282.png,112,210
sektion_20_283.png,111,212
sektion_20_284.png,111,213
sektion_20_285.png,110,215
sektion_20_286.png,109,214
sektion_20_287.png,110,213
sektion_20_288.png,112,213
sektion_20_289.png,116,214
sektion_20_29.png,123,212
sektion_20_290.png,149,194
sektion_20_291.png,131,209
sektion_20_292.png,136,207
sektion_20_293.png,137,209
sektion_20_294.png,137,210
sektion_20_295.png,138,207
sektion_20_296.png,140,205
sektion_20_297.png,143,205
sektion_20_298.png,147,202
sektion_20_299.png,151,197
sektion_20_3.png,150,198
sektion_20_30.png,185,173
sektion_20_300.png,159,185
sektion_20_301.png,145,204
sektion_20_302.png,140,207
sektion_20_303.png,138,206
sektion_20_304.png,142,203
sektion_20_305.png,148,201
sektion_20_306.png,151,199
sektion_20_307.png,158,196
sektion_20_308.png,161,194
sektion_20_309.png,163,191
sektion_20_31.png,161,186
sektion_20_310.png,160,181
sektion_20_311.png,157,182
sektion_20_312.png,154,179
sektion_20_313.png,154,176
sektion_20_314.png,154,175
sektion_20_315.png,154,171
sektion_20_316.png,150,170
sektion_20_317.png,148,171
sektion_20_318.png,147,171
sektion_20_319.png,148,171
sektion_20_32.png,148,168
sektion_20_320.png,151,185
sektion_20_321.png,146,168
sektion_20_322.png,143,169
sektion_20_323.png,143,165
sektion_20_324.png,144,166
sektion_20_325.png,143,171
sektion_20_326.png,140,177
sektion_20_327.png,142,177
sektion_20_328.png,147,171
sektion_20_329.png,150,167
sektion_20_33.png,150,166
sektion_20_330.png,138,194
sektion_20_331.png,147,171
sektion_20_332.png,147,176
sektion_20_333.png,151,180
sektion_20_334.png,146,186
sektion_20_335.png,140,191
sektion_20_336.png,144,175
sektion_20_337.png,147,147
sektion_20_338.png,138,130
sektion_20_339.png,134,126
sektion_20_34.png,132,129
sektion_20_340.png,127,203
sektion_20_341.png,130,130
sektion_20_342.png,132,131
sektion_20_343.png,132,133
sektion_20_344.png,132,134
sektion_20_345.png,132,135
sektion_20_346.png,134,136
sektion_20_347.png,136,136
sektion_20_348.png,137,137
sektion_20_349.png,136,137
sektion_20_35.png,137,139
sektion_20_350.png,121,208
sektion_20_351.png,136,136
sektion_20_352.png,132,133
sektion_20_353.png,132,132
sektion_20_354.png,132,132
sektion_20_355.png,132,131
sektion_20_356.png,132,130
sektion_20_357.png,132,130
sektion_20_358.png,130,129
sektion_20_359.png,132,128
sektion_20_36.png,130,128
sektion_20_360.png,119,211
sektion_20_361.png,130,129
sektion_20_362.png,132,126
sektion_20_363.png,132,126
sektion_20_364.png,132,126
sektion_20_365.png,132,126
sektion_20_366.png,132,126
sektion_20_367.png,130,128
sektion_20_368.png,132,128
sektion_20_369.png,132,127
sektion_20_37.png,132,130
sektion_20_370.png,121,211
sektion_20_371.png,132,128
sektion_20_372.png,132,126
sektion_20_373.png,130,126
sektion_20_374.png,130,126
sektion_20_375.png,132,127
sektion_20_376.png,132,129
sektion_20_377.png,134,128
sektion_20_378.png,136,126
sektion_20_379.png,136,130
sektion_20_38.png,135,143
sektion_20_380.png,122,210
sektion_20_381.png,126,143
sektion_20_382.png,123,138
sektion_20_383.png,122,131
sektion_20_384.png,122,126
sektion_20_385.png,121,127
sektion_20_386.png,121,131
sektion_20_387.png,125,129
sektion_20_388.png,127,127
sektion_20_389.png,129,131
sektion_20_39.png,139,134
sektion_20_390.png,123,207
sektion_20_391.png,150,139
sektion_20_392.png,156,146
sektion_20_393.png,156,150
sektion_20_394.png,155,153
sektion_20_395.png,148,156
sektion_20_396.png,133,157
sektion_20_397.png,119,159
sektion_20_398.png,122,159
sektion_20_399.png,129,159
sektion_20_4.png,137,160
sektion_20_40.png,189,175
sektion_20_400.png,126,202
sektion_20_401.png,147,160
sektion_20_402.png,157,159
sektion_20_403.png,163,157
sektion_20_404.png,165,155
sektion_20_405.png,165,152
sektion_20_406.png,165,151
sektion_20_407.png,164,145
sektion_20_408.png,155,133
sektion_20_409.png,149,129
sektion_20_41.png,144,127
sektion_20_410.png,136,196
sektion_20_411.png,140,125
sektion_20_412.png,139,127
sektion_20_413.png,139,127
sektion_20_414.png,138,127
sektion_20_415.png,136,125
sektion_20_416.png,134,125
sektion_20_417.png,135,124
sektion_20_418.png,133,119
sektion_20_419.png,135,118
sektion_20_42.png,137,121
sektion_20_420.png,139,194
sektion_20_421.png,135,120
sektion_20_422.png,136,119
sektion_20_423.png,137,122
sektion_20_424.png,133,126
sektion_20_425.png,132,122
sektion_20_426.png,133,122
sektion_20_427.png,132,126
sektion_20_428.png,129,128
sektion_20_429.png,124,132
sektion_20_43.png,120,138
sektion_20_430.png,143,190
sektion_20_431.png,118,144
sektion_20_432.png,116,150
sektion_20_433.png,117,155
sektion_20_434.png,118,158
sektion_20_435.png,122,158
sektion_20_436.png,133,155
sektion_20_437.png,133,154
sektion_20_438.png,130,154
sektion_20_439.png,126,155
sektion_20_44.png,120,158
sektion_20_440.png,145,187
sektion_20_441.png,115,160
sektion_20_442.png,113,162
sektion_20_443.png,114,162
sektion_20_444.png,114,161
sektion_20_445.png,116,162
sektion_20_446.png,119,161
sektion_20_447.png,121,160
sektion_20_448.png,124,159
sektion_20_449.png,124,159
sektion_20_45.png,124,159
sektion_20_450.png,144,186
sektion_20_451.png,125,159
sektion_20_452.png,127,161
sektion_20_453.png,128,162
sektion_20_454.png,130,165
sektion_20_455.png,133,168
sektion_20_456.png,136,167
sektion_20_457.png,139,165
sektion_20_458.png,141,167
sektion_20_459.png,141,169
sektion_20_46.png,140,172
sektion_20_460.png,142,186
sektion_20_461.png,140,170
sektion_20_462.png,141,167
sektion_20_463.png,143,164
sektion_20_464.png,150,156
sektion_20_465.png,153,150
sektion_20_466.png,154,145
sektion_20_467.png,154,142
sektion_20_468.png,156,141
sektion_20_469.png,154,142
sektion_20_47.png,152,141
sektion_20_470.png,142,185
sektion_20_471.png,153,140
sektion_20_472.png,153,137
sektion_20_473.png,148,136
sektion_20_474.png,143,135
sektion_20_475.png,141,133
sektion_20_476.png,139,133
sektion_20_477.png,139,132
sektion_20_478.png,138,132
sektion_20_479.png,134,131
sektion_20_48.png,134,130
sektion_20_480.png,145,183
sektion_20_481.png,132,130
sektion_20_482.png,132,128
sektion_20_483.png,132,128
sektion_20_484.png,134,129
sektion_20_485.png,134,130
sektion_20_486.png,134,129
sektion_20_487.png,136,127
sektion_20_49.png,134,127
sektion_20_5.png,149,180
sektion_20_50.png,191,175
sektion_20_51.png,150,180
sektion_20_52.png,147,182
sektion_20_53.png,143,185
sektion_20_54.png,141,187
sektion_20_55.png,144,181
sektion_20_56.png,149,173
sektion_20_57.png,158,164
sektion_20_58.png,165,159
sektion_20_59.png,167,156
sektion_20_6.png,166,155
sektion_20_60.png,192,174
sektion_20_61.png,163,152
sektion_20_62.png,166,157
sektion_20_63.png,170,161
sektion_20_64.png,174,165
sektion_20_65.png,176,167
sektion_20_66.png,174,166
sektion_20_67.png,172,163
sektion_20_68.png,169,159
sektion_20_69.png,168,157
sektion_20_7.png,169,163
sektion_20_70.png,192,173
sektion_20_71.png,165,167
sektion_20_72.png,156,168
sektion_20_73.png,146,170
sektion_20_74.png,138,167
sektion_20_75.png,138,162
sektion_20_76.png,142,161
sektion_20_77.png,150,163
sektion_20_78.png,158,165
sektion_20_79.png,162,166
sektion_20_8.png,168,167
sektion_20_80.png,190,170
sektion_20_81.png,175,171
sektion_20_82.png,182,176
sektion_20_83.png,184,179
sektion_20_84.png,183,179
sektion_20_85.png,181,178
sektion_20_86.png,181,178
sektion_20_87.png,183,178
sektion_20_88.png,183,178
sektion_20_89.png,177,174
sektion_20_9.png,172,169
sektion_20_90.png,187,169
sektion_20_91.png,163,166
sektion_20_92.png,155,166
sektion_20_93.png,155,165
sektion_20_94.png,161,164
sektion_20_95.png,165,165
sektion_20_96.png,166,171
sektion_20_97.png,165,176
sektion_20_98.png,161,176
sektion_20_99.png,156,179
sektion_21_0.png,148,185
sektion_21_1.png,182,171
sektion_21_10.png,180,170
sektion_21_100.png,189,167
sektion_21_101.png,146,188
sektion_21_102.png,140,192
sektion_21_103.png,135,196
sektion_21_104.png,130,202
sektion_21_105.png,123,208
sektion_21_106.png,118,212
sektion_21_107.png,116,214
sektion_21_108.png,116,215
sektion_21_109.png,117,215
sektion_21_11.png,116,216
sektion_21_110.png,185,168
sektion_21_111.png,116,216
sektion_21_112.png,116,216
sektion_21_113.png,115,217
sektion_21_114.png,114,218
sektion_21_115.png,113,218
sektion_21_116.png,113,218
sektion_21_117.png,113,218
sektion_21_118.png,112,219
sektion_21_119.png,112,219
sektion_21_12.png,112,219
sektion_21_120.png,183,170
sektion_21_121.png,112,219
sektion_21_122.png,112,219
sektion_21_123.png,112,219
sektion_21_124.png,111,219
sektion_21_125.png,111,220
sektion_21_126.png,110,219
sektion_21_127.png,109,218
sektion_21_128.png,109,217
sektion_21_129.png,110,216
sektion_21_13.png,110,217
sektion_21_130.png,183,172
sektion_21_131.png,109,219
sektion_21_132.png,108,220
sektion_21_133.png,110,219
sektion_21_134.png,111,219
sektion_21_135.png,110,218
sektion_21_136.png,108,218
sektion_21_137.png,108,219
sektion_21_138.png,108,219
sektion_21_139.png,108,218
sektion_21_14.png,109,216
sektion_21_140.png,183,173
sektion_21_141.png,110,214
sektion_21_142.png,110,214
sektion_21_143.png,109,216
sektion_21_144.png,109,216
sektion_21_145.png,110,218
sektion_21_146.png,110,219
sektion_21_147.png,110,219
sektion_21_148.png,110,219
sektion_21_149.png,110,220
sektion_21_15.png,111,219
sektion_21_150.png,183,175
sektion_21_151.png,113,217
sektion_21_152.png,113,216
sektion_21_153.png,114,216
sektion_21_154.png,112,215
sektion_21_155.png,112,214
sektion_21_156.png,115,212
sektion_21_157.png,118,211
sektion_21_158.png,118,210
sektion_21_159.png,125,197
sektion_21_16.png,145,162
sektion_21_160.png,182,177
sektion_21_161.png,156,146
sektion_21_162.png,158,149
sektion_21_163.png,159,147
sektion_21_164.png,158,147
sektion_21_165.png,160,150
sektion_21_166.png,161,153
sektion_21_167.png,161,154
sektion_21_168.png,161,151
sektion_21_169.png,159,148
sektion_21_17.png,159,143
sektion_21_170.png,181,179
sektion_21_171.png,156,143
sektion_21_172.png,157,145
sektion_21_173.png,160,150
sektion_21_174.png,159,147
sektion_21_175.png,158,142
sektion_21_176.png,156,144
sektion_21_177.png,150,138
sektion_21_178.png,136,114
sektion_21_179.png,137,88
sektion_21_18.png,137,89
sektion_21_180.png,180,178
sektion_21_181.png,138,115
sektion_21_182.png,144,133
sektion_21_183.png,143,141
sektion_21_184.png,142,152
sektion_21_185.png,148,151
sektion_21_186.png,149,155
sektion_21_187.png,148,159
sektion_21_188.png,144,151
sektion_21_189.png,145,149
sektion_21_19.png,144,146
sektion_21_190.png,177,179
sektion_21_191.png,142,144
sektion_21_192.png,144,148
sektion_21_193.png,139,144
sektion_21_194.png,143,150
sektion_21_195.png,143,144
sektion_21_196.png,134,124
sektion_21_197.png,134,109
sektion_21_198.png,137,101
sektion_21_199.png,136,97
sektion_21_2.png,141,98
sektion_21_20.png,179,169
sektion_21_200.png,172,181
sektion_21_201.png,135,106
sektion_21_202.png,137,104
sektion_21_203.png,137,107
sektion_21_204.png,129,113
sektion_21_205.png,129,129
sektion_21_206.png,157,167
sektion_21_207.png,162,179
sektion_21_208.png,149,163
sektion_21_209.png,146,155
sektion_21_21.png,150,156
sektion_21_210.png,168,182
sektion_21_211.png,150,162
sektion_21_212.png,149,165
sektion_21_213.png,146,164
sektion_21_214.png,146,158
sektion_21_215.png,149,149
sektion_21_216.png,148,146
sektion_21_217.png,146,147
sektion_21_218.png,144,163
sektion_21_219.png,144,166
sektion_21_22.png,145,172
sektion_21_220.png,161,185
sektion_21_221.png,147,173
sektion_21_222.png,147,176
sektion_21_223.png,146,178
sektion_21_224.png,146,178
sektion_21_225.png,145,179
sektion_21_226.png,145,179
sektion_21_227.png,144,180
sektion_21_228.png,144,180
sektion_21_229.png,146,174
sektion_21_23.png,147,169
sektion_21_230.png,159,187
sektion_21_231.png,147,170
sektion_21_232.png,148,169
sektion_21_233.png,146,166
sektion_21_234.png,145,162
sektion_21_235.png,140,165
sektion_21_236.png,134,172
sektion_21_237.png,137,167
sektion_21_238.png,141,156
sektion_21_239.png,130,162
sektion_21_24.png,125,165
sektion_21_240.png,157,188
sektion_21_241.png,121,166
sektion_21_242.png,122,161
sektion_21_243.png,124,158
sektion_21_244.png,125,163
sektion_21_245.png,128,169
sektion_21_246.png,131,169
sektion_21_247.png,133,166
sektion_21_248.png,131,142
sektion_21_249.png,131,142
sektion_21_25.png,135,139
sektion_21_250.png,157,188
sektion_21_251.png,138,146
sektion_21_252.png,136,154
sektion_21_253.png,135,163
sektion_21_254.png,136,169
sektion_21_255.png,140,172
sektion_21_256.png,141,176
sektion_21_257.png,143,178
sektion_21_258.png,145,183
sektion_21_259.png,147,186
sektion_21_26.png,151,186
sektion_21_260.png,157,185
sektion_21_261.png,154,186
sektion_21_262.png,154,184
sektion_21_263.png,154,182
sektion_21_264.png,154,181
sektion_21_265.png,153,182
sektion_21_266.png,153,184
sektion_21_267.png,148,186
sektion_21_268.png,146,186
sektion_21_269.png,143,191
sektion_21_27.png,147,191
sektion_21_270.png,160,180
sektion_21_271.png,150,191
sektion_21_272.png,143,190
sektion_21_273.png,132,175
sektion_21_274.png,127,144
sektion_21_275.png,123,131
sektion_21_276.png,122,130
sektion_21_277.png,126,128
sektion_21_278.png,121,151
sektion_21_279.png,115,196
sektion_21_28.png,116,208
sektion_21_280.png,165,172
sektion_21_281.png,115,211
sektion_21_282.png,109,213
sektion_21_283.png,106,214
sektion_21_284.png,108,215
sektion_21_285.png,113,215
sektion_21_286.png,115,214
sektion_21_287.png,114,213
sektion_21_288.png,113,213
sektion_21_289.png,119,213
sektion_21_29.png,129,210
sektion_21_290.png,168,166
sektion_21_291.png,139,206
sektion_21_292.png,144,204
sektion_21_293.png,146,203
sektion_21_294.png,146,200
sektion_21_295.png,149,199
sektion_21_296.png,150,196
sektion_21_297.png,152,190
sektion_21_298.png,156,181
sektion_21_299.png,159,176
sektion_21_3.png,156,180
sektion_21_30.png,181,171
sektion_21_300.png,169,161
sektion_21_301.png,153,188
sektion_21_302.png,152,193
sektion_21_303.png,153,195
sektion_21_304.png,154,191
sektion_21_305.png,155,187
sektion_21_306.png,159,187
sektion_21_307.png,161,190
sektion_21_308.png,163,191
sektion_21_309.png,164,189
sektion_21_31.png,163,186
sektion_21_310.png,167,160
sektion_21_311.png,160,181
sektion_21_312.png,156,178
sektion_21_313.png,154,176
sektion_21_314.png,155,176
sektion_21_315.png,156,171
sektion_21_316.png,154,168
sektion_21_317.png,151,168
sektion_21_318.png,149,169
sektion_21_319.png,149,168
sektion_21_32.png,150,165
sektion_21_320.png,159,168
sektion_21_321.png,150,164
sektion_21_322.png,148,166
sektion_21_323.png,142,168
sektion_21_324.png,142,168
sektion_21_325.png,145,168
sektion_21_326.png,144,169
sektion_21_327.png,145,170
sektion_21_328.png,147,170
sektion_21_329.png,149,168
sektion_21_33.png,149,170
sektion_21_330.png,147,183
sektion_21_331.png,148,169
sektion_21_332.png,149,174
sektion_21_333.png,151,183
sektion_21_334.png,147,189
sektion_21_335.png,143,191
sektion_21_336.png,144,179
sektion_21_337.png,148,153
sektion_21_338.png,139,132
sektion_21_339.png,134,126
sektion_21_34.png,130,128
sektion_21_340.png,135,195
sektion_21_341.png,128,129
sektion_21_342.png,130,126
sektion_21_343.png,128,127
sektion_21_344.png,130,128
sektion_21_345.png,130,129
sektion_21_346.png,130,129
sektion_21_347.png,132,128
sektion_21_348.png,134,129
sektion_21_349.png,132,130
sektion_21_35.png,132,132
sektion_21_350.png,127,203
sektion_21_351.png,136,130
sektion_21_352.png,136,130
sektion_21_353.png,136,131
sektion_21_354.png,136,132
sektion_21_355.png,136,132
sektion_21_356.png,138,131
sektion_21_357.png,138,131
sektion_21_358.png,138,131
sektion_21_359.png,136,132
sektion_21_36.png,136,132
sektion_21_360.png,123,208
sektion_21_361.png,134,131
sektion_21_362.png,136,130
sektion_21_363.png,134,129
sektion_21_364.png,134,128
sektion_21_365.png,134,129
sektion_21_366.png,132,130
sektion_21_367.png,132,130
sektion_21_368.png,132,130
sektion_21_369.png,132,129
sektion_21_37.png,132,130
sektion_21_370.png,121,210
sektion_21_371.png,132,130
sektion_21_372.png,132,128
sektion_21_373.png,130,127
sektion_21_374.png,128,129
sektion_21_375.png,130,130
sektion_21_376.png,130,130
sektion_21_377.png,130,130
sektion_21_378.png,130,129
sektion_21_379.png,134,131
sektion_21_38.png,136,143
sektion_21_380.png,121,209
sektion_21_381.png,126,148
sektion_21_382.png,122,142
sektion_21_383.png,120,136
sektion_21_384.png,120,129
sektion_21_385.png,120,128
sektion_21_386.png,120,129
sektion_21_387.png,122,127
sektion_21_388.png,124,126
sektion_21_389.png,123,130
sektion_21_39.png,129,128
sektion_21_390.png,124,206
sektion_21_391.png,138,130
sektion_21_392.png,150,140
sektion_21_393.png,161,151
sektion_21_394.png,166,155
sektion_21_395.png,163,154
sektion_21_396.png,154,158
sektion_21_397.png,143,162
sektion_21_398.png,134,163
sektion_21_399.png,131,163
sektion_21_4.png,133,164
sektion_21_40.png,185,173
sektion_21_400.png,129,199
sektion_21_401.png,141,164
sektion_21_402.png,150,162
sektion_21_403.png,155,159
sektion_21_404.png,157,156
sektion_21_405.png,161,155
sektion_21_406.png,165,156
sektion_21_407.png,167,153
sektion_21_408.png,163,146
sektion_21_409.png,160,137
sektion_21_41.png,154,132
sektion_21_410.png,135,196
sektion_21_411.png,150,130
sektion_21_412.png,147,129
sektion_21_413.png,144,130
sektion_21_414.png,141,129
sektion_21_415.png,139,127
sektion_21_416.png,136,126
sektion_21_417.png,133,123
sektion_21_418.png,136,121
sektion_21_419.png,135,115
sektion_21_42.png,133,114
sektion_21_420.png,141,191
sektion_21_421.png,135,119
sektion_21_422.png,130,123
sektion_21_423.png,126,118
sektion_21_424.png,130,113
sektion_21_425.png,133,117
sektion_21_426.png,131,123
sektion_21_427.png,129,125
sektion_21_428.png,128,129
sektion_21_429.png,126,135
sektion_21_43.png,123,141
sektion_21_430.png,146,188
sektion_21_431.png,120,147
sektion_21_432.png,116,152
sektion_21_433.png,113,156
sektion_21_434.png,111,159
sektion_21_435.png,110,161
sektion_21_436.png,117,160
sektion_21_437.png,118,159
sektion_21_438.png,117,158
sektion_21_439.png,116,158
sektion_21_44.png,114,160
sektion_21_440.png,146,189
sektion_21_441.png,113,163
sektion_21_442.png,113,164
sektion_21_443.png,116,164
sektion_21_444.png,119,164
sektion_21_445.png,125,164
sektion_21_446.png,128,164
sektion_21_447.png,132,163
sektion_21_448.png,136,162
sektion_21_449.png,137,162
sektion_21_45.png,137,164
sektion_21_450.png,143,187
sektion_21_451.png,137,165
sektion_21_452.png,138,167
sektion_21_453.png,139,169
sektion_21_454.png,140,170
sektion_21_455.png,141,172
sektion_21_456.png,144,172
sektion_21_457.png,146,171
sektion_21_458.png,147,172
sektion_21_459.png,149,174
sektion_21_46.png,150,174
sektion_21_460.png,141,183
sektion_21_461.png,150,173
sektion_21_462.png,150,171
sektion_21_463.png,151,169
sektion_21_464.png,153,164
sektion_21_465.png,155,160
sektion_21_466.png,157,156
sektion_21_467.png,158,154
sektion_21_468.png,159,151
sektion_21_469.png,159,150
sektion_21_47.png,159,149
sektion_21_470.png,144,181
sektion_21_471.png,159,148
sektion_21_472.png,160,147
sektion_21_473.png,158,145
sektion_21_474.png,157,144
sektion_21_475.png,156,142
sektion_21_476.png,156,140
sektion_21_477.png,154,139
sektion_21_478.png,151,136
sektion_21_479.png,148,134
sektion_21_48.png,141,132
sektion_21_480.png,148,181
sektion_21_481.png,138,130
sektion_21_482.png,136,128
sektion_21_483.png,134,130
sektion_21_484.png,134,130
sektion_21_485.png,134,130
sektion_21_486.png,136,131
sektion_21_487.png,136,131
sektion_21_49.png,134,132
sektion_21_5.png,152,182
sektion_21_50.png,188,174
sektion_21_51.png,150,182
sektion_21_52.png,150,179
sektion_21_53.png,154,176
sektion_21_54.png,159,172
sektion_21_55.png,163,168
sektion_21_56.png,167,165
sektion_21_57.png,170,161
sektion_21_58.png,172,160
sektion_21_59.png,173,162
sektion_21_6.png,174,164
sektion_21_60.png,192,175
sektion_21_61.png,175,166
sektion_21_62.png,177,168
sektion_21_63.png,179,172
sektion_21_64.png,181,173
sektion_21_65.png,183,176
sektion_21_66.png,183,177
sektion_21_67.png,183,176
sektion_21_68.png,182,174
sektion_21_69.png,182,174
sektion_21_7.png,183,173
sektion_21_70.png,193,173
sektion_21_71.png,183,175
sektion_21_72.png,182,176
sektion_21_73.png,179,176
sektion_21_74.png,175,171
sektion_21_75.png,169,163
sektion_21_76.png,163,159
sektion_21_77.png,162,164
sektion_21_78.png,164,167
sektion_21_79.png,158,168
sektion_21_8.png,154,169
sektion_21_80.png,193,170
sektion_21_81.png,154,168
sektion_21_82.png,156,167
sektion_21_83.png,164,168
sektion_21_84.png,172,171
sektion_21_85.png,178,174
sektion_21_86.png,181,176
sektion_21_87.png,181,177
sektion_21_88.png,180,177
sektion_21_89.png,179,178
sektion_21_9.png,180,176
sektion_21_90.png,192,166
sektion_21_91.png,179,174
sektion_21_92.png,174,170
sektion_21_93.png,167,168
sektion_21_94.png,161,169
sektion_21_95.png,158,170
sektion_21_96.png,162,169
sektion_21_97.png,166,170
sektion_21_98.png,163,176
sektion_21_99.png,159,180
sektion_22_0.png,153,182
sektion_22_1.png,178,170
sektion_22_10.png,178,168
sektion_22_100.png,192,170
sektion_22_101.png,154,186
sektion_22_102.png,145,191
sektion_22_103.png,135,196
sektion_22_104.png,127,200
sektion_22_105.png,122,202
sektion_22_106.png,122,206
sektion_22_107.png,119,211
sektion_22_108.png,117,214
sektion_22_109.png,117,214
sektion_22_11.png,117,214
sektion_22_110.png,189,170
sektion_22_111.png,117,215
sektion_22_112.png,116,216
sektion_22_113.png,116,217
sektion_22_114.png,115,217
sektion_22_115.png,115,217
sektion_22_116.png,113,218
sektion_22_117.png,113,218
sektion_22_118.png,113,219
sektion_22_119.png,112,219
sektion_22_12.png,112,219
sektion_22_120.png,186,171
sektion_22_121.png,112,219
sektion_22_122.png,112,219
sektion_22_123.png,112,219
sektion_22_124.png,112,218
sektion_22_125.png,112,219
sektion_22_126.png,112,219
sektion_22_127.png,111,220
sektion_22_128.png,111,220
sektion_22_129.png,110,220
sektion_22_13.png,110,220
sektion_22_130.png,182,169
sektion_22_131.png,109,220
sektion_22_132.png,108,220
sektion_22_133.png,108,220
sektion_22_134.png,107,220
sektion_22_135.png,107,220
sektion_22_136.png,108,220
sektion_22_137.png,108,220
sektion_22_138.png,108,220
sektion_22_139.png,108,220
sektion_22_14.png,110,219
sektion_22_140.png,181,170
sektion_22_141.png,110,218
sektion_22_142.png,110,218
sektion_22_143.png,109,219
sektion_22_144.png,109,219
sektion_22_145.png,109,219
sektion_22_146.png,109,219
sektion_22_147.png,110,218
sektion_22_148.png,112,217
sektion_22_149.png,113,215
sektion_22_15.png,114,215
sektion_22_150.png,181,170
sektion_22_151.png,112,216
sektion_22_152.png,111,217
sektion_22_153.png,112,216
sektion_22_154.png,112,213
sektion_22_155.png,114,212
sektion_22_156.png,115,211
sektion_22_157.png,117,210
sektion_22_158.png,127,191
sektion_22_159.png,147,154
sektion_22_16.png,153,141
sektion_22_160.png,182,171
sektion_22_161.png,151,145
sektion_22_162.png,153,144
sektion_22_163.png,153,146
sektion_22_164.png,155,147
sektion_22_165.png,155,147
sektion_22_166.png,156,146
sektion_22_167.png,158,145
sektion_22_168.png,157,142
sektion_22_169.png,155,139
sektion_22_17.png,152,137
sektion_22_170.png,182,172
sektion_22_171.png,151,136
sektion_22_172.png,151,136
sektion_22_173.png,152,138
sektion_22_174.png,153,139
sektion_22_175.png,150,139
sektion_22_176.png,152,138
sektion_22_177.png,159,142
sektion_22_178.png,153,146
sektion_22_179.png,141,109
sektion_22_18.png,139,88
sektion_22_180.png,184,174
sektion_22_181.png,138,96
sektion_22_182.png,142,120
sektion_22_183.png,146,144
sektion_22_184.png,147,145
sektion_22_185.png,144,152
sektion_22_186.png,144,154
sektion_22_187.png,149,144
sektion_22_188.png,147,148
sektion_22_189.png,146,153
sektion_22_19.png,148,144
sektion_22_190.png,184,173
sektion_22_191.png,148,145
sektion_22_192.png,147,153
sektion_22_193.png,143,141
sektion_22_194.png,144,140
sektion_22_195.png,137,122
sektion_22_196.png,136,99
sektion_22_197.png,131,111
sektion_22_198.png,133,124
sektion_22_199.png,131,110
sektion_22_2.png,134,104
sektion_22_20.png,179,169
sektion_22_200.png,184,173
sektion_22_201.png,128,112
sektion_22_202.png,133,111
sektion_22_203.png,135,111
sektion_22_204.png,122,142
sektion_22_205.png,121,165
sektion_22_206.png,146,164
sektion_22_207.png,169,172
sektion_22_208.png,162,165
sektion_22_209.png,150,147
sektion_22_21.png,150,154
sektion_22_210.png,183,173
sektion_22_211.png,147,162
sektion_22_212.png,146,162
sektion_22_213.png,149,156
sektion_22_214.png,150,149
sektion_22_215.png,147,148
sektion_22_216.png,150,146
sektion_22_217.png,152,143
sektion_22_218.png,150,157
sektion_22_219.png,143,177
sektion_22_22.png,147,176
sektion_22_220.png,181,170
sektion_22_221.png,148,175
sektion_22_222.png,148,176
sektion_22_223.png,148,176
sektion_22_224.png,147,176
sektion_22_225.png,146,177
sektion_22_226.png,146,178
sektion_22_227.png,146,176
sektion_22_228.png,147,174
sektion_22_229.png,149,168
sektion_22_23.png,148,165
sektion_22_230.png,180,170
sektion_22_231.png,148,167
sektion_22_232.png,148,165
sektion_22_233.png,145,166
sektion_22_234.png,142,163
sektion_22_235.png,142,158
sektion_22_236.png,138,165
sektion_22_237.png,135,170
sektion_22_238.png,138,163
sektion_22_239.png,137,152
sektion_22_24.png,133,154
sektion_22_240.png,179,168
sektion_22_241.png,127,156
sektion_22_242.png,125,157
sektion_22_243.png,125,161
sektion_22_244.png,127,163
sektion_22_245.png,129,165
sektion_22_246.png,134,163
sektion_22_247.png,137,156
sektion_22_248.png,136,145
sektion_22_249.png,134,145
sektion_22_25.png,140,142
sektion_22_250.png,176,167
sektion_22_251.png,142,139
sektion_22_252.png,141,151
sektion_22_253.png,134,167
sektion_22_254.png,135,168
sektion_22_255.png,138,167
sektion_22_256.png,139,173
sektion_22_257.png,140,179
sektion_22_258.png,143,185
sektion_22_259.png,147,189
sektion_22_26.png,151,191
sektion_22_260.png,175,166
sektion_22_261.png,155,188
sektion_22_262.png,155,185
sektion_22_263.png,154,182
sektion_22_264.png,153,181
sektion_22_265.png,154,182
sektion_22_266.png,154,184
sektion_22_267.png,152,186
sektion_22_268.png,147,188
sektion_22_269.png,147,191
sektion_22_27.png,152,191
sektion_22_270.png,171,161
sektion_22_271.png,150,192
sektion_22_272.png,139,186
sektion_22_273.png,130,152
sektion_22_274.png,125,135
sektion_22_275.png,122,131
sektion_22_276.png,125,128
sektion_22_277.png,118,156
sektion_22_278.png,114,199
sektion_22_279.png,117,208
sektion_22_28.png,116,210
sektion_22_280.png,170,158
sektion_22_281.png,112,213
sektion_22_282.png,109,215
sektion_22_283.png,109,215
sektion_22_284.png,110,214
sektion_22_285.png,112,214
sektion_22_286.png,116,214
sektion_22_287.png,117,213
sektion_22_288.png,122,213
sektion_22_289.png,128,212
sektion_22_29.png,134,211
sektion_22_290.png,167,156
sektion_22_291.png,143,207
sektion_22_292.png,149,196
sektion_22_293.png,150,185
sektion_22_294.png,147,182
sektion_22_295.png,144,178
sektion_22_296.png,143,175
sektion_22_297.png,143,168
sektion_22_298.png,145,161
sektion_22_299.png,145,156
sektion_22_3.png,143,163
sektion_22_30.png,180,170
sektion_22_300.png,165,155
sektion_22_301.png,143,169
sektion_22_302.png,147,171
sektion_22_303.png,151,169
sektion_22_304.png,151,169
sektion_22_305.png,150,170
sektion_22_306.png,153,172
sektion_22_307.png,158,172
sektion_22_308.png,158,177
sektion_22_309.png,155,184
sektion_22_31.png,154,186
sektion_22_310.png,166,152
sektion_22_311.png,156,180
sektion_22_312.png,157,173
sektion_22_313.png,157,172
sektion_22_314.png,157,170
sektion_22_315.png,158,166
sektion_22_316.png,158,162
sektion_22_317.png,154,162
sektion_22_318.png,152,163
sektion_22_319.png,150,163
sektion_22_32.png,149,162
sektion_22_320.png,166,157
sektion_22_321.png,150,162
sektion_22_322.png,149,164
sektion_22_323.png,145,166
sektion_22_324.png,143,167
sektion_22_325.png,145,165
sektion_22_326.png,147,164
sektion_22_327.png,147,164
sektion_22_328.png,146,167
sektion_22_329.png,147,169
sektion_22_33.png,148,170
sektion_22_330.png,162,172
sektion_22_331.png,150,170
sektion_22_332.png,150,172
sektion_22_333.png,146,184
sektion_22_334.png,141,193
sektion_22_335.png,141,192
sektion_22_336.png,142,183
sektion_22_337.png,148,156
sektion_22_338.png,141,133
sektion_22_339.png,136,130
sektion_22_34.png,132,130
sektion_22_340.png,150,186
sektion_22_341.png,132,130
sektion_22_342.png,136,131
sektion_22_343.png,138,133
sektion_22_344.png,141,134
sektion_22_345.png,146,137
sektion_22_346.png,145,139
sektion_22_347.png,148,141
sektion_22_348.png,148,144
sektion_22_349.png,149,146
sektion_22_35.png,147,150
sektion_22_350.png,139,196
sektion_22_351.png,148,150
sektion_22_352.png,148,149
sektion_22_353.png,148,150
sektion_22_354.png,149,151
sektion_22_355.png,148,151
sektion_22_356.png,150,150
sektion_22_357.png,151,149
sektion_22_358.png,152,148
sektion_22_359.png,152,148
sektion_22_36.png,152,147
sektion_22_360.png,129,202
sektion_22_361.png,147,146
sektion_22_362.png,146,145
sektion_22_363.png,148,142
sektion_22_364.png,145,141
sektion_22_365.png,144,143
sektion_22_366.png,145,140
sektion_22_367.png,146,137
sektion_22_368.png,143,133
sektion_22_369.png,143,132
sektion_22_37.png,138,130
sektion_22_370.png,123,206
sektion_22_371.png,136,130
sektion_22_372.png,134,129
sektion_22_373.png,130,128
sektion_22_374.png,132,129
sektion_22_375.png,132,130
sektion_22_376.png,130,130
sektion_22_377.png,130,130
sektion_22_378.png,130,130
sektion_22_379.png,134,130
sektion_22_38.png,139,140
sektion_22_380.png,122,207
sektion_22_381.png,127,148
sektion_22_382.png,122,148
sektion_22_383.png,119,142
sektion_22_384.png,119,135
sektion_22_385.png,119,133
sektion_22_386.png,119,133
sektion_22_387.png,120,130
sektion_22_388.png,123,129
sektion_22_389.png,125,131
sektion_22_39.png,124,129
sektion_22_390.png,126,203
sektion_22_391.png,129,130
sektion_22_392.png,138,137
sektion_22_393.png,153,145
sektion_22_394.png,162,150
sektion_22_395.png,166,152
sektion_22_396.png,165,159
sektion_22_397.png,165,165
sektion_22_398.png,151,166
sektion_22_399.png,136,164
sektion_22_4.png,127,165
sektion_22_40.png,181,171
sektion_22_400.png,131,198
sektion_22_401.png,127,165
sektion_22_402.png,136,163
sektion_22_403.png,145,161
sektion_22_404.png,151,158
sektion_22_405.png,157,157
sektion_22_406.png,163,158
sektion_22_407.png,166,158
sektion_22_408.png,165,152
sektion_22_409.png,163,149
sektion_22_41.png,162,144
sektion_22_410.png,136,194
sektion_22_411.png,159,138
sektion_22_412.png,156,135
sektion_22_413.png,152,135
sektion_22_414.png,148,133
sektion_22_415.png,145,131
sektion_22_416.png,142,130
sektion_22_417.png,136,133
sektion_22_418.png,131,124
sektion_22_419.png,132,118
sektion_22_42.png,132,121
sektion_22_420.png,141,191
sektion_22_421.png,127,123
sektion_22_422.png,125,118
sektion_22_423.png,126,115
sektion_22_424.png,127,115
sektion_22_425.png,133,114
sektion_22_426.png,134,117
sektion_22_427.png,132,122
sektion_22_428.png,131,127
sektion_22_429.png,132,134
sektion_22_43.png,131,138
sektion_22_430.png,144,191
sektion_22_431.png,129,142
sektion_22_432.png,127,145
sektion_22_433.png,122,151
sektion_22_434.png,117,155
sektion_22_435.png,113,158
sektion_22_436.png,109,160
sektion_22_437.png,110,160
sektion_22_438.png,112,160
sektion_22_439.png,111,161
sektion_22_44.png,112,163
sektion_22_440.png,145,191
sektion_22_441.png,113,164
sektion_22_442.png,117,166
sektion_22_443.png,125,164
sektion_22_444.png,129,164
sektion_22_445.png,137,162
sektion_22_446.png,141,162
sektion_22_447.png,146,162
sektion_22_448.png,150,163
sektion_22_449.png,152,163
sektion_22_45.png,151,166
sektion_22_450.png,146,187
sektion_22_451.png,150,167
sektion_22_452.png,149,170
sektion_22_453.png,149,173
sektion_22_454.png,149,174
sektion_22_455.png,150,174
sektion_22_456.png,151,174
sektion_22_457.png,153,174
sektion_22_458.png,154,176
sektion_22_459.png,155,178
sektion_22_46.png,155,178
sektion_22_460.png,147,183
sektion_22_461.png,154,177
sektion_22_462.png,153,176
sektion_22_463.png,154,176
sektion_22_464.png,157,175
sektion_22_465.png,158,172
sektion_22_466.png,159,170
sektion_22_467.png,160,167
sektion_22_468.png,161,163
sektion_22_469.png,162,161
sektion_22_47.png,163,159
sektion_22_470.png,148,182
sektion_22_471.png,163,158
sektion_22_472.png,163,155
sektion_22_473.png,163,155
sektion_22_474.png,164,153
sektion_22_475.png,163,152
sektion_22_476.png,163,152
sektion_22_477.png,163,151
sektion_22_478.png,160,148
sektion_22_479.png,157,146
sektion_22_48.png,155,142
sektion_22_480.png,150,182
sektion_22_481.png,154,139
sektion_22_482.png,150,134
sektion_22_483.png,138,132
sektion_22_484.png,138,130
sektion_22_485.png,138,130
sektion_22_486.png,138,130
sektion_22_487.png,136,132
sektion_22_49.png,134,133
sektion_22_5.png,156,179
sektion_22_50.png,185,173
sektion_22_51.png,159,168
sektion_22_52.png,161,163
sektion_22_53.png,164,159
sektion_22_54.png,165,156
sektion_22_55.png,167,154
sektion_22_56.png,168,156
sektion_22_57.png,169,159
sektion_22_58.png,169,161
sektion_22_59.png,171,160
sektion_22_6.png,172,161
sektion_22_60.png,189,174
sektion_22_61.png,174,166
sektion_22_62.png,176,168
sektion_22_63.png,178,171
sektion_22_64.png,180,173
sektion_22_65.png,182,176
sektion_22_66.png,183,179
sektion_22_67.png,184,179
sektion_22_68.png,185,180
sektion_22_69.png,184,179
sektion_22_7.png,182,177
sektion_22_70.png,192,173
sektion_22_71.png,184,178
sektion_22_72.png,186,180
sektion_22_73.png,187,180
sektion_22_74.png,186,181
sektion_22_75.png,185,180
sektion_22_76.png,183,179
sektion_22_77.png,181,176
sektion_22_78.png,181,176
sektion_22_79.png,180,172
sektion_22_8.png,177,170
sektion_22_80.png,194,172
sektion_22_81.png,171,169
sektion_22_82.png,163,167
sektion_22_83.png,156,169
sektion_22_84.png,155,170
sektion_22_85.png,160,171
sektion_22_86.png,168,171
sektion_22_87.png,174,174
sektion_22_88.png,179,175
sektion_22_89.png,184,178
sektion_22_9.png,183,179
sektion_22_90.png,194,171
sektion_22_91.png,183,179
sektion_22_92.png,181,177
sektion_22_93.png,179,173
sektion_22_94.png,175,171
sektion_22_95.png,170,170
sektion_22_96.png,163,170
sektion_22_97.png,160,168
sektion_22_98.png,161,170
sektion_22_99.png,160,175
sektion_23_0.png,159,181
sektion_23_1.png,180,171
sektion_23_10.png,180,170
sektion_23_100.png,194,171
sektion_23_101.png,159,186
sektion_23_102.png,149,190
sektion_23_103.png,137,194
sektion_23_104.png,126,201
sektion_23_105.png,121,205
sektion_23_106.png,121,206
sektion_23_107.png,120,207
sektion_23_108.png,118,209
sektion_23_109.png,118,213
sektion_23_11.png,117,214
sektion_23_110.png,193,171
sektion_23_111.png,117,214
sektion_23_112.png,117,215
sektion_23_113.png,116,216
sektion_23_114.png,115,216
sektion_23_115.png,115,217
sektion_23_116.png,114,217
sektion_23_117.png,114,217
sektion_23_118.png,114,218
sektion_23_119.png,113,219
sektion_23_12.png,112,219
sektion_23_120.png,192,172
sektion_23_121.png,111,219
sektion_23_122.png,111,220
sektion_23_123.png,112,219
sektion_23_124.png,111,220
sektion_23_125.png,112,219
sektion_23_126.png,114,218
sektion_23_127.png,114,218
sektion_23_128.png,114,218
sektion_23_129.png,113,219
sektion_23_13.png,112,219
sektion_23_130.png,191,172
sektion_23_131.png,111,219
sektion_23_132.png,110,219
sektion_23_133.png,109,220
sektion_23_134.png,107,220
sektion_23_135.png,108,220
sektion_23_136.png,110,220
sektion_23_137.png,110,220
sektion_23_138.png,110,220
sektion_23_139.png,111,220
sektion_23_14.png,112,219
sektion_23_140.png,188,173
sektion_23_141.png,113,219
sektion_23_142.png,113,218
sektion_23_143.png,112,218
sektion_23_144.png,112,218
sektion_23_145.png,115,217
sektion_23_146.png,113,217
sektion_23_147.png,109,217
sektion_23_148.png,112,206
sektion_23_149.png,120,164
sektion_23_15.png,117,180
sektion_23_150.png,185,174
sektion_23_151.png,110,214
sektion_23_152.png,112,215
sektion_23_153.png,116,214
sektion_23_154.png,119,212
sektion_23_155.png,118,212
sektion_23_156.png,120,204
sektion_23_157.png,132,176
sektion_23_158.png,146,145
sektion_23_159.png,148,143
sektion_23_16.png,150,146
sektion_23_160.png,184,174
sektion_23_161.png,151,146
sektion_23_162.png,153,148
sektion_23_163.png,155,149
sektion_23_164.png,155,150
sektion_23_165.png,156,148
sektion_23_166.png,156,146
sektion_23_167.png,156,142
sektion_23_168.png,154,140
sektion_23_169.png,150,139
sektion_23_17.png,148,139
sektion_23_170.png,183,174
sektion_23_171.png,148,138
sektion_23_172.png,149,136
sektion_23_173.png,147,133
sektion_23_174.png,148,137
sektion_23_175.png,149,138
sektion_23_176.png,151,140
sektion_23_177.png,158,147
sektion_23_178.png,160,146
sektion_23_179.png,150,139
sektion_23_18.png,136,117
sektion_23_180.png,182,174
sektion_23_181.png,142,96
sektion_23_182.png,144,110
sektion_23_183.png,147,133
sektion_23_184.png,146,136
sektion_23_185.png,144,145
sektion_23_186.png,145,144
sektion_23_187.png,143,148
sektion_23_188.png,145,137
sektion_23_189.png,147,131
sektion_23_19.png,143,143
sektion_23_190.png,181,172
sektion_23_191.png,141,146
sektion_23_192.png,145,142
sektion_23_193.png,150,149
sektion_23_194.png,140,128
sektion_23_195.png,137,98
sektion_23_196.png,144,90
sektion_23_197.png,144,95
sektion_23_198.png,143,100
sektion_23_199.png,141,103
sektion_23_2.png,138,102
sektion_23_20.png,181,170
sektion_23_200.png,180,171
sektion_23_201.png,135,107
sektion_23_202.png,134,114
sektion_23_203.png,128,136
sektion_23_204.png,127,166
sektion_23_205.png,125,178
sektion_23_206.png,130,176
sektion_23_207.png,163,162
sektion_23_208.png,168,155
sektion_23_209.png,155,150
sektion_23_21.png,147,159
sektion_23_210.png,179,170
sektion_23_211.png,146,160
sektion_23_212.png,146,157
sektion_23_213.png,151,154
sektion_23_214.png,150,153
sektion_23_215.png,149,146
sektion_23_216.png,153,146
sektion_23_217.png,154,144
sektion_23_218.png,152,147
sektion_23_219.png,144,175
sektion_23_22.png,147,177
sektion_23_220.png,178,168
sektion_23_221.png,147,175
sektion_23_222.png,147,175
sektion_23_223.png,148,175
sektion_23_224.png,147,175
sektion_23_225.png,146,176
sektion_23_226.png,146,177
sektion_23_227.png,147,175
sektion_23_228.png,148,172
sektion_23_229.png,148,167
sektion_23_23.png,151,155
sektion_23_230.png,178,165
sektion_23_231.png,151,156
sektion_23_232.png,148,160
sektion_23_233.png,147,158
sektion_23_234.png,145,155
sektion_23_235.png,145,150
sektion_23_236.png,144,151
sektion_23_237.png,138,165
sektion_23_238.png,133,175
sektion_23_239.png,129,175
sektion_23_24.png,130,168
sektion_23_240.png,176,162
sektion_23_241.png,130,160
sektion_23_242.png,130,159
sektion_23_243.png,131,162
sektion_23_244.png,132,163
sektion_23_245.png,132,162
sektion_23_246.png,132,161
sektion_23_247.png,133,161
sektion_23_248.png,135,154
sektion_23_249.png,138,154
sektion_23_25.png,141,154
sektion_23_250.png,174,160
sektion_23_251.png,141,153
sektion_23_252.png,138,161
sektion_23_253.png,133,168
sektion_23_254.png,135,166
sektion_23_255.png,138,165
sektion_23_256.png,136,174
sektion_23_257.png,136,183
sektion_23_258.png,143,187
sektion_23_259.png,148,190
sektion_23_26.png,152,192
sektion_23_260.png,173,161
sektion_23_261.png,156,190
sektion_23_262.png,155,186
sektion_23_263.png,154,182
sektion_23_264.png,154,181
sektion_23_265.png,155,183
sektion_23_266.png,156,185
sektion_23_267.png,155,185
sektion_23_268.png,150,190
sektion_23_269.png,150,189
sektion_23_27.png,148,191
sektion_23_270.png,172,162
sektion_23_271.png,141,190
sektion_23_272.png,133,165
sektion_23_273.png,127,141
sektion_23_274.png,125,132
sektion_23_275.png,124,133
sektion_23_276.png,120,151
sektion_23_277.png,112,192
sektion_23_278.png,114,207
sektion_23_279.png,116,211
sektion_23_28.png,112,212
sektion_23_280.png,172,163
sektion_23_281.png,109,215
sektion_23_282.png,110,215
sektion_23_283.png,113,215
sektion_23_284.png,112,214
sektion_23_285.png,113,212
sektion_23_286.png,116,213
sektion_23_287.png,125,210
sektion_23_288.png,136,210
sektion_23_289.png,139,210
sektion_23_29.png,139,210
sektion_23_290.png,174,164
sektion_23_291.png,145,201
sektion_23_292.png,147,182
sektion_23_293.png,142,169
sektion_23_294.png,134,171
sektion_23_295.png,134,171
sektion_23_296.png,135,169
sektion_23_297.png,138,163
sektion_23_298.png,144,155
sektion_23_299.png,148,150
sektion_23_3.png,147,153
sektion_23_30.png,180,169
sektion_23_300.png,175,162
sektion_23_301.png,143,160
sektion_23_302.png,140,165
sektion_23_303.png,140,165
sektion_23_304.png,139,165
sektion_23_305.png,139,162
sektion_23_306.png,144,157
sektion_23_307.png,149,152
sektion_23_308.png,152,156
sektion_23_309.png,147,170
sektion_23_31.png,143,180
sektion_23_310.png,175,162
sektion_23_311.png,146,180
sektion_23_312.png,151,175
sektion_23_313.png,153,171
sektion_23_314.png,156,163
sektion_23_315.png,159,160
sektion_23_316.png,160,158
sektion_23_317.png,158,159
sektion_23_318.png,156,160
sektion_23_319.png,152,159
sektion_23_32.png,149,159
sektion_23_320.png,173,164
sektion_23_321.png,149,161
sektion_23_322.png,148,164
sektion_23_323.png,147,163
sektion_23_324.png,145,164
sektion_23_325.png,146,164
sektion_23_326.png,146,163
sektion_23_327.png,148,161
sektion_23_328.png,148,164
sektion_23_329.png,147,168
sektion_23_33.png,148,170
sektion_23_330.png,175,165
sektion_23_331.png,151,170
sektion_23_332.png,151,170
sektion_23_333.png,145,180
sektion_23_334.png,137,196
sektion_23_335.png,138,195
sektion_23_336.png,139,186
sektion_23_337.png,147,159
sektion_23_338.png,149,136
sektion_23_339.png,145,133
sektion_23_34.png,145,139
sektion_23_340.png,172,174
sektion_23_341.png,144,143
sektion_23_342.png,146,148
sektion_23_343.png,145,153
sektion_23_344.png,146,158
sektion_23_345.png,146,161
sektion_23_346.png,147,164
sektion_23_347.png,148,166
sektion_23_348.png,148,168
sektion_23_349.png,147,169
sektion_23_35.png,147,171
sektion_23_350.png,158,186
sektion_23_351.png,145,172
sektion_23_352.png,144,173
sektion_23_353.png,144,173
sektion_23_354.png,146,173
sektion_23_355.png,146,172
sektion_23_356.png,147,172
sektion_23_357.png,149,170
sektion_23_358.png,149,170
sektion_23_359.png,150,169
sektion_23_36.png,151,168
sektion_23_360.png,140,198
sektion_23_361.png,151,167
sektion_23_362.png,151,166
sektion_23_363.png,151,164
sektion_23_364.png,151,163
sektion_23_365.png,150,162
sektion_23_366.png,150,160
sektion_23_367.png,150,156
sektion_23_368.png,150,151
sektion_23_369.png,151,146
sektion_23_37.png,148,142
sektion_23_370.png,127,204
sektion_23_371.png,146,138
sektion_23_372.png,143,134
sektion_23_373.png,139,133
sektion_23_374.png,139,131
sektion_23_375.png,139,130
sektion_23_376.png,136,131
sektion_23_377.png,132,130
sektion_23_378.png,132,127
sektion_23_379.png,136,128
sektion_23_38.png,139,133
sektion_23_380.png,124,205
sektion_23_381.png,129,149
sektion_23_382.png,121,156
sektion_23_383.png,117,154
sektion_23_384.png,116,149
sektion_23_385.png,116,145
sektion_23_386.png,117,143
sektion_23_387.png,119,141
sektion_23_388.png,121,138
sektion_23_389.png,124,137
sektion_23_39.png,126,137
sektion_23_390.png,127,205
sektion_23_391.png,129,138
sektion_23_392.png,128,139
sektion_23_393.png,133,140
sektion_23_394.png,146,143
sektion_23_395.png,160,149
sektion_23_396.png,167,157
sektion_23_397.png,168,161
sektion_23_398.png,164,164
sektion_23_399.png,153,163
sektion_23_4.png,138,163
sektion_23_40.png,180,169
sektion_23_400.png,134,198
sektion_23_401.png,128,163
sektion_23_402.png,128,163
sektion_23_403.png,135,160
sektion_23_404.png,143,158
sektion_23_405.png,151,158
sektion_23_406.png,156,160
sektion_23_407.png,161,159
sektion_23_408.png,164,156
sektion_23_409.png,164,154
sektion_23_41.png,163,151
sektion_23_410.png,141,193
sektion_23_411.png,162,148
sektion_23_412.png,161,146
sektion_23_413.png,160,143
sektion_23_414.png,155,140
sektion_23_415.png,153,138
sektion_23_416.png,151,135
sektion_23_417.png,137,138
sektion_23_418.png,132,135
sektion_23_419.png,128,130
sektion_23_42.png,128,126
sektion_23_420.png,140,193
sektion_23_421.png,126,125
sektion_23_422.png,126,124
sektion_23_423.png,131,121
sektion_23_424.png,135,118
sektion_23_425.png,139,117
sektion_23_426.png,138,119
sektion_23_427.png,134,122
sektion_23_428.png,134,128
sektion_23_429.png,133,131
sektion_23_43.png,132,133
sektion_23_430.png,141,193
sektion_23_431.png,130,133
sektion_23_432.png,126,136
sektion_23_433.png,121,142
sektion_23_434.png,116,149
sektion_23_435.png,113,154
sektion_23_436.png,113,159
sektion_23_437.png,113,159
sektion_23_438.png,114,160
sektion_23_439.png,115,163
sektion_23_44.png,117,166
sektion_23_440.png,144,190
sektion_23_441.png,121,168
sektion_23_442.png,128,168
sektion_23_443.png,137,166
sektion_23_444.png,144,165
sektion_23_445.png,152,161
sektion_23_446.png,157,159
sektion_23_447.png,161,160
sektion_23_448.png,164,162
sektion_23_449.png,166,164
sektion_23_45.png,164,166
sektion_23_450.png,149,187
sektion_23_451.png,162,169
sektion_23_452.png,160,173
sektion_23_453.png,159,174
sektion_23_454.png,159,176
sektion_23_455.png,160,178
sektion_23_456.png,160,179
sektion_23_457.png,161,180
sektion_23_458.png,160,183
sektion_23_459.png,159,185
sektion_23_46.png,156,187
sektion_23_460.png,149,187
sektion_23_461.png,154,188
sektion_23_462.png,152,188
sektion_23_463.png,151,188
sektion_23_464.png,155,187
sektion_23_465.png,154,186
sektion_23_466.png,156,183
sektion_23_467.png,158,180
sektion_23_468.png,160,176
sektion_23_469.png,162,173
sektion_23_47.png,165,170
sektion_23_470.png,148,186
sektion_23_471.png,166,169
sektion_23_472.png,167,169
sektion_23_473.png,167,166
sektion_23_474.png,166,166
sektion_23_475.png,166,168
sektion_23_476.png,164,169
sektion_23_477.png,161,170
sektion_23_478.png,158,170
sektion_23_479.png,156,169
sektion_23_48.png,155,166
sektion_23_480.png,152,175
sektion_23_481.png,155,163
sektion_23_482.png,153,156
sektion_23_483.png,147,147
sektion_23_484.png,149,140
sektion_23_485.png,148,134
sektion_23_486.png,145,132
sektion_23_487.png,141,131
sektion_23_49.png,139,132
sektion_23_5.png,158,160
sektion_23_50.png,182,170
sektion_23_51.png,156,151
sektion_23_52.png,155,147
sektion_23_53.png,155,145
sektion_23_54.png,153,149
sektion_23_55.png,151,156
sektion_23_56.png,150,163
sektion_23_57.png,150,166
sektion_23_58.png,151,171
sektion_23_59.png,153,175
sektion_23_6.png,151,175
sektion_23_60.png,185,173
sektion_23_61.png,147,174
sektion_23_62.png,147,175
sektion_23_63.png,147,174
sektion_23_64.png,150,174
sektion_23_65.png,154,174
sektion_23_66.png,160,173
sektion_23_67.png,167,172
sektion_23_68.png,171,172
sektion_23_69.png,174,172
sektion_23_7.png,178,173
sektion_23_70.png,189,173
sektion_23_71.png,180,174
sektion_23_72.png,183,174
sektion_23_73.png,185,177
sektion_23_74.png,186,179
sektion_23_75.png,187,181
sektion_23_76.png,186,182
sektion_23_77.png,187,183
sektion_23_78.png,187,183
sektion_23_79.png,188,183
sektion_23_8.png,188,183
sektion_23_80.png,193,172
sektion_23_81.png,186,181
sektion_23_82.png,184,178
sektion_23_83.png,180,174
sektion_23_84.png,173,172
sektion_23_85.png,167,170
sektion_23_86.png,163,171
sektion_23_87.png,160,173
sektion_23_88.png,162,174
sektion_23_89.png,171,176
sektion_23_9.png,176,176
sektion_23_90.png,194,172
sektion_23_91.png,181,178
sektion_23_92.png,185,180
sektion_23_93.png,186,182
sektion_23_94.png,183,179
sektion_23_95.png,177,174
sektion_23_96.png,170,171
sektion_23_97.png,164,171
sektion_23_98.png,162,169
sektion_23_99.png,163,171
sektion_24_0.png,163,178
sektion_24_1.png,186,174
sektion_24_10.png,183,173
sektion_24_100.png,196,167
sektion_24_101.png,160,182
sektion_24_102.png,152,189
sektion_24_103.png,144,193
sektion_24_104.png,135,197
sektion_24_105.png,125,204
sektion_24_106.png,118,211
sektion_24_107.png,116,211
sektion_24_108.png,118,208
sektion_24_109.png,118,209
sektion_24_11.png,118,211
sektion_24_110.png,196,166
sektion_24_111.png,117,213
sektion_24_112.png,117,214
sektion_24_113.png,116,215
sektion_24_114.png,116,215
sektion_24_115.png,115,215
sektion_24_116.png,114,216
sektion_24_117.png,115,217
sektion_24_118.png,115,217
sektion_24_119.png,114,218
sektion_24_12.png,113,218
sektion_24_120.png,196,168
sektion_24_121.png,112,218
sektion_24_122.png,111,219
sektion_24_123.png,111,219
sektion_24_124.png,112,219
sektion_24_125.png,112,219
sektion_24_126.png,110,220
sektion_24_127.png,110,220
sektion_24_128.png,112,219
sektion_24_129.png,114,218
sektion_24_13.png,114,218
sektion_24_130.png,196,170
sektion_24_131.png,114,218
sektion_24_132.png,114,218
sektion_24_133.png,113,219
sektion_24_134.png,113,219
sektion_24_135.png,113,218
sektion_24_136.png,113,219
sektion_24_137.png,114,218
sektion_24_138.png,115,217
sektion_24_139.png,115,217
sektion_24_14.png,115,216
sektion_24_140.png,193,174
sektion_24_141.png,115,217
sektion_24_142.png,114,216
sektion_24_143.png,114,216
sektion_24_144.png,114,216
sektion_24_145.png,115,217
sektion_24_146.png,113,218
sektion_24_147.png,110,218
sektion_24_148.png,111,215
sektion_24_149.png,112,208
sektion_24_15.png,113,209
sektion_24_150.png,191,175
sektion_24_151.png,113,213
sektion_24_152.png,114,213
sektion_24_153.png,116,212
sektion_24_154.png,119,207
sektion_24_155.png,127,187
sektion_24_156.png,140,160
sektion_24_157.png,150,145
sektion_24_158.png,150,148
sektion_24_159.png,151,151
sektion_24_16.png,154,152
sektion_24_160.png,190,175
sektion_24_161.png,155,151
sektion_24_162.png,155,150
sektion_24_163.png,154,149
sektion_24_164.png,154,148
sektion_24_165.png,156,146
sektion_24_166.png,155,145
sektion_24_167.png,154,141
sektion_24_168.png,151,139
sektion_24_169.png,149,137
sektion_24_17.png,146,136
sektion_24_170.png,188,175
sektion_24_171.png,149,136
sektion_24_172.png,149,135
sektion_24_173.png,150,137
sektion_24_174.png,151,134
sektion_24_175.png,155,136
sektion_24_176.png,160,145
sektion_24_177.png,158,147
sektion_24_178.png,155,142
sektion_24_179.png,156,142
sektion_24_18.png,156,142
sektion_24_180.png,187,175
sektion_24_181.png,148,124
sektion_24_182.png,145,111
sektion_24_183.png,146,114
sektion_24_184.png,144,125
sektion_24_185.png,145,132
sektion_24_186.png,146,138
sektion_24_187.png,146,139
sektion_24_188.png,145,136
sektion_24_189.png,139,133
sektion_24_19.png,134,135
sektion_24_190.png,185,172
sektion_24_191.png,133,137
sektion_24_192.png,146,141
sektion_24_193.png,146,146
sektion_24_194.png,139,106
sektion_24_195.png,146,78
sektion_24_196.png,142,91
sektion_24_197.png,143,99
sektion_24_198.png,145,93
sektion_24_199.png,135,102
sektion_24_2.png,136,107
sektion_24_20.png,182,171
sektion_24_200.png,183,171
sektion_24_201.png,133,112
sektion_24_202.png,129,123
sektion_24_203.png,140,143
sektion_24_204.png,139,165
sektion_24_205.png,124,179
sektion_24_206.png,127,179
sektion_24_207.png,151,163
sektion_24_208.png,165,155
sektion_24_209.png,160,153
sektion_24_21.png,150,157
sektion_24_210.png,181,168
sektion_24_211.png,148,163
sektion_24_212.png,148,158
sektion_24_213.png,153,161
sektion_24_214.png,147,167
sektion_24_215.png,146,155
sektion_24_216.png,151,151
sektion_24_217.png,150,147
sektion_24_218.png,149,142
sektion_24_219.png,146,158
sektion_24_22.png,144,179
sektion_24_220.png,180,168
sektion_24_221.png,146,177
sektion_24_222.png,147,175
sektion_24_223.png,148,174
sektion_24_224.png,147,175
sektion_24_225.png,146,176
sektion_24_226.png,146,176
sektion_24_227.png,146,175
sektion_24_228.png,148,172
sektion_24_229.png,148,166
sektion_24_23.png,147,160
sektion_24_230.png,180,169
sektion_24_231.png,149,158
sektion_24_232.png,147,159
sektion_24_233.png,146,155
sektion_24_234.png,144,155
sektion_24_235.png,145,143
sektion_24_236.png,146,143
sektion_24_237.png,139,164
sektion_24_238.png,135,172
sektion_24_239.png,132,178
sektion_24_24.png,131,171
sektion_24_240.png,179,170
sektion_24_241.png,131,167
sektion_24_242.png,131,172
sektion_24_243.png,132,173
sektion_24_244.png,133,166
sektion_24_245.png,134,155
sektion_24_246.png,132,157
sektion_24_247.png,127,167
sektion_24_248.png,131,168
sektion_24_249.png,133,170
sektion_24_25.png,132,169
sektion_24_250.png,179,169
sektion_24_251.png,132,166
sektion_24_252.png,130,169
sektion_24_253.png,130,170
sektion_24_254.png,134,165
sektion_24_255.png,140,160
sektion_24_256.png,137,172
sektion_24_257.png,136,183
sektion_24_258.png,143,185
sektion_24_259.png,149,189
sektion_24_26.png,153,194
sektion_24_260.png,180,168
sektion_24_261.png,157,191
sektion_24_262.png,157,185
sektion_24_263.png,156,181
sektion_24_264.png,154,180
sektion_24_265.png,155,183
sektion_24_266.png,157,185
sektion_24_267.png,154,185
sektion_24_268.png,153,186
sektion_24_269.png,149,189
sektion_24_27.png,141,190
sektion_24_270.png,180,168
sektion_24_271.png,131,178
sektion_24_272.png,125,150
sektion_24_273.png,124,133
sektion_24_274.png,125,131
sektion_24_275.png,124,137
sektion_24_276.png,122,168
sektion_24_277.png,115,203
sektion_24_278.png,107,212
sektion_24_279.png,108,214
sektion_24_28.png,110,214
sektion_24_280.png,180,170
sektion_24_281.png,110,215
sektion_24_282.png,110,214
sektion_24_283.png,111,214
sektion_24_284.png,115,214
sektion_24_285.png,119,213
sektion_24_286.png,130,210
sektion_24_287.png,137,208
sektion_24_288.png,142,209
sektion_24_289.png,140,210
sektion_24_29.png,138,205
sektion_24_290.png,181,171
sektion_24_291.png,136,186
sektion_24_292.png,138,167
sektion_24_293.png,136,162
sektion_24_294.png,134,166
sektion_24_295.png,137,158
sektion_24_296.png,137,160
sektion_24_297.png,137,161
sektion_24_298.png,137,158
sektion_24_299.png,141,153
sektion_24_3.png,142,152
sektion_24_30.png,180,170
sektion_24_300.png,182,172
sektion_24_301.png,141,156
sektion_24_302.png,139,159
sektion_24_303.png,139,160
sektion_24_304.png,140,157
sektion_24_305.png,140,154
sektion_24_306.png,141,152
sektion_24_307.png,141,152
sektion_24_308.png,142,153
sektion_24_309.png,143,156
sektion_24_31.png,142,167
sektion_24_310.png,181,172
sektion_24_311.png,141,175
sektion_24_312.png,142,181
sektion_24_313.png,145,179
sektion_24_314.png,152,171
sektion_24_315.png,158,165
sektion_24_316.png,162,163
sektion_24_317.png,161,161
sektion_24_318.png,159,160
sektion_24_319.png,156,156
sektion_24_32.png,154,153
sektion_24_320.png,181,172
sektion_24_321.png,152,152
sektion_24_322.png,152,155
sektion_24_323.png,149,157
sektion_24_324.png,148,160
sektion_24_325.png,144,163
sektion_24_326.png,145,163
sektion_24_327.png,147,161
sektion_24_328.png,148,162
sektion_24_329.png,147,168
sektion_24_33.png,147,171
sektion_24_330.png,183,171
sektion_24_331.png,150,170
sektion_24_332.png,152,169
sektion_24_333.png,148,177
sektion_24_334.png,140,193
sektion_24_335.png,139,193
sektion_24_336.png,138,189
sektion_24_337.png,142,172
sektion_24_338.png,143,162
sektion_24_339.png,140,162
sektion_24_34.png,141,164
sektion_24_340.png,182,174
sektion_24_341.png,142,167
sektion_24_342.png,142,170
sektion_24_343.png,142,174
sektion_24_344.png,142,178
sektion_24_345.png,143,181
sektion_24_346.png,144,183
sektion_24_347.png,144,183
sektion_24_348.png,144,184
sektion_24_349.png,144,185
sektion_24_35.png,143,185
sektion_24_350.png,175,179
sektion_24_351.png,142,186
sektion_24_352.png,141,187
sektion_24_353.png,141,187
sektion_24_354.png,142,187
sektion_24_355.png,143,186
sektion_24_356.png,144,186
sektion_24_357.png,145,185
sektion_24_358.png,146,184
sektion_24_359.png,146,183
sektion_24_36.png,146,183
sektion_24_360.png,157,186
sektion_24_361.png,147,182
sektion_24_362.png,147,181
sektion_24_363.png,147,181
sektion_24_364.png,146,181
sektion_24_365.png,144,180
sektion_24_366.png,145,179
sektion_24_367.png,144,175
sektion_24_368.png,144,172
sektion_24_369.png,145,168
sektion_24_37.png,148,165
sektion_24_370.png,143,186
sektion_24_371.png,149,161
sektion_24_372.png,148,156
sektion_24_373.png,148,151
sektion_24_374.png,147,146
sektion_24_375.png,146,144
sektion_24_376.png,147,139
sektion_24_377.png,139,135
sektion_24_378.png,138,132
sektion_24_379.png,138,128
sektion_24_38.png,138,129
sektion_24_380.png,137,186
sektion_24_381.png,133,143
sektion_24_382.png,121,163
sektion_24_383.png,115,165
sektion_24_384.png,114,161
sektion_24_385.png,114,158
sektion_24_386.png,116,156
sektion_24_387.png,117,153
sektion_24_388.png,120,149
sektion_24_389.png,125,142
sektion_24_39.png,124,147
sektion_24_390.png,136,192
sektion_24_391.png,124,147
sektion_24_392.png,126,142
sektion_24_393.png,129,137
sektion_24_394.png,134,139
sektion_24_395.png,144,147
sektion_24_396.png,156,152
sektion_24_397.png,166,154
sektion_24_398.png,167,161
sektion_24_399.png,164,163
sektion_24_4.png,153,161
sektion_24_40.png,180,169
sektion_24_400.png,142,191
sektion_24_401.png,135,160
sektion_24_402.png,121,160
sektion_24_403.png,119,159
sektion_24_404.png,127,157
sektion_24_405.png,138,157
sektion_24_406.png,143,158
sektion_24_407.png,151,158
sektion_24_408.png,160,156
sektion_24_409.png,163,156
sektion_24_41.png,164,154
sektion_24_410.png,149,188
sektion_24_411.png,165,152
sektion_24_412.png,163,151
sektion_24_413.png,162,149
sektion_24_414.png,161,148
sektion_24_415.png,159,146
sektion_24_416.png,159,142
sektion_24_417.png,150,139
sektion_24_418.png,150,141
sektion_24_419.png,137,138
sektion_24_42.png,126,131
sektion_24_420.png,145,189
sektion_24_421.png,127,127
sektion_24_422.png,131,128
sektion_24_423.png,132,132
sektion_24_424.png,135,130
sektion_24_425.png,135,126
sektion_24_426.png,135,124
sektion_24_427.png,135,126
sektion_24_428.png,133,129
sektion_24_429.png,133,131
sektion_24_43.png,132,130
sektion_24_430.png,142,189
sektion_24_431.png,132,128
sektion_24_432.png,131,129
sektion_24_433.png,128,136
sektion_24_434.png,125,144
sektion_24_435.png,122,151
sektion_24_436.png,120,157
sektion_24_437.png,121,159
sektion_24_438.png,121,162
sektion_24_439.png,121,167
sektion_24_44.png,124,171
sektion_24_440.png,144,187
sektion_24_441.png,129,172
sektion_24_442.png,139,172
sektion_24_443.png,150,169
sektion_24_444.png,157,167
sektion_24_445.png,163,161
sektion_24_446.png,166,160
sektion_24_447.png,169,162
sektion_24_448.png,173,164
sektion_24_449.png,173,166
sektion_24_45.png,173,168
sektion_24_450.png,149,187
sektion_24_451.png,170,171
sektion_24_452.png,168,174
sektion_24_453.png,165,176
sektion_24_454.png,164,177
sektion_24_455.png,164,177
sektion_24_456.png,163,180
sektion_24_457.png,162,182
sektion_24_458.png,160,185
sektion_24_459.png,156,189
sektion_24_46.png,152,191
sektion_24_460.png,151,185
sektion_24_461.png,149,193
sektion_24_462.png,146,195
sektion_24_463.png,143,197
sektion_24_464.png,141,196
sektion_24_465.png,141,195
sektion_24_466.png,143,192
sektion_24_467.png,147,189
sektion_24_468.png,151,185
sektion_24_469.png,156,181
sektion_24_47.png,161,177
sektion_24_470.png,156,168
sektion_24_471.png,163,176
sektion_24_472.png,164,176
sektion_24_473.png,163,178
sektion_24_474.png,161,179
sektion_24_475.png,157,181
sektion_24_476.png,151,185
sektion_24_477.png,146,187
sektion_24_478.png,142,188
sektion_24_479.png,140,188
sektion_24_48.png,140,185
sektion_24_480.png,155,145
sektion_24_481.png,140,182
sektion_24_482.png,144,177
sektion_24_483.png,150,171
sektion_24_484.png,152,164
sektion_24_485.png,152,154
sektion_24_486.png,151,147
sektion_24_487.png,150,140
sektion_24_49.png,148,138
sektion_24_5.png,149,141
sektion_24_50.png,180,171
sektion_24_51.png,152,140
sektion_24_52.png,153,147
sektion_24_53.png,153,155
sektion_24_54.png,155,164
sektion_24_55.png,156,170
sektion_24_56.png,159,172
sektion_24_57.png,160,173
sektion_24_58.png,161,173
sektion_24_59.png,163,172
sektion_24_6.png,162,173
sektion_24_60.png,182,171
sektion_24_61.png,160,175
sektion_24_62.png,159,177
sektion_24_63.png,156,177
sektion_24_64.png,153,178
sektion_24_65.png,150,179
sektion_24_66.png,146,181
sektion_24_67.png,144,181
sektion_24_68.png,142,181
sektion_24_69.png,141,182
sektion_24_7.png,144,180
sektion_24_70.png,185,171
sektion_24_71.png,149,180
sektion_24_72.png,157,179
sektion_24_73.png,166,175
sektion_24_74.png,174,173
sektion_24_75.png,179,174
sektion_24_76.png,182,177
sektion_24_77.png,185,180
sektion_24_78.png,188,182
sektion_24_79.png,187,184
sektion_24_8.png,186,184
sektion_24_80.png,190,170
sektion_24_81.png,187,185
sektion_24_82.png,189,185
sektion_24_83.png,189,185
sektion_24_84.png,188,183
sektion_24_85.png,184,181
sektion_24_86.png,179,177
sektion_24_87.png,173,174
sektion_24_88.png,167,174
sektion_24_89.png,159,175
sektion_24_9.png,161,176
sektion_24_90.png,194,168
sektion_24_91.png,166,177
sektion_24_92.png,173,178
sektion_24_93.png,180,181
sektion_24_94.png,183,182
sektion_24_95.png,183,181
sektion_24_96.png,181,179
sektion_24_97.png,179,177
sektion_24_98.png,169,171
sektion_24_99.png,165,172
sektion_25_0.png,164,176
sektion_25_1.png,189,177
sektion_25_10.png,188,176
sektion_25_100.png,190,169
sektion_25_101.png,158,177
sektion_25_102.png,150,187
sektion_25_103.png,146,194
sektion_25_104.png,141,195
sektion_25_105.png,130,199
sektion_25_106.png,118,207
sektion_25_107.png,113,213
sektion_25_108.png,115,214
sektion_25_109.png,116,211
sektion_25_11.png,119,208
sektion_25_110.png,192,168
sektion_25_111.png,119,209
sektion_25_112.png,119,212
sektion_25_113.png,117,214
sektion_25_114.png,116,214
sektion_25_115.png,114,215
sektion_25_116.png,114,215
sektion_25_117.png,113,215
sektion_25_118.png,113,216
sektion_25_119.png,114,217
sektion_25_12.png,115,217
sektion_25_120.png,193,170
sektion_25_121.png,115,218
sektion_25_122.png,114,218
sektion_25_123.png,114,218
sektion_25_124.png,113,219
sektion_25_125.png,112,219
sektion_25_126.png,111,219
sektion_25_127.png,111,219
sektion_25_128.png,111,219
sektion_25_129.png,111,219
sektion_25_13.png,111,219
sektion_25_130.png,194,175
sektion_25_131.png,111,219
sektion_25_132.png,111,219
sektion_25_133.png,112,219
sektion_25_134.png,113,219
sektion_25_135.png,113,218
sektion_25_136.png,112,219
sektion_25_137.png,112,218
sektion_25_138.png,113,218
sektion_25_139.png,113,218
sektion_25_14.png,113,218
sektion_25_140.png,194,176
sektion_25_141.png,113,218
sektion_25_142.png,113,218
sektion_25_143.png,113,218
sektion_25_144.png,114,217
sektion_25_145.png,113,217
sektion_25_146.png,112,218
sektion_25_147.png,113,217
sektion_25_148.png,114,215
sektion_25_149.png,114,214
sektion_25_15.png,115,212
sektion_25_150.png,194,178
sektion_25_151.png,116,211
sektion_25_152.png,118,204
sektion_25_153.png,125,188
sektion_25_154.png,136,166
sektion_25_155.png,144,150
sektion_25_156.png,148,154
sektion_25_157.png,149,157
sektion_25_158.png,151,156
sektion_25_159.png,150,155
sektion_25_16.png,150,155
sektion_25_160.png,193,178
sektion_25_161.png,151,153
sektion_25_162.png,154,149
sektion_25_163.png,156,148
sektion_25_164.png,156,149
sektion_25_165.png,152,148
sektion_25_166.png,150,146
sektion_25_167.png,151,145
sektion_25_168.png,152,145
sektion_25_169.png,155,144
sektion_25_17.png,155,141
sektion_25_170.png,193,179
sektion_25_171.png,149,136
sektion_25_172.png,141,135
sektion_25_173.png,149,136
sektion_25_174.png,150,135
sektion_25_175.png,150,137
sektion_25_176.png,153,140
sektion_25_177.png,152,141
sektion_25_178.png,151,141
sektion_25_179.png,154,141
sektion_25_18.png,155,141
sektion_25_180.png,191,177
sektion_25_181.png,152,139
sektion_25_182.png,150,135
sektion_25_183.png,150,129
sektion_25_184.png,145,128
sektion_25_185.png,142,130
sektion_25_186.png,144,133
sektion_25_187.png,147,131
sektion_25_188.png,144,138
sektion_25_189.png,139,145
sektion_25_19.png,139,142
sektion_25_190.png,189,175
sektion_25_191.png,144,143
sektion_25_192.png,151,143
sektion_25_193.png,145,141
sektion_25_194.png,141,105
sektion_25_195.png,146,77
sektion_25_196.png,148,84
sektion_25_197.png,144,98
sektion_25_198.png,139,101
sektion_25_199.png,130,108
sektion_25_2.png,131,111
sektion_25_20.png,187,176
sektion_25_200.png,187,173
sektion_25_201.png,130,117
sektion_25_202.png,138,131
sektion_25_203.png,148,144
sektion_25_204.png,142,152
sektion_25_205.png,137,163
sektion_25_206.png,131,171
sektion_25_207.png,133,169
sektion_25_208.png,160,161
sektion_25_209.png,168,159
sektion_25_21.png,162,154
sektion_25_210.png,185,172
sektion_25_211.png,155,157
sektion_25_212.png,147,159
sektion_25_213.png,149,166
sektion_25_214.png,148,169
sektion_25_215.png,144,165
sektion_25_216.png,148,164
sektion_25_217.png,152,158
sektion_25_218.png,151,144
sektion_25_219.png,146,147
sektion_25_22.png,144,177
sektion_25_220.png,185,173
sektion_25_221.png,144,180
sektion_25_222.png,146,178
sektion_25_223.png,147,176
sektion_25_224.png,147,176
sektion_25_225.png,147,177
sektion_25_226.png,146,178
sektion_25_227.png,146,176
sektion_25_228.png,148,171
sektion_25_229.png,149,169
sektion_25_23.png,149,165
sektion_25_230.png,185,173
sektion_25_231.png,149,162
sektion_25_232.png,148,162
sektion_25_233.png,147,158
sektion_25_234.png,148,156
sektion_25_235.png,148,148
sektion_25_236.png,147,143
sektion_25_237.png,134,163
sektion_25_238.png,132,168
sektion_25_239.png,134,168
sektion_25_24.png,131,167
sektion_25_240.png,186,175
sektion_25_241.png,131,168
sektion_25_242.png,133,176
sektion_25_243.png,129,172
sektion_25_244.png,123,159
sektion_25_245.png,129,150
sektion_25_246.png,130,148
sektion_25_247.png,128,154
sektion_25_248.png,131,157
sektion_25_249.png,130,167
sektion_25_25.png,129,173
sektion_25_250.png,186,175
sektion_25_251.png,129,169
sektion_25_252.png,129,166
sektion_25_253.png,128,168
sektion_25_254.png,131,168
sektion_25_255.png,135,168
sektion_25_256.png,137,173
sektion_25_257.png,139,181
sektion_25_258.png,146,185
sektion_25_259.png,148,190
sektion_25_26.png,154,193
sektion_25_260.png,186,175
sektion_25_261.png,159,188
sektion_25_262.png,160,184
sektion_25_263.png,157,183
sektion_25_264.png,156,180
sektion_25_265.png,156,181
sektion_25_266.png,154,184
sektion_25_267.png,152,184
sektion_25_268.png,154,185
sektion_25_269.png,147,188
sektion_25_27.png,135,187
sektion_25_270.png,185,174
sektion_25_271.png,130,168
sektion_25_272.png,126,153
sektion_25_273.png,122,147
sektion_25_274.png,121,146
sektion_25_275.png,122,151
sektion_25_276.png,115,192
sektion_25_277.png,111,211
sektion_25_278.png,109,213
sektion_25_279.png,110,213
sektion_25_28.png,112,214
sektion_25_280.png,185,173
sektion_25_281.png,111,215
sektion_25_282.png,112,215
sektion_25_283.png,114,213
sektion_25_284.png,118,213
sektion_25_285.png,122,212
sektion_25_286.png,131,208
sektion_25_287.png,133,206
sektion_25_288.png,135,196
sektion_25_289.png,132,181
sektion_25_29.png,129,168
sektion_25_290.png,184,174
sektion_25_291.png,129,162
sektion_25_292.png,133,159
sektion_25_293.png,134,160
sektion_25_294.png,133,163
sektion_25_295.png,135,154
sektion_25_296.png,137,154
sektion_25_297.png,136,156
sektion_25_298.png,138,156
sektion_25_299.png,139,154
sektion_25_3.png,140,152
sektion_25_30.png,185,174
sektion_25_300.png,183,173
sektion_25_301.png,141,151
sektion_25_302.png,140,153
sektion_25_303.png,142,153
sektion_25_304.png,140,153
sektion_25_305.png,138,151
sektion_25_306.png,140,151
sektion_25_307.png,141,152
sektion_25_308.png,141,150
sektion_25_309.png,141,152
sektion_25_31.png,140,157
sektion_25_310.png,183,174
sektion_25_311.png,139,165
sektion_25_312.png,141,172
sektion_25_313.png,143,175
sektion_25_314.png,148,174
sektion_25_315.png,154,168
sektion_25_316.png,159,164
sektion_25_317.png,161,164
sektion_25_318.png,159,164
sektion_25_319.png,157,158
sektion_25_32.png,156,153
sektion_25_320.png,184,175
sektion_25_321.png,155,150
sektion_25_322.png,153,152
sektion_25_323.png,152,154
sektion_25_324.png,150,156
sektion_25_325.png,145,160
sektion_25_326.png,144,162
sektion_25_327.png,146,160
sektion_25_328.png,149,159
sektion_25_329.png,151,162
sektion_25_33.png,150,168
sektion_25_330.png,185,176
sektion_25_331.png,150,170
sektion_25_332.png,150,172
sektion_25_333.png,146,177
sektion_25_334.png,138,192
sektion_25_335.png,136,196
sektion_25_336.png,135,192
sektion_25_337.png,134,186
sektion_25_338.png,133,181
sektion_25_339.png,133,182
sektion_25_34.png,137,182
sektion_25_340.png,184,176
sektion_25_341.png,139,182
sektion_25_342.png,143,184
sektion_25_343.png,143,186
sektion_25_344.png,142,187
sektion_25_345.png,144,188
sektion_25_346.png,144,189
sektion_25_347.png,144,188
sektion_25_348.png,143,188
sektion_25_349.png,142,189
sektion_25_35.png,141,190
sektion_25_350.png,181,174
sektion_25_351.png,140,191
sektion_25_352.png,140,191
sektion_25_353.png,139,190
sektion_25_354.png,138,191
sektion_25_355.png,139,191
sektion_25_356.png,141,190
sektion_25_357.png,143,189
sektion_25_358.png,145,189
sektion_25_359.png,144,188
sektion_25_36.png,145,188
sektion_25_360.png,174,172
sektion_25_361.png,145,188
sektion_25_362.png,145,188
sektion_25_363.png,145,188
sektion_25_364.png,144,189
sektion_25_365.png,142,189
sektion_25_366.png,141,189
sektion_25_367.png,140,188
sektion_25_368.png,139,186
sektion_25_369.png,139,184
sektion_25_37.png,144,180
sektion_25_370.png,165,169
sektion_25_371.png,144,177
sektion_25_372.png,144,175
sektion_25_373.png,146,172
sektion_25_374.png,145,168
sektion_25_375.png,146,164
sektion_25_376.png,146,159
sektion_25_377.png,148,150
sektion_25_378.png,148,143
sektion_25_379.png,143,137
sektion_25_38.png,139,133
sektion_25_380.png,158,170
sektion_25_381.png,138,136
sektion_25_382.png,129,157
sektion_25_383.png,117,168
sektion_25_384.png,112,168
sektion_25_385.png,114,167
sektion_25_386.png,117,168
sektion_25_387.png,117,164
sektion_25_388.png,118,157
sektion_25_389.png,125,156
sektion_25_39.png,126,157
sektion_25_390.png,156,177
sektion_25_391.png,128,154
sektion_25_392.png,130,150
sektion_25_393.png,131,147
sektion_25_394.png,130,147
sektion_25_395.png,133,148
sektion_25_396.png,141,149
sektion_25_397.png,150,150
sektion_25_398.png,162,152
sektion_25_399.png,164,156
sektion_25_4.png,162,157
sektion_25_40.png,183,172
sektion_25_400.png,156,178
sektion_25_401.png,149,157
sektion_25_402.png,130,156
sektion_25_403.png,117,157
sektion_25_404.png,114,157
sektion_25_405.png,120,155
sektion_25_406.png,130,154
sektion_25_407.png,138,156
sektion_25_408.png,147,159
sektion_25_409.png,153,157
sektion_25_41.png,159,155
sektion_25_410.png,154,178
sektion_25_411.png,163,153
sektion_25_412.png,163,151
sektion_25_413.png,162,148
sektion_25_414.png,160,147
sektion_25_415.png,160,146
sektion_25_416.png,158,147
sektion_25_417.png,161,147
sektion_25_418.png,155,141
sektion_25_419.png,152,140
sektion_25_42.png,149,139
sektion_25_420.png,157,181
sektion_25_421.png,142,134
sektion_25_422.png,138,132
sektion_25_423.png,140,133
sektion_25_424.png,137,133
sektion_25_425.png,133,130
sektion_25_426.png,134,126
sektion_25_427.png,137,128
sektion_25_428.png,135,130
sektion_25_429.png,134,132
sektion_25_43.png,136,130
sektion_25_430.png,150,182
sektion_25_431.png,138,129
sektion_25_432.png,139,132
sektion_25_433.png,139,138
sektion_25_434.png,139,145
sektion_25_435.png,136,150
sektion_25_436.png,128,157
sektion_25_437.png,128,159
sektion_25_438.png,129,164
sektion_25_439.png,132,169
sektion_25_44.png,137,172
sektion_25_440.png,147,184
sektion_25_441.png,145,172
sektion_25_442.png,156,171
sektion_25_443.png,164,170
sektion_25_444.png,168,168
sektion_25_445.png,173,163
sektion_25_446.png,174,164
sektion_25_447.png,175,165
sektion_25_448.png,175,166
sektion_25_449.png,176,167
sektion_25_45.png,176,168
sektion_25_450.png,152,189
sektion_25_451.png,174,170
sektion_25_452.png,171,172
sektion_25_453.png,169,173
sektion_25_454.png,166,174
sektion_25_455.png,163,176
sektion_25_456.png,163,178
sektion_25_457.png,161,183
sektion_25_458.png,156,189
sektion_25_459.png,150,192
sektion_25_46.png,145,195
sektion_25_460.png,151,174
sektion_25_461.png,140,197
sektion_25_462.png,135,200
sektion_25_463.png,133,201
sektion_25_464.png,130,201
sektion_25_465.png,131,199
sektion_25_466.png,134,197
sektion_25_467.png,138,194
sektion_25_468.png,143,190
sektion_25_469.png,148,186
sektion_25_47.png,153,183
sektion_25_470.png,149,136
sektion_25_471.png,156,181
sektion_25_472.png,156,181
sektion_25_473.png,154,184
sektion_25_474.png,151,187
sektion_25_475.png,145,189
sektion_25_476.png,137,191
sektion_25_477.png,131,193
sektion_25_478.png,128,193
sektion_25_479.png,126,193
sektion_25_48.png,127,192
sektion_25_480.png,155,138
sektion_25_481.png,129,189
sektion_25_482.png,133,188
sektion_25_483.png,138,184
sektion_25_484.png,141,178
sektion_25_485.png,145,171
sektion_25_486.png,147,165
sektion_25_487.png,150,158
sektion_25_49.png,153,150
sektion_25_5.png,153,140
sektion_25_50.png,182,172
sektion_25_51.png,162,151
sektion_25_52.png,168,159
sektion_25_53.png,173,166
sektion_25_54.png,179,172
sektion_25_55.png,182,176
sektion_25_56.png,182,178
sektion_25_57.png,182,177
sektion_25_58.png,183,176
sektion_25_59.png,184,177
sektion_25_6.png,185,177
sektion_25_60.png,181,171
sektion_25_61.png,187,179
sektion_25_62.png,186,180
sektion_25_63.png,185,182
sektion_25_64.png,185,182
sektion_25_65.png,185,182
sektion_25_66.png,183,183
sektion_25_67.png,179,182
sektion_25_68.png,175,181
sektion_25_69.png,171,181
sektion_25_7.png,160,179
sektion_25_70.png,182,171
sektion_25_71.png,156,182
sektion_25_72.png,151,185
sektion_25_73.png,146,187
sektion_25_74.png,145,187
sektion_25_75.png,149,185
sektion_25_76.png,155,182
sektion_25_77.png,162,178
sektion_25_78.png,167,176
sektion_25_79.png,176,174
sektion_25_8.png,181,175
sektion_25_80.png,184,170
sektion_25_81.png,184,179
sektion_25_82.png,187,184
sektion_25_83.png,189,187
sektion_25_84.png,188,188
sektion_25_85.png,186,188
sektion_25_86.png,185,186
sektion_25_87.png,185,184
sektion_25_88.png,184,181
sektion_25_89.png,179,177
sektion_25_9.png,173,177
sektion_25_90.png,187,169
sektion_25_91.png,164,177
sektion_25_92.png,160,177
sektion_25_93.png,165,178
sektion_25_94.png,174,180
sektion_25_95.png,181,181
sektion_25_96.png,184,182
sektion_25_97.png,183,180
sektion_25_98.png,180,179
sektion_25_99.png,174,175
sektion_26_0.png,167,172
sektion_26_1.png,194,181
sektion_26_10.png,193,179
sektion_26_100.png,183,170
sektion_26_101.png,168,174
sektion_26_102.png,155,180
sektion_26_103.png,145,191
sektion_26_104.png,142,195
sektion_26_105.png,139,196
sektion_26_106.png,129,199
sektion_26_107.png,121,204
sektion_26_108.png,120,207
sektion_26_109.png,121,208
sektion_26_11.png,122,208
sektion_26_110.png,184,170
sektion_26_111.png,122,206
sektion_26_112.png,122,206
sektion_26_113.png,120,209
sektion_26_114.png,117,211
sektion_26_115.png,116,213
sektion_26_116.png,115,214
sektion_26_117.png,117,214
sektion_26_118.png,117,215
sektion_26_119.png,116,215
sektion_26_12.png,115,215
sektion_26_120.png,185,171
sektion_26_121.png,114,216
sektion_26_122.png,113,217
sektion_26_123.png,111,217
sektion_26_124.png,111,218
sektion_26_125.png,110,218
sektion_26_126.png,112,218
sektion_26_127.png,113,218
sektion_26_128.png,111,219
sektion_26_129.png,111,219
sektion_26_13.png,111,219
sektion_26_130.png,187,174
sektion_26_131.png,110,219
sektion_26_132.png,110,219
sektion_26_133.png,111,219
sektion_26_134.png,112,219
sektion_26_135.png,113,219
sektion_26_136.png,113,218
sektion_26_137.png,114,217
sektion_26_138.png,114,217
sektion_26_139.png,114,217
sektion_26_14.png,114,217
sektion_26_140.png,187,174
sektion_26_141.png,114,217
sektion_26_142.png,113,218
sektion_26_143.png,113,217
sektion_26_144.png,113,217
sektion_26_145.png,112,216
sektion_26_146.png,113,214
sektion_26_147.png,114,213
sektion_26_148.png,115,212
sektion_26_149.png,116,210
sektion_26_15.png,120,202
sektion_26_150.png,189,176
sektion_26_151.png,130,183
sektion_26_152.png,143,160
sektion_26_153.png,148,147
sektion_26_154.png,144,151
sektion_26_155.png,143,155
sektion_26_156.png,145,155
sektion_26_157.png,150,158
sektion_26_158.png,153,160
sektion_26_159.png,154,161
sektion_26_16.png,154,159
sektion_26_160.png,191,177
sektion_26_161.png,153,156
sektion_26_162.png,150,153
sektion_26_163.png,149,151
sektion_26_164.png,152,152
sektion_26_165.png,149,151
sektion_26_166.png,150,149
sektion_26_167.png,151,148
sektion_26_168.png,155,148
sektion_26_169.png,156,148
sektion_26_17.png,156,144
sektion_26_170.png,192,178
sektion_26_171.png,152,139
sektion_26_172.png,149,137
sektion_26_173.png,151,136
sektion_26_174.png,150,137
sektion_26_175.png,150,139
sektion_26_176.png,151,140
sektion_26_177.png,153,142
sektion_26_178.png,155,145
sektion_26_179.png,157,144
sektion_26_18.png,155,140
sektion_26_180.png,193,178
sektion_26_181.png,156,139
sektion_26_182.png,154,139
sektion_26_183.png,154,139
sektion_26_184.png,152,141
sektion_26_185.png,153,139
sektion_26_186.png,152,135
sektion_26_187.png,149,132
sektion_26_188.png,142,131
sektion_26_189.png,139,134
sektion_26_19.png,145,139
sektion_26_190.png,193,178
sektion_26_191.png,153,142
sektion_26_192.png,152,144
sektion_26_193.png,151,142
sektion_26_194.png,143,118
sektion_26_195.png,140,89
sektion_26_196.png,147,80
sektion_26_197.png,146,90
sektion_26_198.png,138,105
sektion_26_199.png,131,111
sektion_26_2.png,137,109
sektion_26_20.png,192,179
sektion_26_200.png,193,178
sektion_26_201.png,129,115
sektion_26_202.png,141,131
sektion_26_203.png,151,144
sektion_26_204.png,147,144
sektion_26_205.png,152,143
sektion_26_206.png,153,152
sektion_26_207.png,145,157
sektion_26_208.png,149,153
sektion_26_209.png,164,154
sektion_26_21.png,167,154
sektion_26_210.png,193,178
sektion_26_211.png,164,156
sektion_26_212.png,158,156
sektion_26_213.png,150,160
sektion_26_214.png,147,173
sektion_26_215.png,147,174
sektion_26_216.png,143,152
sektion_26_217.png,140,144
sektion_26_218.png,147,160
sektion_26_219.png,145,165
sektion_26_22.png,144,176
sektion_26_220.png,191,178
sektion_26_221.png,143,181
sektion_26_222.png,142,183
sektion_26_223.png,145,181
sektion_26_224.png,146,180
sektion_26_225.png,148,178
sektion_26_226.png,146,179
sektion_26_227.png,144,180
sektion_26_228.png,144,178
sektion_26_229.png,146,174
sektion_26_23.png,147,170
sektion_26_230.png,190,178
sektion_26_231.png,148,167
sektion_26_232.png,147,164
sektion_26_233.png,148,160
sektion_26_234.png,148,158
sektion_26_235.png,148,153
sektion_26_236.png,149,149
sektion_26_237.png,143,158
sektion_26_238.png,139,163
sektion_26_239.png,131,168
sektion_26_24.png,132,163
sektion_26_240.png,190,177
sektion_26_241.png,132,168
sektion_26_242.png,126,170
sektion_26_243.png,126,164
sektion_26_244.png,128,154
sektion_26_245.png,124,148
sektion_26_246.png,124,154
sektion_26_247.png,124,153
sektion_26_248.png,126,156
sektion_26_249.png,125,167
sektion_26_25.png,125,173
sektion_26_250.png,190,177
sektion_26_251.png,127,171
sektion_26_252.png,127,168
sektion_26_253.png,128,170
sektion_26_254.png,131,168
sektion_26_255.png,135,170
sektion_26_256.png,138,176
sektion_26_257.png,143,179
sektion_26_258.png,149,183
sektion_26_259.png,149,189
sektion_26_26.png,154,190
sektion_26_260.png,189,177
sektion_26_261.png,161,186
sektion_26_262.png,161,184
sektion_26_263.png,159,184
sektion_26_264.png,158,183
sektion_26_265.png,157,182
sektion_26_266.png,156,184
sektion_26_267.png,154,185
sektion_26_268.png,155,185
sektion_26_269.png,147,186
sektion_26_27.png,135,182
sektion_26_270.png,187,177
sektion_26_271.png,131,172
sektion_26_272.png,130,164
sektion_26_273.png,123,166
sektion_26_274.png,115,176
sektion_26_275.png,113,189
sektion_26_276.png,111,209
sektion_26_277.png,109,213
sektion_26_278.png,110,214
sektion_26_279.png,111,215
sektion_26_28.png,109,215
sektion_26_280.png,186,177
sektion_26_281.png,108,215
sektion_26_282.png,109,213
sektion_26_283.png,114,203
sektion_26_284.png,118,194
sektion_26_285.png,119,187
sektion_26_286.png,123,168
sektion_26_287.png,128,150
sektion_26_288.png,132,135
sektion_26_289.png,130,138
sektion_26_29.png,125,149
sektion_26_290.png,186,178
sektion_26_291.png,122,158
sektion_26_292.png,125,159
sektion_26_293.png,133,152
sektion_26_294.png,143,145
sektion_26_295.png,136,148
sektion_26_296.png,136,150
sektion_26_297.png,139,152
sektion_26_298.png,140,151
sektion_26_299.png,138,151
sektion_26_3.png,139,150
sektion_26_30.png,189,176
sektion_26_300.png,186,177
sektion_26_301.png,141,150
sektion_26_302.png,140,151
sektion_26_303.png,139,153
sektion_26_304.png,139,153
sektion_26_305.png,138,153
sektion_26_306.png,141,153
sektion_26_307.png,141,154
sektion_26_308.png,141,154
sektion_26_309.png,138,157
sektion_26_31.png,137,159
sektion_26_310.png,186,178
sektion_26_311.png,137,164
sektion_26_312.png,141,168
sektion_26_313.png,144,168
sektion_26_314.png,147,170
sektion_26_315.png,152,168
sektion_26_316.png,159,165
sektion_26_317.png,161,165
sektion_26_318.png,161,165
sektion_26_319.png,159,161
sektion_26_32.png,157,156
sektion_26_320.png,185,177
sektion_26_321.png,155,153
sektion_26_322.png,154,152
sektion_26_323.png,152,152
sektion_26_324.png,151,154
sektion_26_325.png,148,156
sektion_26_326.png,146,158
sektion_26_327.png,147,160
sektion_26_328.png,149,162
sektion_26_329.png,151,165
sektion_26_33.png,151,169
sektion_26_330.png,185,175
sektion_26_331.png,150,173
sektion_26_332.png,150,173
sektion_26_333.png,147,177
sektion_26_334.png,139,189
sektion_26_335.png,132,195
sektion_26_336.png,129,193
sektion_26_337.png,127,192
sektion_26_338.png,127,191
sektion_26_339.png,130,191
sektion_26_34.png,138,188
sektion_26_340.png,183,172
sektion_26_341.png,143,185
sektion_26_342.png,143,186
sektion_26_343.png,142,187
sektion_26_344.png,142,188
sektion_26_345.png,142,188
sektion_26_346.png,142,189
sektion_26_347.png,140,189
sektion_26_348.png,139,190
sektion_26_349.png,137,192
sektion_26_35.png,135,193
sektion_26_350.png,179,169
sektion_26_351.png,133,194
sektion_26_352.png,129,197
sektion_26_353.png,127,199
sektion_26_354.png,126,198
sektion_26_355.png,129,197
sektion_26_356.png,132,195
sektion_26_357.png,135,194
sektion_26_358.png,138,193
sektion_26_359.png,139,192
sektion_26_36.png,140,191
sektion_26_360.png,175,165
sektion_26_361.png,145,190
sektion_26_362.png,145,190
sektion_26_363.png,145,189
sektion_26_364.png,144,190
sektion_26_365.png,143,191
sektion_26_366.png,141,191
sektion_26_367.png,140,191
sektion_26_368.png,138,191
sektion_26_369.png,137,190
sektion_26_37.png,138,189
sektion_26_370.png,170,162
sektion_26_371.png,138,188
sektion_26_372.png,139,187
sektion_26_373.png,139,186
sektion_26_374.png,140,184
sektion_26_375.png,140,181
sektion_26_376.png,141,176
sektion_26_377.png,143,170
sektion_26_378.png,145,166
sektion_26_379.png,144,158
sektion_26_38.png,144,147
sektion_26_380.png,168,160
sektion_26_381.png,148,137
sektion_26_382.png,138,147
sektion_26_383.png,120,166
sektion_26_384.png,110,175
sektion_26_385.png,110,174
sektion_26_386.png,115,170
sektion_26_387.png,119,171
sektion_26_388.png,121,172
sektion_26_389.png,130,167
sektion_26_39.png,134,165
sektion_26_390.png,167,161
sektion_26_391.png,138,163
sektion_26_392.png,138,160
sektion_26_393.png,135,156
sektion_26_394.png,132,153
sektion_26_395.png,132,151
sektion_26_396.png,135,149
sektion_26_397.png,137,150
sektion_26_398.png,147,148
sektion_26_399.png,154,149
sektion_26_4.png,155,152
sektion_26_40.png,187,175
sektion_26_400.png,167,162
sektion_26_401.png,152,153
sektion_26_402.png,140,153
sektion_26_403.png,125,153
sektion_26_404.png,117,153
sektion_26_405.png,114,153
sektion_26_406.png,117,153
sektion_26_407.png,121,153
sektion_26_408.png,129,155
sektion_26_409.png,134,154
sektion_26_41.png,143,150
sektion_26_410.png,164,166
sektion_26_411.png,151,149
sektion_26_412.png,157,148
sektion_26_413.png,159,149
sektion_26_414.png,160,146
sektion_26_415.png,160,147
sektion_26_416.png,160,146
sektion_26_417.png,160,146
sektion_26_418.png,159,146
sektion_26_419.png,157,146
sektion_26_42.png,155,145
sektion_26_420.png,164,170
sektion_26_421.png,152,142
sektion_26_422.png,148,139
sektion_26_423.png,143,136
sektion_26_424.png,141,133
sektion_26_425.png,138,132
sektion_26_426.png,135,130
sektion_26_427.png,134,130
sektion_26_428.png,136,130
sektion_26_429.png,141,130
sektion_26_43.png,148,130
sektion_26_430.png,159,175
sektion_26_431.png,155,132
sektion_26_432.png,158,136
sektion_26_433.png,156,143
sektion_26_434.png,151,151
sektion_26_435.png,145,154
sektion_26_436.png,138,156
sektion_26_437.png,139,159
sektion_26_438.png,139,162
sektion_26_439.png,142,165
sektion_26_44.png,147,167
sektion_26_440.png,156,184
sektion_26_441.png,154,169
sektion_26_442.png,163,168
sektion_26_443.png,168,169
sektion_26_444.png,171,168
sektion_26_445.png,176,165
sektion_26_446.png,176,166
sektion_26_447.png,175,166
sektion_26_448.png,175,166
sektion_26_449.png,176,166
sektion_26_45.png,175,166
sektion_26_450.png,152,172
sektion_26_451.png,174,167
sektion_26_452.png,171,170
sektion_26_453.png,169,172
sektion_26_454.png,166,176
sektion_26_455.png,164,179
sektion_26_456.png,161,183
sektion_26_457.png,156,188
sektion_26_458.png,148,194
sektion_26_459.png,141,198
sektion_26_46.png,134,200
sektion_26_460.png,154,142
sektion_26_461.png,129,202
sektion_26_462.png,126,204
sektion_26_463.png,125,204
sektion_26_464.png,125,203
sektion_26_465.png,126,203
sektion_26_466.png,129,201
sektion_26_467.png,133,198
sektion_26_468.png,137,194
sektion_26_469.png,142,190
sektion_26_47.png,146,187
sektion_26_470.png,159,146
sektion_26_471.png,148,187
sektion_26_472.png,148,188
sektion_26_473.png,145,189
sektion_26_474.png,142,191
sektion_26_475.png,136,193
sektion_26_476.png,128,193
sektion_26_477.png,124,191
sektion_26_478.png,121,190
sektion_26_479.png,122,189
sektion_26_48.png,122,189
sektion_26_480.png,167,155
sektion_26_481.png,123,190
sektion_26_482.png,125,190
sektion_26_483.png,128,190
sektion_26_484.png,132,187
sektion_26_485.png,137,181
sektion_26_486.png,142,176
sektion_26_487.png,147,171
sektion_26_49.png,151,164
sektion_26_5.png,174,167
sektion_26_50.png,185,175
sektion_26_51.png,178,170
sektion_26_52.png,180,173
sektion_26_53.png,184,177
sektion_26_54.png,187,181
sektion_26_55.png,187,182
sektion_26_56.png,187,182
sektion_26_57.png,186,181
sektion_26_58.png,186,182
sektion_26_59.png,187,182
sektion_26_6.png,189,183
sektion_26_60.png,183,173
sektion_26_61.png,189,185
sektion_26_62.png,188,186
sektion_26_63.png,188,186
sektion_26_64.png,190,186
sektion_26_65.png,192,187
sektion_26_66.png,193,186
sektion_26_67.png,192,185
sektion_26_68.png,190,185
sektion_26_69.png,187,184
sektion_26_7.png,191,186
sektion_26_70.png,182,172
sektion_26_71.png,190,185
sektion_26_72.png,187,183
sektion_26_73.png,181,182
sektion_26_74.png,175,182
sektion_26_75.png,167,183
sektion_26_76.png,158,184
sektion_26_77.png,152,186
sektion_26_78.png,147,187
sektion_26_79.png,148,185
sektion_26_8.png,154,181
sektion_26_80.png,181,171
sektion_26_81.png,163,178
sektion_26_82.png,173,178
sektion_26_83.png,180,179
sektion_26_84.png,185,183
sektion_26_85.png,188,186
sektion_26_86.png,187,187
sektion_26_87.png,186,187
sektion_26_88.png,185,186
sektion_26_89.png,187,186
sektion_26_9.png,185,183
sektion_26_90.png,182,170
sektion_26_91.png,179,180
sektion_26_92.png,171,177
sektion_26_93.png,163,176
sektion_26_94.png,162,178
sektion_26_95.png,169,179
sektion_26_96.png,176,180
sektion_26_97.png,180,181
sektion_26_98.png,182,181
sektion_26_99.png,181,178
sektion_27_0.png,177,174
sektion_27_1.png,193,180
sektion_27_10.png,190,178
sektion_27_100.png,184,173
sektion_27_101.png,178,177
sektion_27_102.png,172,179
sektion_27_103.png,159,186
sektion_27_104.png,146,192
sektion_27_105.png,141,193
sektion_27_106.png,146,191
sektion_27_107.png,143,190
sektion_27_108.png,133,195
sektion_27_109.png,132,198
sektion_27_11.png,131,201
sektion_27_110.png,184,173
sektion_27_111.png,130,201
sektion_27_112.png,129,202
sektion_27_113.png,128,201
sektion_27_114.png,126,203
sektion_27_115.png,122,207
sektion_27_116.png,121,210
sektion_27_117.png,119,212
sektion_27_118.png,116,213
sektion_27_119.png,114,214
sektion_27_12.png,112,215
sektion_27_120.png,182,173
sektion_27_121.png,112,215
sektion_27_122.png,113,215
sektion_27_123.png,113,216
sektion_27_124.png,114,217
sektion_27_125.png,114,218
sektion_27_126.png,113,218
sektion_27_127.png,112,218
sektion_27_128.png,112,218
sektion_27_129.png,111,218
sektion_27_13.png,111,218
sektion_27_130.png,179,170
sektion_27_131.png,111,218
sektion_27_132.png,112,218
sektion_27_133.png,112,219
sektion_27_134.png,112,218
sektion_27_135.png,113,218
sektion_27_136.png,114,217
sektion_27_137.png,114,217
sektion_27_138.png,113,217
sektion_27_139.png,113,217
sektion_27_14.png,114,216
sektion_27_140.png,179,169
sektion_27_141.png,114,216
sektion_27_142.png,115,215
sektion_27_143.png,115,214
sektion_27_144.png,116,213
sektion_27_145.png,111,213
sektion_27_146.png,113,211
sektion_27_147.png,119,204
sektion_27_148.png,127,192
sektion_27_149.png,137,175
sektion_27_15.png,147,157
sektion_27_150.png,179,169
sektion_27_151.png,149,148
sektion_27_152.png,147,155
sektion_27_153.png,145,156
sektion_27_154.png,145,155
sektion_27_155.png,143,155
sektion_27_156.png,145,155
sektion_27_157.png,146,158
sektion_27_158.png,151,161
sektion_27_159.png,156,162
sektion_27_16.png,159,162
sektion_27_160.png,179,169
sektion_27_161.png,156,158
sektion_27_162.png,151,156
sektion_27_163.png,150,152
sektion_27_164.png,150,152
sektion_27_165.png,152,152
sektion_27_166.png,153,151
sektion_27_167.png,154,149
sektion_27_168.png,152,147
sektion_27_169.png,151,142
sektion_27_17.png,151,138
sektion_27_170.png,180,171
sektion_27_171.png,149,138
sektion_27_172.png,150,139
sektion_27_173.png,152,139
sektion_27_174.png,152,142
sektion_27_175.png,154,143
sektion_27_176.png,157,144
sektion_27_177.png,160,147
sektion_27_178.png,160,148
sektion_27_179.png,161,148
sektion_27_18.png,159,147
sektion_27_180.png,183,172
sektion_27_181.png,158,145
sektion_27_182.png,156,142
sektion_27_183.png,154,140
sektion_27_184.png,155,140
sektion_27_185.png,156,140
sektion_27_186.png,158,142
sektion_27_187.png,156,140
sektion_27_188.png,151,134
sektion_27_189.png,144,133
sektion_27_19.png,141,135
sektion_27_190.png,185,173
sektion_27_191.png,142,137
sektion_27_192.png,149,143
sektion_27_193.png,154,141
sektion_27_194.png,144,134
sektion_27_195.png,132,113
sektion_27_196.png,138,91
sektion_27_197.png,146,89
sektion_27_198.png,138,105
sektion_27_199.png,133,113
sektion_27_2.png,135,113
sektion_27_20.png,189,177
sektion_27_200.png,186,174
sektion_27_201.png,131,119
sektion_27_202.png,143,136
sektion_27_203.png,155,152
sektion_27_204.png,147,154
sektion_27_205.png,140,150
sektion_27_206.png,149,150
sektion_27_207.png,150,157
sektion_27_208.png,139,160
sektion_27_209.png,148,158
sektion_27_21.png,163,159
sektion_27_210.png,188,174
sektion_27_211.png,167,160
sektion_27_212.png,165,157
sektion_27_213.png,161,157
sektion_27_214.png,156,166
sektion_27_215.png,150,174
sektion_27_216.png,142,163
sektion_27_217.png,134,148
sektion_27_218.png,141,158
sektion_27_219.png,148,174
sektion_27_22.png,142,179
sektion_27_220.png,189,176
sektion_27_221.png,142,179
sektion_27_222.png,142,182
sektion_27_223.png,144,184
sektion_27_224.png,145,182
sektion_27_225.png,146,181
sektion_27_226.png,144,181
sektion_27_227.png,143,181
sektion_27_228.png,142,180
sektion_27_229.png,143,177
sektion_27_23.png,147,172
sektion_27_230.png,188,176
sektion_27_231.png,148,168
sektion_27_232.png,148,166
sektion_27_233.png,147,161
sektion_27_234.png,147,160
sektion_27_235.png,147,158
sektion_27_236.png,149,154
sektion_27_237.png,149,158
sektion_27_238.png,147,159
sektion_27_239.png,137,164
sektion_27_24.png,135,169
sektion_27_240.png,187,176
sektion_27_241.png,130,161
sektion_27_242.png,126,153
sektion_27_243.png,126,161
sektion_27_244.png,129,168
sektion_27_245.png,125,153
sektion_27_246.png,122,148
sektion_27_247.png,118,161
sektion_27_248.png,122,162
sektion_27_249.png,124,165
sektion_27_25.png,126,169
sektion_27_250.png,185,175
sektion_27_251.png,127,170
sektion_27_252.png,126,172
sektion_27_253.png,126,172
sektion_27_254.png,128,170
sektion_27_255.png,135,168
sektion_27_256.png,137,175
sektion_27_257.png,144,179
sektion_27_258.png,153,181
sektion_27_259.png,154,185
sektion_27_26.png,157,185
sektion_27_260.png,183,175
sektion_27_261.png,161,184
sektion_27_262.png,161,184
sektion_27_263.png,160,186
sektion_27_264.png,158,187
sektion_27_265.png,158,186
sektion_27_266.png,158,187
sektion_27_267.png,156,187
sektion_27_268.png,153,186
sektion_27_269.png,145,184
sektion_27_27.png,134,179
sektion_27_270.png,181,174
sektion_27_271.png,131,177
sektion_27_272.png,134,173
sektion_27_273.png,127,180
sektion_27_274.png,115,198
sektion_27_275.png,110,209
sektion_27_276.png,110,212
sektion_27_277.png,110,214
sektion_27_278.png,112,214
sektion_27_279.png,112,215
sektion_27_28.png,110,215
sektion_27_280.png,181,174
sektion_27_281.png,108,212
sektion_27_282.png,109,198
sektion_27_283.png,117,170
sektion_27_284.png,121,154
sektion_27_285.png,124,147
sektion_27_286.png,128,136
sektion_27_287.png,124,132
sektion_27_288.png,120,136
sektion_27_289.png,120,143
sektion_27_29.png,123,144
sektion_27_290.png,180,176
sektion_27_291.png,124,144
sektion_27_292.png,124,150
sektion_27_293.png,131,152
sektion_27_294.png,143,148
sektion_27_295.png,140,145
sektion_27_296.png,138,145
sektion_27_297.png,138,146
sektion_27_298.png,140,146
sektion_27_299.png,140,148
sektion_27_3.png,139,150
sektion_27_30.png,187,176
sektion_27_300.png,180,176
sektion_27_301.png,140,153
sektion_27_302.png,140,155
sektion_27_303.png,139,156
sektion_27_304.png,139,157
sektion_27_305.png,140,157
sektion_27_306.png,140,158
sektion_27_307.png,141,157
sektion_27_308.png,139,158
sektion_27_309.png,139,158
sektion_27_31.png,137,161
sektion_27_310.png,183,178
sektion_27_311.png,138,163
sektion_27_312.png,139,166
sektion_27_313.png,142,167
sektion_27_314.png,145,168
sektion_27_315.png,151,167
sektion_27_316.png,159,166
sektion_27_317.png,162,167
sektion_27_318.png,163,168
sektion_27_319.png,161,165
sektion_27_32.png,159,159
sektion_27_320.png,186,180
sektion_27_321.png,156,154
sektion_27_322.png,155,153
sektion_27_323.png,154,152
sektion_27_324.png,153,152
sektion_27_325.png,151,154
sektion_27_326.png,148,158
sektion_27_327.png,148,164
sektion_27_328.png,149,169
sektion_27_329.png,149,173
sektion_27_33.png,150,176
sektion_27_330.png,183,177
sektion_27_331.png,149,176
sektion_27_332.png,149,177
sektion_27_333.png,147,180
sektion_27_334.png,139,187
sektion_27_335.png,133,191
sektion_27_336.png,129,192
sektion_27_337.png,127,191
sektion_27_338.png,129,190
sektion_27_339.png,134,188
sektion_27_34.png,141,187
sektion_27_340.png,179,173
sektion_27_341.png,146,186
sektion_27_342.png,142,188
sektion_27_343.png,140,189
sektion_27_344.png,139,190
sektion_27_345.png,138,191
sektion_27_346.png,136,192
sektion_27_347.png,134,193
sektion_27_348.png,133,194
sektion_27_349.png,131,195
sektion_27_35.png,130,196
sektion_27_350.png,176,168
sektion_27_351.png,125,197
sektion_27_352.png,124,195
sektion_27_353.png,123,194
sektion_27_354.png,120,200
sektion_27_355.png,122,200
sektion_27_356.png,124,200
sektion_27_357.png,129,197
sektion_27_358.png,132,196
sektion_27_359.png,131,196
sektion_27_36.png,134,194
sektion_27_360.png,171,161
sektion_27_361.png,142,194
sektion_27_362.png,142,193
sektion_27_363.png,143,193
sektion_27_364.png,143,193
sektion_27_365.png,142,193
sektion_27_366.png,139,194
sektion_27_367.png,136,195
sektion_27_368.png,135,195
sektion_27_369.png,133,194
sektion_27_37.png,132,195
sektion_27_370.png,168,158
sektion_27_371.png,133,195
sektion_27_372.png,134,194
sektion_27_373.png,134,193
sektion_27_374.png,134,192
sektion_27_375.png,133,191
sektion_27_376.png,134,190
sektion_27_377.png,135,187
sektion_27_378.png,136,183
sektion_27_379.png,141,177
sektion_27_38.png,145,168
sektion_27_380.png,165,154
sektion_27_381.png,146,155
sektion_27_382.png,143,150
sektion_27_383.png,130,164
sektion_27_384.png,114,178
sektion_27_385.png,106,178
sektion_27_386.png,110,170
sektion_27_387.png,116,175
sektion_27_388.png,123,183
sektion_27_389.png,132,176
sektion_27_39.png,137,175
sektion_27_390.png,164,152
sektion_27_391.png,144,173
sektion_27_392.png,148,170
sektion_27_393.png,146,166
sektion_27_394.png,141,161
sektion_27_395.png,136,156
sektion_27_396.png,134,152
sektion_27_397.png,132,150
sektion_27_398.png,136,148
sektion_27_399.png,139,147
sektion_27_4.png,141,147
sektion_27_40.png,185,175
sektion_27_400.png,164,151
sektion_27_401.png,145,148
sektion_27_402.png,143,147
sektion_27_403.png,136,147
sektion_27_404.png,126,147
sektion_27_405.png,115,149
sektion_27_406.png,107,150
sektion_27_407.png,106,151
sektion_27_408.png,111,150
sektion_27_409.png,114,150
sektion_27_41.png,120,149
sektion_27_410.png,160,150
sektion_27_411.png,128,148
sektion_27_412.png,138,146
sektion_27_413.png,146,146
sektion_27_414.png,154,145
sektion_27_415.png,157,145
sektion_27_416.png,159,144
sektion_27_417.png,159,146
sektion_27_418.png,158,145
sektion_27_419.png,156,145
sektion_27_42.png,155,143
sektion_27_420.png,158,152
sektion_27_421.png,152,143
sektion_27_422.png,149,142
sektion_27_423.png,145,139
sektion_27_424.png,144,136
sektion_27_425.png,141,135
sektion_27_426.png,144,133
sektion_27_427.png,145,133
sektion_27_428.png,145,134
sektion_27_429.png,147,135
sektion_27_43.png,153,137
sektion_27_430.png,162,172
sektion_27_431.png,158,140
sektion_27_432.png,163,146
sektion_27_433.png,164,153
sektion_27_434.png,163,158
sektion_27_435.png,159,160
sektion_27_436.png,148,158
sektion_27_437.png,148,158
sektion_27_438.png,147,159
sektion_27_439.png,149,160
sektion_27_44.png,154,161
sektion_27_440.png,161,172
sektion_27_441.png,158,163
sektion_27_442.png,164,164
sektion_27_443.png,169,166
sektion_27_444.png,171,167
sektion_27_445.png,175,167
sektion_27_446.png,176,166
sektion_27_447.png,176,166
sektion_27_448.png,175,164
sektion_27_449.png,175,164
sektion_27_45.png,175,164
sektion_27_450.png,161,153
sektion_27_451.png,173,164
sektion_27_452.png,172,169
sektion_27_453.png,167,175
sektion_27_454.png,165,179
sektion_27_455.png,162,185
sektion_27_456.png,155,190
sektion_27_457.png,145,196
sektion_27_458.png,136,200
sektion_27_459.png,128,203
sektion_27_46.png,124,205
sektion_27_460.png,166,156
sektion_27_461.png,121,206
sektion_27_462.png,119,205
sektion_27_463.png,118,205
sektion_27_464.png,121,205
sektion_27_465.png,122,206
sektion_27_466.png,124,204
sektion_27_467.png,128,201
sektion_27_468.png,133,196
sektion_27_469.png,137,191
sektion_27_47.png,141,188
sektion_27_470.png,177,166
sektion_27_471.png,141,190
sektion_27_472.png,140,191
sektion_27_473.png,136,192
sektion_27_474.png,132,195
sektion_27_475.png,128,195
sektion_27_476.png,123,192
sektion_27_477.png,119,188
sektion_27_478.png,118,185
sektion_27_479.png,118,184
sektion_27_48.png,118,185
sektion_27_480.png,177,170
sektion_27_481.png,119,188
sektion_27_482.png,120,189
sektion_27_483.png,122,190
sektion_27_484.png,125,191
sektion_27_485.png,129,189
sektion_27_486.png,135,186
sektion_27_487.png,140,182
sektion_27_49.png,144,176
sektion_27_5.png,180,172
sektion_27_50.png,184,175
sektion_27_51.png,182,172
sektion_27_52.png,183,173
sektion_27_53.png,185,176
sektion_27_54.png,187,179
sektion_27_55.png,187,180
sektion_27_56.png,186,180
sektion_27_57.png,186,181
sektion_27_58.png,187,182
sektion_27_59.png,189,184
sektion_27_6.png,191,186
sektion_27_60.png,185,174
sektion_27_61.png,192,187
sektion_27_62.png,190,188
sektion_27_63.png,190,187
sektion_27_64.png,190,187
sektion_27_65.png,191,187
sektion_27_66.png,192,187
sektion_27_67.png,193,188
sektion_27_68.png,192,188
sektion_27_69.png,192,188
sektion_27_7.png,191,188
sektion_27_70.png,184,174
sektion_27_71.png,191,189
sektion_27_72.png,192,189
sektion_27_73.png,193,189
sektion_27_74.png,192,188
sektion_27_75.png,190,186
sektion_27_76.png,187,185
sektion_27_77.png,183,181
sektion_27_78.png,181,181
sektion_27_79.png,173,179
sektion_27_8.png,163,180
sektion_27_80.png,184,174
sektion_27_81.png,155,182
sektion_27_82.png,149,183
sektion_27_83.png,151,183
sektion_27_84.png,161,183
sektion_27_85.png,172,182
sektion_27_86.png,181,183
sektion_27_87.png,185,185
sektion_27_88.png,187,187
sektion_27_89.png,188,186
sektion_27_9.png,183,187
sektion_27_90.png,184,173
sektion_27_91.png,183,187
sektion_27_92.png,185,186
sektion_27_93.png,183,183
sektion_27_94.png,175,180
sektion_27_95.png,164,177
sektion_27_96.png,162,178
sektion_27_97.png,168,178
sektion_27_98.png,179,181
sektion_27_99.png,180,179
sektion_28_0.png,179,176
sektion_28_1.png,184,174
sektion_28_10.png,183,173
sektion_28_100.png,185,176
sektion_28_101.png,181,180
sektion_28_102.png,177,180
sektion_28_103.png,168,184
sektion_28_104.png,159,187
sektion_28_105.png,155,188
sektion_28_106.png,155,184
sektion_28_107.png,153,183
sektion_28_108.png,147,186
sektion_28_109.png,145,191
sektion_28_11.png,142,194
sektion_28_110.png,185,175
sektion_28_111.png,140,196
sektion_28_112.png,139,197
sektion_28_113.png,138,196
sektion_28_114.png,136,196
sektion_28_115.png,135,196
sektion_28_116.png,132,198
sektion_28_117.png,128,201
sektion_28_118.png,125,204
sektion_28_119.png,122,208
sektion_28_12.png,118,211
sektion_28_120.png,185,175
sektion_28_121.png,117,213
sektion_28_122.png,116,213
sektion_28_123.png,117,214
sektion_28_124.png,118,215
sektion_28_125.png,119,216
sektion_28_126.png,116,216
sektion_28_127.png,114,216
sektion_28_128.png,114,216
sektion_28_129.png,113,216
sektion_28_13.png,113,216
sektion_28_130.png,184,173
sektion_28_131.png,113,217
sektion_28_132.png,113,217
sektion_28_133.png,113,216
sektion_28_134.png,114,216
sektion_28_135.png,113,216
sektion_28_136.png,113,216
sektion_28_137.png,113,216
sektion_28_138.png,113,215
sektion_28_139.png,114,214
sektion_28_14.png,115,213
sektion_28_140.png,182,172
sektion_28_141.png,115,213
sektion_28_142.png,115,212
sektion_28_143.png,116,210
sektion_28_144.png,118,206
sektion_28_145.png,125,194
sektion_28_146.png,135,179
sektion_28_147.png,144,163
sektion_28_148.png,151,155
sektion_28_149.png,152,151
sektion_28_15.png,150,156
sektion_28_150.png,180,170
sektion_28_151.png,145,157
sektion_28_152.png,145,153
sektion_28_153.png,142,153
sektion_28_154.png,145,152
sektion_28_155.png,149,153
sektion_28_156.png,150,154
sektion_28_157.png,152,156
sektion_28_158.png,151,158
sektion_28_159.png,150,158
sektion_28_16.png,149,157
sektion_28_160.png,178,168
sektion_28_161.png,149,155
sektion_28_162.png,148,154
sektion_28_163.png,149,154
sektion_28_164.png,152,154
sektion_28_165.png,157,155
sektion_28_166.png,161,156
sektion_28_167.png,163,155
sektion_28_168.png,161,152
sektion_28_169.png,160,149
sektion_28_17.png,160,149
sektion_28_170.png,176,167
sektion_28_171.png,164,150
sektion_28_172.png,166,152
sektion_28_173.png,169,157
sektion_28_174.png,170,158
sektion_28_175.png,171,159
sektion_28_176.png,173,161
sektion_28_177.png,174,163
sektion_28_178.png,175,162
sektion_28_179.png,175,162
sektion_28_18.png,173,161
sektion_28_180.png,175,166
sektion_28_181.png,171,159
sektion_28_182.png,171,158
sektion_28_183.png,171,154
sektion_28_184.png,167,153
sektion_28_185.png,163,151
sektion_28_186.png,158,145
sektion_28_187.png,155,141
sektion_28_188.png,156,139
sektion_28_189.png,153,141
sektion_28_19.png,152,142
sektion_28_190.png,176,168
sektion_28_191.png,150,144
sektion_28_192.png,148,145
sektion_28_193.png,154,137
sektion_28_194.png,145,143
sektion_28_195.png,133,141
sektion_28_196.png,135,118
sektion_28_197.png,140,106
sektion_28_198.png,134,112
sektion_28_199.png,131,116
sektion_28_2.png,132,119
sektion_28_20.png,182,172
sektion_28_200.png,177,169
sektion_28_201.png,131,118
sektion_28_202.png,137,129
sektion_28_203.png,149,148
sektion_28_204.png,145,155
sektion_28_205.png,133,155
sektion_28_206.png,137,154
sektion_28_207.png,144,161
sektion_28_208.png,130,165
sektion_28_209.png,119,162
sektion_28_21.png,131,161
sektion_28_210.png,179,170
sektion_28_211.png,157,162
sektion_28_212.png,166,161
sektion_28_213.png,171,165
sektion_28_214.png,166,164
sektion_28_215.png,160,163
sektion_28_216.png,155,170
sektion_28_217.png,142,174
sektion_28_218.png,141,167
sektion_28_219.png,154,166
sektion_28_22.png,152,165
sektion_28_220.png,179,172
sektion_28_221.png,148,172
sektion_28_222.png,143,183
sektion_28_223.png,142,185
sektion_28_224.png,145,183
sektion_28_225.png,145,182
sektion_28_226.png,144,181
sektion_28_227.png,143,180
sektion_28_228.png,142,180
sektion_28_229.png,144,179
sektion_28_23.png,148,174
sektion_28_230.png,180,171
sektion_28_231.png,151,169
sektion_28_232.png,152,166
sektion_28_233.png,150,162
sektion_28_234.png,144,164
sektion_28_235.png,144,160
sektion_28_236.png,144,158
sektion_28_237.png,144,161
sektion_28_238.png,144,162
sektion_28_239.png,145,162
sektion_28_24.png,143,159
sektion_28_240.png,178,172
sektion_28_241.png,132,158
sektion_28_242.png,131,171
sektion_28_243.png,131,171
sektion_28_244.png,131,168
sektion_28_245.png,131,169
sektion_28_246.png,125,161
sektion_28_247.png,123,154
sektion_28_248.png,126,160
sektion_28_249.png,129,165
sektion_28_25.png,130,165
sektion_28_250.png,178,172
sektion_28_251.png,130,166
sektion_28_252.png,126,171
sektion_28_253.png,124,172
sektion_28_254.png,127,168
sektion_28_255.png,132,166
sektion_28_256.png,135,172
sektion_28_257.png,142,178
sektion_28_258.png,156,180
sektion_28_259.png,156,182
sektion_28_26.png,157,184
sektion_28_260.png,177,173
sektion_28_261.png,160,185
sektion_28_262.png,161,186
sektion_28_263.png,160,188
sektion_28_264.png,158,189
sektion_28_265.png,158,188
sektion_28_266.png,158,186
sektion_28_267.png,155,181
sektion_28_268.png,149,185
sektion_28_269.png,139,185
sektion_28_27.png,131,180
sektion_28_270.png,178,174
sektion_28_271.png,131,179
sektion_28_272.png,134,181
sektion_28_273.png,127,192
sektion_28_274.png,114,205
sektion_28_275.png,111,212
sektion_28_276.png,109,214
sektion_28_277.png,109,215
sektion_28_278.png,111,214
sektion_28_279.png,111,215
sektion_28_28.png,110,213
sektion_28_280.png,180,176
sektion_28_281.png,111,203
sektion_28_282.png,116,174
sektion_28_283.png,122,151
sektion_28_284.png,120,149
sektion_28_285.png,121,147
sektion_28_286.png,129,135
sektion_28_287.png,126,138
sektion_28_288.png,126,135
sektion_28_289.png,126,132
sektion_28_29.png,127,134
sektion_28_290.png,181,177
sektion_28_291.png,127,143
sektion_28_292.png,131,150
sektion_28_293.png,137,149
sektion_28_294.png,139,145
sektion_28_295.png,141,145
sektion_28_296.png,139,144
sektion_28_297.png,139,143
sektion_28_298.png,138,144
sektion_28_299.png,141,148
sektion_28_3.png,141,154
sektion_28_30.png,184,174
sektion_28_300.png,183,177
sektion_28_301.png,141,160
sektion_28_302.png,140,163
sektion_28_303.png,138,164
sektion_28_304.png,139,165
sektion_28_305.png,140,163
sektion_28_306.png,141,159
sektion_28_307.png,140,157
sektion_28_308.png,142,156
sektion_28_309.png,140,158
sektion_28_31.png,139,161
sektion_28_310.png,185,177
sektion_28_311.png,140,163
sektion_28_312.png,140,165
sektion_28_313.png,139,166
sektion_28_314.png,142,167
sektion_28_315.png,149,165
sektion_28_316.png,158,166
sektion_28_317.png,163,168
sektion_28_318.png,164,169
sektion_28_319.png,163,167
sektion_28_32.png,162,162
sektion_28_320.png,184,175
sektion_28_321.png,160,157
sektion_28_322.png,157,155
sektion_28_323.png,156,154
sektion_28_324.png,155,155
sektion_28_325.png,153,159
sektion_28_326.png,150,163
sektion_28_327.png,149,170
sektion_28_328.png,148,176
sektion_28_329.png,148,179
sektion_28_33.png,147,182
sektion_28_330.png,177,169
sektion_28_331.png,146,183
sektion_28_332.png,144,183
sektion_28_333.png,142,184
sektion_28_334.png,140,186
sektion_28_335.png,138,187
sektion_28_336.png,139,186
sektion_28_337.png,139,185
sektion_28_338.png,140,186
sektion_28_339.png,139,187
sektion_28_34.png,139,189
sektion_28_340.png,171,164
sektion_28_341.png,139,191
sektion_28_342.png,137,192
sektion_28_343.png,135,193
sektion_28_344.png,133,195
sektion_28_345.png,132,195
sektion_28_346.png,130,196
sektion_28_347.png,128,197
sektion_28_348.png,126,198
sektion_28_349.png,125,198
sektion_28_35.png,124,199
sektion_28_350.png,169,159
sektion_28_351.png,119,201
sektion_28_352.png,125,184
sektion_28_353.png,127,174
sektion_28_354.png,118,201
sektion_28_355.png,121,199
sektion_28_356.png,123,201
sektion_28_357.png,125,202
sektion_28_358.png,127,200
sektion_28_359.png,126,201
sektion_28_36.png,128,200
sektion_28_360.png,169,157
sektion_28_361.png,133,198
sektion_28_362.png,135,197
sektion_28_363.png,136,196
sektion_28_364.png,137,196
sektion_28_365.png,137,197
sektion_28_366.png,134,198
sektion_28_367.png,131,198
sektion_28_368.png,128,199
sektion_28_369.png,127,199
sektion_28_37.png,126,199
sektion_28_370.png,166,154
sektion_28_371.png,126,199
sektion_28_372.png,126,198
sektion_28_373.png,126,198
sektion_28_374.png,126,198
sektion_28_375.png,127,197
sektion_28_376.png,127,197
sektion_28_377.png,128,195
sektion_28_378.png,129,193
sektion_28_379.png,131,192
sektion_28_38.png,134,186
sektion_28_380.png,162,149
sektion_28_381.png,137,177
sektion_28_382.png,144,168
sektion_28_383.png,141,168
sektion_28_384.png,125,177
sektion_28_385.png,109,181
sektion_28_386.png,105,174
sektion_28_387.png,108,174
sektion_28_388.png,113,180
sektion_28_389.png,124,182
sektion_28_39.png,131,181
sektion_28_390.png,154,140
sektion_28_391.png,141,178
sektion_28_392.png,149,175
sektion_28_393.png,153,173
sektion_28_394.png,149,170
sektion_28_395.png,143,164
sektion_28_396.png,139,158
sektion_28_397.png,135,155
sektion_28_398.png,136,151
sektion_28_399.png,136,149
sektion_28_4.png,136,147
sektion_28_40.png,185,174
sektion_28_400.png,141,134
sektion_28_401.png,137,145
sektion_28_402.png,140,143
sektion_28_403.png,140,142
sektion_28_404.png,134,143
sektion_28_405.png,122,145
sektion_28_406.png,111,147
sektion_28_407.png,105,148
sektion_28_408.png,104,146
sektion_28_409.png,104,148
sektion_28_41.png,106,149
sektion_28_410.png,143,133
sektion_28_411.png,111,150
sektion_28_412.png,119,148
sektion_28_413.png,128,146
sektion_28_414.png,137,144
sektion_28_415.png,143,142
sektion_28_416.png,147,141
sektion_28_417.png,152,141
sektion_28_418.png,152,142
sektion_28_419.png,151,141
sektion_28_42.png,150,142
sektion_28_420.png,159,151
sektion_28_421.png,149,141
sektion_28_422.png,147,141
sektion_28_423.png,146,139
sektion_28_424.png,144,137
sektion_28_425.png,144,136
sektion_28_426.png,144,135
sektion_28_427.png,148,135
sektion_28_428.png,153,142
sektion_28_429.png,160,148
sektion_28_43.png,164,153
sektion_28_430.png,172,170
sektion_28_431.png,167,158
sektion_28_432.png,167,161
sektion_28_433.png,165,162
sektion_28_434.png,164,161
sektion_28_435.png,159,160
sektion_28_436.png,147,161
sektion_28_437.png,149,159
sektion_28_438.png,149,158
sektion_28_439.png,152,157
sektion_28_44.png,155,158
sektion_28_440.png,169,160
sektion_28_441.png,160,160
sektion_28_442.png,166,163
sektion_28_443.png,170,166
sektion_28_444.png,172,167
sektion_28_445.png,174,168
sektion_28_446.png,175,167
sektion_28_447.png,175,165
sektion_28_448.png,176,164
sektion_28_449.png,176,164
sektion_28_45.png,175,164
sektion_28_450.png,166,156
sektion_28_451.png,174,165
sektion_28_452.png,173,170
sektion_28_453.png,169,177
sektion_28_454.png,162,186
sektion_28_455.png,155,191
sektion_28_456.png,146,196
sektion_28_457.png,135,201
sektion_28_458.png,127,205
sektion_28_459.png,123,207
sektion_28_46.png,122,207
sektion_28_460.png,175,168
sektion_28_461.png,121,206
sektion_28_462.png,120,205
sektion_28_463.png,120,204
sektion_28_464.png,120,204
sektion_28_465.png,121,206
sektion_28_466.png,123,205
sektion_28_467.png,127,201
sektion_28_468.png,133,195
sektion_28_469.png,139,190
sektion_28_47.png,141,187
sektion_28_470.png,178,169
sektion_28_471.png,141,188
sektion_28_472.png,139,190
sektion_28_473.png,132,194
sektion_28_474.png,128,195
sektion_28_475.png,123,195
sektion_28_476.png,119,193
sektion_28_477.png,117,187
sektion_28_478.png,116,183
sektion_28_479.png,116,180
sektion_28_48.png,117,183
sektion_28_480.png,179,168
sektion_28_481.png,116,187
sektion_28_482.png,117,189
sektion_28_483.png,119,189
sektion_28_484.png,121,191
sektion_28_485.png,126,192
sektion_28_486.png,131,192
sektion_28_487.png,136,189
sektion_28_49.png,142,185
sektion_28_5.png,181,174
sektion_28_50.png,185,175
sektion_28_51.png,185,177
sektion_28_52.png,186,179
sektion_28_53.png,186,180
sektion_28_54.png,186,180
sektion_28_55.png,185,180
sektion_28_56.png,186,179
sektion_28_57.png,186,180
sektion_28_58.png,187,181
sektion_28_59.png,189,183
sektion_28_6.png,190,184
sektion_28_60.png,186,174
sektion_28_61.png,192,185
sektion_28_62.png,191,186
sektion_28_63.png,191,186
sektion_28_64.png,191,187
sektion_28_65.png,191,187
sektion_28_66.png,192,187
sektion_28_67.png,192,188
sektion_28_68.png,193,189
sektion_28_69.png,193,189
sektion_28_7.png,190,188
sektion_28_70.png,186,175
sektion_28_71.png,191,188
sektion_28_72.png,191,189
sektion_28_73.png,193,190
sektion_28_74.png,193,190
sektion_28_75.png,193,190
sektion_28_76.png,192,189
sektion_28_77.png,191,188
sektion_28_78.png,190,187
sektion_28_79.png,188,185
sektion_28_8.png,185,182
sektion_28_80.png,186,175
sektion_28_81.png,181,179
sektion_28_82.png,174,178
sektion_28_83.png,165,180
sektion_28_84.png,156,186
sektion_28_85.png,154,190
sektion_28_86.png,157,189
sektion_28_87.png,164,186
sektion_28_88.png,170,183
sektion_28_89.png,179,183
sektion_28_9.png,182,185
sektion_28_90.png,186,175
sektion_28_91.png,185,188
sektion_28_92.png,187,189
sektion_28_93.png,185,188
sektion_28_94.png,184,185
sektion_28_95.png,180,182
sektion_28_96.png,172,178
sektion_28_97.png,165,176
sektion_28_98.png,167,175
sektion_28_99.png,173,178
sektion_29_0.png,179,180
sektion_29_1.png,178,167
sektion_29_10.png,178,167
sektion_29_100.png,187,176
sektion_29_101.png,175,180
sektion_29_102.png,177,181
sektion_29_103.png,174,184
sektion_29_104.png,169,186
sektion_29_105.png,163,184
sektion_29_106.png,158,180
sektion_29_107.png,156,179
sektion_29_108.png,155,182
sektion_29_109.png,152,185
sektion_29_11.png,149,189
sektion_29_110.png,187,177
sektion_29_111.png,148,192
sektion_29_112.png,145,192
sektion_29_113.png,145,193
sektion_29_114.png,144,193
sektion_29_115.png,143,193
sektion_29_116.png,143,193
sektion_29_117.png,147,191
sektion_29_118.png,148,189
sektion_29_119.png,148,187
sektion_29_12.png,147,188
sektion_29_120.png,187,177
sektion_29_121.png,141,194
sektion_29_122.png,132,203
sektion_29_123.png,125,208
sektion_29_124.png,121,209
sektion_29_125.png,118,210
sektion_29_126.png,118,211
sektion_29_127.png,119,211
sektion_29_128.png,118,212
sektion_29_129.png,117,212
sektion_29_13.png,116,212
sektion_29_130.png,188,177
sektion_29_131.png,116,212
sektion_29_132.png,116,211
sektion_29_133.png,116,211
sektion_29_134.png,116,211
sektion_29_135.png,116,211
sektion_29_136.png,115,211
sektion_29_137.png,115,211
sektion_29_138.png,116,210
sektion_29_139.png,117,207
sektion_29_14.png,119,205
sektion_29_140.png,187,176
sektion_29_141.png,120,203
sektion_29_142.png,123,199
sektion_29_143.png,128,192
sektion_29_144.png,136,178
sektion_29_145.png,150,159
sektion_29_146.png,154,151
sektion_29_147.png,154,152
sektion_29_148.png,151,157
sektion_29_149.png,149,157
sektion_29_15.png,148,156
sektion_29_150.png,184,174
sektion_29_151.png,147,151
sektion_29_152.png,145,148
sektion_29_153.png,142,150
sektion_29_154.png,143,150
sektion_29_155.png,145,150
sektion_29_156.png,146,152
sektion_29_157.png,146,153
sektion_29_158.png,145,154
sektion_29_159.png,146,155
sektion_29_16.png,153,157
sektion_29_160.png,183,173
sektion_29_161.png,163,161
sektion_29_162.png,172,164
sektion_29_163.png,178,168
sektion_29_164.png,184,175
sektion_29_165.png,185,175
sektion_29_166.png,187,177
sektion_29_167.png,188,176
sektion_29_168.png,188,174
sektion_29_169.png,188,175
sektion_29_17.png,188,174
sektion_29_170.png,182,172
sektion_29_171.png,191,175
sektion_29_172.png,193,177
sektion_29_173.png,192,176
sektion_29_174.png,192,175
sektion_29_175.png,191,175
sektion_29_176.png,192,176
sektion_29_177.png,192,176
sektion_29_178.png,192,176
sektion_29_179.png,192,175
sektion_29_18.png,191,174
sektion_29_180.png,181,172
sektion_29_181.png,188,174
sektion_29_182.png,187,173
sektion_29_183.png,187,173
sektion_29_184.png,186,173
sektion_29_185.png,181,168
sektion_29_186.png,173,161
sektion_29_187.png,164,151
sektion_29_188.png,160,144
sektion_29_189.png,159,142
sektion_29_19.png,159,142
sektion_29_190.png,182,173
sektion_29_191.png,157,142
sektion_29_192.png,151,140
sektion_29_193.png,153,139
sektion_29_194.png,152,144
sektion_29_195.png,147,152
sektion_29_196.png,145,144
sektion_29_197.png,144,131
sektion_29_198.png,140,126
sektion_29_199.png,135,125
sektion_29_2.png,135,127
sektion_29_20.png,178,168
sektion_29_200.png,182,173
sektion_29_201.png,135,122
sektion_29_202.png,127,126
sektion_29_203.png,127,139
sektion_29_204.png,133,149
sektion_29_205.png,128,151
sektion_29_206.png,125,147
sektion_29_207.png,126,146
sektion_29_208.png,118,150
sektion_29_209.png,113,147
sektion_29_21.png,120,141
sektion_29_210.png,183,174
sektion_29_211.png,137,154
sektion_29_212.png,157,168
sektion_29_213.png,167,168
sektion_29_214.png,169,165
sektion_29_215.png,169,163
sektion_29_216.png,166,167
sektion_29_217.png,159,175
sektion_29_218.png,156,176
sektion_29_219.png,156,163
sektion_29_22.png,155,163
sektion_29_220.png,186,179
sektion_29_221.png,153,168
sektion_29_222.png,148,177
sektion_29_223.png,143,183
sektion_29_224.png,142,184
sektion_29_225.png,142,183
sektion_29_226.png,142,184
sektion_29_227.png,142,183
sektion_29_228.png,144,182
sektion_29_229.png,143,181
sektion_29_23.png,145,178
sektion_29_230.png,187,182
sektion_29_231.png,148,175
sektion_29_232.png,149,172
sektion_29_233.png,148,168
sektion_29_234.png,139,168
sektion_29_235.png,141,160
sektion_29_236.png,139,154
sektion_29_237.png,139,156
sektion_29_238.png,142,158
sektion_29_239.png,145,165
sektion_29_24.png,139,161
sektion_29_240.png,187,181
sektion_29_241.png,141,162
sektion_29_242.png,143,165
sektion_29_243.png,140,164
sektion_29_244.png,138,163
sektion_29_245.png,139,162
sektion_29_246.png,137,168
sektion_29_247.png,126,168
sektion_29_248.png,133,160
sektion_29_249.png,135,164
sektion_29_25.png,138,162
sektion_29_250.png,185,181
sektion_29_251.png,138,162
sektion_29_252.png,131,168
sektion_29_253.png,128,171
sektion_29_254.png,129,170
sektion_29_255.png,133,169
sektion_29_256.png,136,173
sektion_29_257.png,145,177
sektion_29_258.png,156,181
sektion_29_259.png,156,182
sektion_29_26.png,157,184
sektion_29_260.png,184,180
sektion_29_261.png,159,186
sektion_29_262.png,161,187
sektion_29_263.png,160,187
sektion_29_264.png,157,188
sektion_29_265.png,154,185
sektion_29_266.png,155,177
sektion_29_267.png,153,166
sektion_29_268.png,147,177
sektion_29_269.png,139,184
sektion_29_27.png,132,181
sektion_29_270.png,184,179
sektion_29_271.png,133,181
sektion_29_272.png,131,188
sektion_29_273.png,121,199
sektion_29_274.png,110,209
sektion_29_275.png,109,213
sektion_29_276.png,110,214
sektion_29_277.png,110,214
sektion_29_278.png,110,215
sektion_29_279.png,110,215
sektion_29_28.png,110,210
sektion_29_280.png,184,178
sektion_29_281.png,116,184
sektion_29_282.png,126,148
sektion_29_283.png,128,135
sektion_29_284.png,126,138
sektion_29_285.png,122,142
sektion_29_286.png,120,140
sektion_29_287.png,123,140
sektion_29_288.png,123,138
sektion_29_289.png,121,140
sektion_29_29.png,120,151
sektion_29_290.png,183,176
sektion_29_291.png,128,158
sektion_29_292.png,143,153
sektion_29_293.png,145,148
sektion_29_294.png,137,151
sektion_29_295.png,139,145
sektion_29_296.png,139,141
sektion_29_297.png,137,140
sektion_29_298.png,137,141
sektion_29_299.png,139,148
sektion_29_3.png,141,158
sektion_29_30.png,179,169
sektion_29_300.png,183,176
sektion_29_301.png,142,165
sektion_29_302.png,140,168
sektion_29_303.png,137,169
sektion_29_304.png,138,169
sektion_29_305.png,140,167
sektion_29_306.png,141,162
sektion_29_307.png,140,158
sektion_29_308.png,141,157
sektion_29_309.png,143,160
sektion_29_31.png,143,163
sektion_29_310.png,177,170
sektion_29_311.png,142,165
sektion_29_312.png,141,166
sektion_29_313.png,140,166
sektion_29_314.png,141,166
sektion_29_315.png,150,162
sektion_29_316.png,157,163
sektion_29_317.png,162,166
sektion_29_318.png,163,169
sektion_29_319.png,163,168
sektion_29_32.png,162,164
sektion_29_320.png,172,163
sektion_29_321.png,161,160
sektion_29_322.png,160,161
sektion_29_323.png,159,161
sektion_29_324.png,156,163
sektion_29_325.png,154,167
sektion_29_326.png,151,171
sektion_29_327.png,149,176
sektion_29_328.png,149,180
sektion_29_329.png,147,183
sektion_29_33.png,143,188
sektion_29_330.png,171,160
sektion_29_331.png,141,190
sektion_29_332.png,140,189
sektion_29_333.png,138,189
sektion_29_334.png,139,188
sektion_29_335.png,140,187
sektion_29_336.png,142,187
sektion_29_337.png,144,188
sektion_29_338.png,142,190
sektion_29_339.png,138,192
sektion_29_34.png,133,194
sektion_29_340.png,167,156
sektion_29_341.png,130,195
sektion_29_342.png,130,197
sektion_29_343.png,129,198
sektion_29_344.png,128,199
sektion_29_345.png,126,200
sektion_29_346.png,124,201
sektion_29_347.png,123,201
sektion_29_348.png,122,202
sektion_29_349.png,121,202
sektion_29_35.png,121,203
sektion_29_350.png,164,150
sektion_29_351.png,120,204
sektion_29_352.png,120,202
sektion_29_353.png,120,198
sektion_29_354.png,121,199
sektion_29_355.png,122,202
sektion_29_356.png,122,204
sektion_29_357.png,123,205
sektion_29_358.png,123,205
sektion_29_359.png,123,205
sektion_29_36.png,124,203
sektion_29_360.png,160,143
sektion_29_361.png,124,204
sektion_29_362.png,127,202
sektion_29_363.png,130,200
sektion_29_364.png,132,200
sektion_29_365.png,132,200
sektion_29_366.png,130,201
sektion_29_367.png,127,202
sektion_29_368.png,124,202
sektion_29_369.png,122,203
sektion_29_37.png,120,204
sektion_29_370.png,155,137
sektion_29_371.png,120,203
sektion_29_372.png,120,203
sektion_29_373.png,119,203
sektion_29_374.png,119,204
sektion_29_375.png,119,203
sektion_29_376.png,119,203
sektion_29_377.png,120,202
sektion_29_378.png,121,201
sektion_29_379.png,121,200
sektion_29_38.png,123,198
sektion_29_380.png,147,133
sektion_29_381.png,127,193
sektion_29_382.png,136,186
sektion_29_383.png,142,178
sektion_29_384.png,134,179
sektion_29_385.png,120,183
sektion_29_386.png,109,182
sektion_29_387.png,104,177
sektion_29_388.png,104,175
sektion_29_389.png,112,180
sektion_29_39.png,118,180
sektion_29_390.png,139,130
sektion_29_391.png,128,180
sektion_29_392.png,139,179
sektion_29_393.png,147,176
sektion_29_394.png,151,173
sektion_29_395.png,149,170
sektion_29_396.png,144,167
sektion_29_397.png,142,163
sektion_29_398.png,141,157
sektion_29_399.png,139,154
sektion_29_4.png,136,151
sektion_29_40.png,180,170
sektion_29_400.png,134,129
sektion_29_401.png,135,148
sektion_29_402.png,137,145
sektion_29_403.png,140,143
sektion_29_404.png,139,143
sektion_29_405.png,132,143
sektion_29_406.png,124,145
sektion_29_407.png,116,145
sektion_29_408.png,108,146
sektion_29_409.png,105,147
sektion_29_41.png,103,149
sektion_29_410.png,139,132
sektion_29_411.png,104,151
sektion_29_412.png,110,150
sektion_29_413.png,116,148
sektion_29_414.png,123,146
sektion_29_415.png,127,144
sektion_29_416.png,129,143
sektion_29_417.png,141,140
sektion_29_418.png,141,140
sektion_29_419.png,142,140
sektion_29_42.png,142,141
sektion_29_420.png,167,158
sektion_29_421.png,141,141
sektion_29_422.png,143,141
sektion_29_423.png,143,141
sektion_29_424.png,143,141
sektion_29_425.png,144,140
sektion_29_426.png,144,139
sektion_29_427.png,147,140
sektion_29_428.png,156,148
sektion_29_429.png,165,157
sektion_29_43.png,172,166
sektion_29_430.png,173,161
sektion_29_431.png,175,168
sektion_29_432.png,175,170
sektion_29_433.png,172,166
sektion_29_434.png,168,161
sektion_29_435.png,162,158
sektion_29_436.png,148,159
sektion_29_437.png,149,159
sektion_29_438.png,150,157
sektion_29_439.png,152,156
sektion_29_44.png,156,156
sektion_29_440.png,171,160
sektion_29_441.png,159,158
sektion_29_442.png,163,161
sektion_29_443.png,167,164
sektion_29_444.png,169,166
sektion_29_445.png,172,169
sektion_29_446.png,174,166
sektion_29_447.png,174,165
sektion_29_448.png,175,165
sektion_29_449.png,175,166
sektion_29_45.png,175,165
sektion_29_450.png,175,166
sektion_29_451.png,176,165
sektion_29_452.png,175,171
sektion_29_453.png,171,181
sektion_29_454.png,159,191
sektion_29_455.png,147,197
sektion_29_456.png,138,200
sektion_29_457.png,129,204
sektion_29_458.png,123,206
sektion_29_459.png,122,207
sektion_29_46.png,123,204
sektion_29_460.png,179,169
sektion_29_461.png,124,202
sektion_29_462.png,122,201
sektion_29_463.png,121,202
sektion_29_464.png,120,201
sektion_29_465.png,121,204
sektion_29_466.png,123,205
sektion_29_467.png,127,202
sektion_29_468.png,133,197
sektion_29_469.png,138,191
sektion_29_47.png,142,188
sektion_29_470.png,177,169
sektion_29_471.png,143,187
sektion_29_472.png,142,189
sektion_29_473.png,136,190
sektion_29_474.png,131,193
sektion_29_475.png,126,196
sektion_29_476.png,120,197
sektion_29_477.png,118,194
sektion_29_478.png,117,189
sektion_29_479.png,117,186
sektion_29_48.png,117,187
sektion_29_480.png,174,165
sektion_29_481.png,117,190
sektion_29_482.png,117,192
sektion_29_483.png,120,191
sektion_29_484.png,121,192
sektion_29_485.png,125,193
sektion_29_486.png,128,194
sektion_29_487.png,133,193
sektion_29_49.png,138,191
sektion_29_5.png,177,171
sektion_29_50.png,182,171
sektion_29_51.png,171,172
sektion_29_52.png,167,172
sektion_29_53.png,166,173
sektion_29_54.png,165,173
sektion_29_55.png,166,174
sektion_29_56.png,168,175
sektion_29_57.png,170,176
sektion_29_58.png,172,177
sektion_29_59.png,173,178
sektion_29_6.png,175,178
sektion_29_60.png,183,172
sektion_29_61.png,177,178
sektion_29_62.png,181,179
sektion_29_63.png,185,182
sektion_29_64.png,188,183
sektion_29_65.png,190,184
sektion_29_66.png,191,184
sektion_29_67.png,191,185
sektion_29_68.png,192,186
sektion_29_69.png,192,187
sektion_29_7.png,192,189
sektion_29_70.png,184,173
sektion_29_71.png,192,189
sektion_29_72.png,192,189
sektion_29_73.png,192,189
sektion_29_74.png,193,190
sektion_29_75.png,192,190
sektion_29_76.png,192,190
sektion_29_77.png,192,190
sektion_29_78.png,192,190
sektion_29_79.png,191,187
sektion_29_8.png,191,187
sektion_29_80.png,184,174
sektion_29_81.png,192,188
sektion_29_82.png,191,188
sektion_29_83.png,188,186
sektion_29_84.png,180,184
sektion_29_85.png,169,184
sektion_29_86.png,160,186
sektion_29_87.png,155,189
sektion_29_88.png,152,191
sektion_29_89.png,156,188
sektion_29_9.png,171,185
sektion_29_90.png,186,175
sektion_29_91.png,181,185
sektion_29_92.png,184,185
sektion_29_93.png,184,186
sektion_29_94.png,185,189
sektion_29_95.png,186,188
sektion_29_96.png,183,184
sektion_29_97.png,178,180
sektion_29_98.png,168,175
sektion_29_99.png,168,177
sektion_30_0.png,172,178
sektion_30_1.png,169,157
sektion_30_10.png,173,161
sektion_30_100.png,186,175
sektion_30_101.png,165,175
sektion_30_102.png,171,180
sektion_30_103.png,172,188
sektion_30_104.png,169,191
sektion_30_105.png,164,186
sektion_30_106.png,159,178
sektion_30_107.png,157,177
sektion_30_108.png,156,178
sektion_30_109.png,154,180
sektion_30_11.png,151,184
sektion_30_110.png,187,175
sektion_30_111.png,149,187
sektion_30_112.png,147,189
sektion_30_113.png,145,192
sektion_30_114.png,145,193
sektion_30_115.png,145,193
sektion_30_116.png,145,193
sektion_30_117.png,145,193
sektion_30_118.png,151,190
sektion_30_119.png,158,185
sektion_30_12.png,164,181
sektion_30_120.png,187,176
sektion_30_121.png,165,180
sektion_30_122.png,159,184
sektion_30_123.png,149,189
sektion_30_124.png,138,194
sektion_30_125.png,132,198
sektion_30_126.png,128,200
sektion_30_127.png,127,202
sektion_30_128.png,126,203
sektion_30_129.png,124,204
sektion_30_13.png,122,205
sektion_30_130.png,186,176
sektion_30_131.png,121,205
sektion_30_132.png,119,205
sektion_30_133.png,119,205
sektion_30_134.png,119,205
sektion_30_135.png,119,204
sektion_30_136.png,121,202
sektion_30_137.png,123,200
sektion_30_138.png,125,197
sektion_30_139.png,127,193
sektion_30_14.png,129,193
sektion_30_140.png,186,176
sektion_30_141.png,127,196
sektion_30_142.png,129,196
sektion_30_143.png,137,183
sektion_30_144.png,149,163
sektion_30_145.png,154,150
sektion_30_146.png,151,155
sektion_30_147.png,150,155
sektion_30_148.png,150,154
sektion_30_149.png,148,153
sektion_30_15.png,148,152
sektion_30_150.png,187,177
sektion_30_151.png,147,154
sektion_30_152.png,147,154
sektion_30_153.png,145,155
sektion_30_154.png,145,155
sektion_30_155.png,146,155
sektion_30_156.png,151,157
sektion_30_157.png,158,160
sektion_30_158.png,167,164
sektion_30_159.png,176,168
sektion_30_16.png,183,175
sektion_30_160.png,187,176
sektion_30_161.png,189,178
sektion_30_162.png,193,181
sektion_30_163.png,195,182
sektion_30_164.png,195,182
sektion_30_165.png,195,182
sektion_30_166.png,195,181
sektion_30_167.png,194,180
sektion_30_168.png,194,179
sektion_30_169.png,194,179
sektion_30_17.png,194,179
sektion_30_170.png,188,178
sektion_30_171.png,194,180
sektion_30_172.png,195,180
sektion_30_173.png,196,180
sektion_30_174.png,196,180
sektion_30_175.png,195,179
sektion_30_176.png,195,178
sektion_30_177.png,194,178
sektion_30_178.png,193,177
sektion_30_179.png,192,177
sektion_30_18.png,192,176
sektion_30_180.png,188,178
sektion_30_181.png,190,176
sektion_30_182.png,190,178
sektion_30_183.png,191,179
sektion_30_184.png,190,176
sektion_30_185.png,183,171
sektion_30_186.png,172,161
sektion_30_187.png,164,152
sektion_30_188.png,160,147
sektion_30_189.png,161,147
sektion_30_19.png,161,147
sektion_30_190.png,188,179
sektion_30_191.png,161,147
sektion_30_192.png,157,144
sektion_30_193.png,158,144
sektion_30_194.png,160,142
sektion_30_195.png,157,142
sektion_30_196.png,153,143
sektion_30_197.png,155,145
sektion_30_198.png,155,146
sektion_30_199.png,152,144
sektion_30_2.png,149,134
sektion_30_20.png,174,162
sektion_30_200.png,189,180
sektion_30_201.png,133,130
sektion_30_202.png,120,128
sektion_30_203.png,118,126
sektion_30_204.png,119,136
sektion_30_205.png,120,145
sektion_30_206.png,119,142
sektion_30_207.png,117,140
sektion_30_208.png,117,143
sektion_30_209.png,119,143
sektion_30_21.png,124,136
sektion_30_210.png,189,181
sektion_30_211.png,126,141
sektion_30_212.png,137,160
sektion_30_213.png,152,168
sektion_30_214.png,167,165
sektion_30_215.png,171,162
sektion_30_216.png,169,166
sektion_30_217.png,171,170
sektion_30_218.png,169,172
sektion_30_219.png,161,167
sektion_30_22.png,160,167
sektion_30_220.png,193,185
sektion_30_221.png,157,170
sektion_30_222.png,154,170
sektion_30_223.png,151,168
sektion_30_224.png,147,172
sektion_30_225.png,143,180
sektion_30_226.png,140,185
sektion_30_227.png,142,185
sektion_30_228.png,145,185
sektion_30_229.png,139,179
sektion_30_23.png,133,169
sektion_30_230.png,194,187
sektion_30_231.png,141,176
sektion_30_232.png,144,179
sektion_30_233.png,143,177
sektion_30_234.png,135,176
sektion_30_235.png,136,163
sektion_30_236.png,138,153
sektion_30_237.png,139,153
sektion_30_238.png,140,154
sektion_30_239.png,137,154
sektion_30_24.png,139,156
sektion_30_240.png,194,187
sektion_30_241.png,142,162
sektion_30_242.png,137,162
sektion_30_243.png,134,165
sektion_30_244.png,134,163
sektion_30_245.png,132,154
sektion_30_246.png,134,158
sektion_30_247.png,135,164
sektion_30_248.png,139,162
sektion_30_249.png,139,166
sektion_30_25.png,140,167
sektion_30_250.png,193,185
sektion_30_251.png,140,165
sektion_30_252.png,138,163
sektion_30_253.png,135,170
sektion_30_254.png,136,174
sektion_30_255.png,141,176
sektion_30_256.png,146,178
sektion_30_257.png,150,181
sektion_30_258.png,156,181
sektion_30_259.png,156,181
sektion_30_26.png,157,184
sektion_30_260.png,190,182
sektion_30_261.png,159,187
sektion_30_262.png,161,186
sektion_30_263.png,160,186
sektion_30_264.png,155,185
sektion_30_265.png,152,177
sektion_30_266.png,153,165
sektion_30_267.png,151,155
sektion_30_268.png,149,169
sektion_30_269.png,143,182
sektion_30_27.png,136,184
sektion_30_270.png,187,178
sektion_30_271.png,134,185
sektion_30_272.png,128,192
sektion_30_273.png,116,204
sektion_30_274.png,108,211
sektion_30_275.png,108,214
sektion_30_276.png,111,215
sektion_30_277.png,111,215
sektion_30_278.png,110,215
sektion_30_279.png,109,213
sektion_30_28.png,110,204
sektion_30_280.png,182,173
sektion_30_281.png,117,171
sektion_30_282.png,125,141
sektion_30_283.png,126,134
sektion_30_284.png,123,138
sektion_30_285.png,123,139
sektion_30_286.png,124,135
sektion_30_287.png,123,135
sektion_30_288.png,122,139
sektion_30_289.png,123,147
sektion_30_29.png,129,155
sektion_30_290.png,177,168
sektion_30_291.png,139,158
sektion_30_292.png,143,154
sektion_30_293.png,143,148
sektion_30_294.png,142,141
sektion_30_295.png,139,138
sektion_30_296.png,137,134
sektion_30_297.png,135,133
sektion_30_298.png,134,135
sektion_30_299.png,136,141
sektion_30_3.png,139,153
sektion_30_30.png,174,163
sektion_30_300.png,174,163
sektion_30_301.png,141,163
sektion_30_302.png,139,168
sektion_30_303.png,136,169
sektion_30_304.png,139,168
sektion_30_305.png,143,165
sektion_30_306.png,141,164
sektion_30_307.png,139,164
sektion_30_308.png,139,167
sektion_30_309.png,141,170
sektion_30_31.png,144,171
sektion_30_310.png,167,156
sektion_30_311.png,144,169
sektion_30_312.png,144,166
sektion_30_313.png,143,163
sektion_30_314.png,143,162
sektion_30_315.png,150,160
sektion_30_316.png,156,159
sektion_30_317.png,160,164
sektion_30_318.png,161,168
sektion_30_319.png,163,166
sektion_30_32.png,163,165
sektion_30_320.png,163,152
sektion_30_321.png,163,164
sektion_30_322.png,162,166
sektion_30_323.png,160,167
sektion_30_324.png,157,169
sektion_30_325.png,155,173
sektion_30_326.png,151,176
sektion_30_327.png,150,179
sektion_30_328.png,150,180
sektion_30_329.png,148,183
sektion_30_33.png,142,188
sektion_30_330.png,163,151
sektion_30_331.png,137,193
sektion_30_332.png,137,193
sektion_30_333.png,139,193
sektion_30_334.png,137,192
sektion_30_335.png,135,192
sektion_30_336.png,134,193
sektion_30_337.png,134,194
sektion_30_338.png,134,196
sektion_30_339.png,131,197
sektion_30_34.png,128,198
sektion_30_340.png,161,147
sektion_30_341.png,125,199
sektion_30_342.png,125,201
sektion_30_343.png,124,202
sektion_30_344.png,123,203
sektion_30_345.png,121,204
sektion_30_346.png,121,204
sektion_30_347.png,120,205
sektion_30_348.png,121,204
sektion_30_349.png,121,205
sektion_30_35.png,121,206
sektion_30_350.png,156,139
sektion_30_351.png,120,207
sektion_30_352.png,119,207
sektion_30_353.png,118,207
sektion_30_354.png,118,206
sektion_30_355.png,119,206
sektion_30_356.png,120,207
sektion_30_357.png,120,208
sektion_30_358.png,120,207
sektion_30_359.png,120,206
sektion_30_36.png,119,207
sektion_30_360.png,141,132
sektion_30_361.png,120,207
sektion_30_362.png,123,206
sektion_30_363.png,128,204
sektion_30_364.png,131,202
sektion_30_365.png,132,202
sektion_30_366.png,130,203
sektion_30_367.png,127,205
sektion_30_368.png,123,205
sektion_30_369.png,122,206
sektion_30_37.png,119,207
sektion_30_370.png,132,131
sektion_30_371.png,118,207
sektion_30_372.png,118,207
sektion_30_373.png,116,207
sektion_30_374.png,115,207
sektion_30_375.png,114,207
sektion_30_376.png,114,207
sektion_30_377.png,115,207
sektion_30_378.png,115,206
sektion_30_379.png,115,205
sektion_30_38.png,116,204
sektion_30_380.png,134,131
sektion_30_381.png,122,201
sektion_30_382.png,127,197
sektion_30_383.png,131,192
sektion_30_384.png,135,186
sektion_30_385.png,132,185
sektion_30_386.png,123,188
sektion_30_387.png,110,185
sektion_30_388.png,104,178
sektion_30_389.png,106,173
sektion_30_39.png,110,176
sektion_30_390.png,138,131
sektion_30_391.png,118,178
sektion_30_392.png,128,180
sektion_30_393.png,138,180
sektion_30_394.png,146,177
sektion_30_395.png,150,174
sektion_30_396.png,150,173
sektion_30_397.png,147,172
sektion_30_398.png,142,162
sektion_30_399.png,140,158
sektion_30_4.png,138,156
sektion_30_40.png,174,163
sektion_30_400.png,145,133
sektion_30_401.png,136,154
sektion_30_402.png,138,151
sektion_30_403.png,140,148
sektion_30_404.png,140,146
sektion_30_405.png,138,145
sektion_30_406.png,134,143
sektion_30_407.png,127,144
sektion_30_408.png,117,148
sektion_30_409.png,111,149
sektion_30_41.png,106,150
sektion_30_410.png,162,148
sektion_30_411.png,106,150
sektion_30_412.png,110,149
sektion_30_413.png,116,149
sektion_30_414.png,120,147
sektion_30_415.png,122,147
sektion_30_416.png,122,147
sektion_30_417.png,131,141
sektion_30_418.png,133,141
sektion_30_419.png,132,142
sektion_30_42.png,133,143
sektion_30_420.png,175,163
sektion_30_421.png,134,144
sektion_30_422.png,137,144
sektion_30_423.png,140,145
sektion_30_424.png,142,145
sektion_30_425.png,144,146
sektion_30_426.png,145,147
sektion_30_427.png,148,147
sektion_30_428.png,151,148
sektion_30_429.png,158,153
sektion_30_43.png,167,159
sektion_30_430.png,174,165
sektion_30_431.png,174,166
sektion_30_432.png,176,167
sektion_30_433.png,170,165
sektion_30_434.png,159,160
sektion_30_435.png,152,157
sektion_30_436.png,156,157
sektion_30_437.png,156,156
sektion_30_438.png,155,155
sektion_30_439.png,155,154
sektion_30_44.png,156,154
sektion_30_440.png,170,161
sektion_30_441.png,157,155
sektion_30_442.png,160,156
sektion_30_443.png,163,159
sektion_30_444.png,164,160
sektion_30_445.png,171,167
sektion_30_446.png,173,166
sektion_30_447.png,175,164
sektion_30_448.png,176,167
sektion_30_449.png,176,168
sektion_30_45.png,177,167
sektion_30_450.png,170,163
sektion_30_451.png,178,167
sektion_30_452.png,178,172
sektion_30_453.png,174,183
sektion_30_454.png,159,194
sektion_30_455.png,141,201
sektion_30_456.png,134,203
sektion_30_457.png,126,206
sektion_30_458.png,122,207
sektion_30_459.png,123,203
sektion_30_46.png,124,198
sektion_30_460.png,170,166
sektion_30_461.png,123,196
sektion_30_462.png,120,198
sektion_30_463.png,116,200
sektion_30_464.png,118,199
sektion_30_465.png,119,201
sektion_30_466.png,122,204
sektion_30_467.png,125,203
sektion_30_468.png,131,200
sektion_30_469.png,135,196
sektion_30_47.png,138,192
sektion_30_470.png,161,169
sektion_30_471.png,140,189
sektion_30_472.png,141,189
sektion_30_473.png,141,189
sektion_30_474.png,138,191
sektion_30_475.png,132,196
sektion_30_476.png,125,200
sektion_30_477.png,120,201
sektion_30_478.png,118,198
sektion_30_479.png,119,195
sektion_30_48.png,119,194
sektion_30_480.png,149,177
sektion_30_481.png,119,196
sektion_30_482.png,119,198
sektion_30_483.png,122,198
sektion_30_484.png,123,196
sektion_30_485.png,125,195
sektion_30_486.png,127,195
sektion_30_487.png,130,196
sektion_30_49.png,134,194
sektion_30_5.png,145,184
sektion_30_50.png,174,165
sektion_30_51.png,144,187
sektion_30_52.png,143,190
sektion_30_53.png,140,191
sektion_30_54.png,138,191
sektion_30_55.png,138,192
sektion_30_56.png,138,191
sektion_30_57.png,139,190
sektion_30_58.png,139,190
sektion_30_59.png,137,190
sektion_30_6.png,138,189
sektion_30_60.png,176,166
sektion_30_61.png,139,187
sektion_30_62.png,142,187
sektion_30_63.png,145,187
sektion_30_64.png,149,185
sektion_30_65.png,153,182
sektion_30_66.png,161,180
sektion_30_67.png,169,181
sektion_30_68.png,178,182
sektion_30_69.png,183,183
sektion_30_7.png,189,185
sektion_30_70.png,178,169
sektion_30_71.png,190,186
sektion_30_72.png,191,187
sektion_30_73.png,192,189
sektion_30_74.png,193,189
sektion_30_75.png,193,190
sektion_30_76.png,192,190
sektion_30_77.png,191,190
sektion_30_78.png,190,189
sektion_30_79.png,190,189
sektion_30_8.png,191,189
sektion_30_80.png,181,171
sektion_30_81.png,191,189
sektion_30_82.png,191,190
sektion_30_83.png,191,190
sektion_30_84.png,189,190
sektion_30_85.png,185,190
sektion_30_86.png,180,188
sektion_30_87.png,176,186
sektion_30_88.png,171,187
sektion_30_89.png,157,189
sektion_30_9.png,153,189
sektion_30_90.png,184,174
sektion_30_91.png,156,188
sektion_30_92.png,168,185
sektion_30_93.png,178,185
sektion_30_94.png,184,187
sektion_30_95.png,184,188
sektion_30_96.png,183,186
sektion_30_97.png,184,185
sektion_30_98.png,180,182
sektion_30_99.png,174,178
sektion_31_0.png,166,174
sektion_31_1.png,155,140
sektion_31_10.png,160,146
sektion_31_100.png,176,167
sektion_31_101.png,168,172
sektion_31_102.png,159,174
sektion_31_103.png,164,185
sektion_31_104.png,171,192
sektion_31_105.png,167,189
sektion_31_106.png,161,180
sektion_31_107.png,159,175
sektion_31_108.png,155,176
sektion_31_109.png,153,179
sektion_31_11.png,152,181
sektion_31_110.png,178,168
sektion_31_111.png,151,184
sektion_31_112.png,149,187
sektion_31_113.png,146,190
sektion_31_114.png,145,191
sektion_31_115.png,145,192
sektion_31_116.png,144,193
sektion_31_117.png,141,192
sektion_31_118.png,143,193
sektion_31_119.png,148,193
sektion_31_12.png,157,189
sektion_31_120.png,180,170
sektion_31_121.png,164,183
sektion_31_122.png,168,182
sektion_31_123.png,166,181
sektion_31_124.png,159,184
sektion_31_125.png,152,189
sektion_31_126.png,142,193
sektion_31_127.png,137,195
sektion_31_128.png,133,197
sektion_31_129.png,130,198
sektion_31_13.png,128,198
sektion_31_130.png,185,173
sektion_31_131.png,127,199
sektion_31_132.png,126,200
sektion_31_133.png,125,200
sektion_31_134.png,123,200
sektion_31_135.png,124,199
sektion_31_136.png,128,197
sektion_31_137.png,126,196
sektion_31_138.png,129,195
sektion_31_139.png,134,195
sektion_31_14.png,133,197
sektion_31_140.png,185,175
sektion_31_141.png,131,196
sektion_31_142.png,139,186
sektion_31_143.png,150,168
sektion_31_144.png,154,154
sektion_31_145.png,150,153
sektion_31_146.png,151,153
sektion_31_147.png,151,154
sektion_31_148.png,148,151
sektion_31_149.png,147,148
sektion_31_15.png,147,150
sektion_31_150.png,187,177
sektion_31_151.png,148,155
sektion_31_152.png,154,159
sektion_31_153.png,162,162
sektion_31_154.png,166,164
sektion_31_155.png,174,169
sektion_31_156.png,182,171
sektion_31_157.png,186,176
sektion_31_158.png,190,181
sektion_31_159.png,195,183
sektion_31_16.png,198,184
sektion_31_160.png,188,178
sektion_31_161.png,197,184
sektion_31_162.png,195,183
sektion_31_163.png,195,182
sektion_31_164.png,195,181
sektion_31_165.png,195,181
sektion_31_166.png,195,179
sektion_31_167.png,194,177
sektion_31_168.png,192,177
sektion_31_169.png,192,177
sektion_31_17.png,192,177
sektion_31_170.png,190,179
sektion_31_171.png,191,177
sektion_31_172.png,189,175
sektion_31_173.png,186,172
sektion_31_174.png,183,169
sektion_31_175.png,179,165
sektion_31_176.png,176,163
sektion_31_177.png,175,161
sektion_31_178.png,174,161
sektion_31_179.png,174,162
sektion_31_18.png,173,161
sektion_31_180.png,192,180
sektion_31_181.png,170,158
sektion_31_182.png,171,158
sektion_31_183.png,173,161
sektion_31_184.png,172,160
sektion_31_185.png,170,158
sektion_31_186.png,167,152
sektion_31_187.png,163,148
sektion_31_188.png,161,147
sektion_31_189.png,161,148
sektion_31_19.png,160,147
sektion_31_190.png,192,181
sektion_31_191.png,158,147
sektion_31_192.png,157,146
sektion_31_193.png,160,148
sektion_31_194.png,160,144
sektion_31_195.png,160,139
sektion_31_196.png,158,141
sektion_31_197.png,157,142
sektion_31_198.png,158,144
sektion_31_199.png,149,145
sektion_31_2.png,134,135
sektion_31_20.png,163,149
sektion_31_200.png,193,182
sektion_31_201.png,119,129
sektion_31_202.png,117,124
sektion_31_203.png,122,119
sektion_31_204.png,121,125
sektion_31_205.png,123,131
sektion_31_206.png,127,130
sektion_31_207.png,127,130
sektion_31_208.png,124,135
sektion_31_209.png,122,138
sektion_31_21.png,122,140
sektion_31_210.png,193,182
sektion_31_211.png,123,136
sektion_31_212.png,131,136
sektion_31_213.png,144,151
sektion_31_214.png,154,161
sektion_31_215.png,162,156
sektion_31_216.png,167,159
sektion_31_217.png,171,167
sektion_31_218.png,172,169
sektion_31_219.png,173,170
sektion_31_22.png,168,169
sektion_31_220.png,199,189
sektion_31_221.png,165,167
sektion_31_222.png,160,165
sektion_31_223.png,153,164
sektion_31_224.png,149,164
sektion_31_225.png,147,164
sektion_31_226.png,146,169
sektion_31_227.png,143,177
sektion_31_228.png,142,185
sektion_31_229.png,139,177
sektion_31_23.png,134,168
sektion_31_230.png,199,189
sektion_31_231.png,140,177
sektion_31_232.png,142,181
sektion_31_233.png,139,182
sektion_31_234.png,134,178
sektion_31_235.png,133,167
sektion_31_236.png,138,154
sektion_31_237.png,142,152
sektion_31_238.png,142,151
sektion_31_239.png,135,150
sektion_31_24.png,141,154
sektion_31_240.png,195,185
sektion_31_241.png,138,155
sektion_31_242.png,136,161
sektion_31_243.png,133,158
sektion_31_244.png,133,152
sektion_31_245.png,132,154
sektion_31_246.png,130,153
sektion_31_247.png,134,160
sektion_31_248.png,137,164
sektion_31_249.png,136,167
sektion_31_25.png,137,168
sektion_31_250.png,190,180
sektion_31_251.png,139,165
sektion_31_252.png,139,163
sektion_31_253.png,139,169
sektion_31_254.png,143,176
sektion_31_255.png,146,179
sektion_31_256.png,148,181
sektion_31_257.png,151,183
sektion_31_258.png,154,182
sektion_31_259.png,157,180
sektion_31_26.png,158,181
sektion_31_260.png,183,175
sektion_31_261.png,160,183
sektion_31_262.png,159,184
sektion_31_263.png,157,183
sektion_31_264.png,152,179
sektion_31_265.png,151,167
sektion_31_266.png,150,152
sektion_31_267.png,140,159
sektion_31_268.png,146,161
sektion_31_269.png,144,179
sektion_31_27.png,141,185
sektion_31_270.png,178,168
sektion_31_271.png,138,185
sektion_31_272.png,129,193
sektion_31_273.png,114,206
sektion_31_274.png,109,212
sektion_31_275.png,110,213
sektion_31_276.png,110,215
sektion_31_277.png,110,215
sektion_31_278.png,110,214
sektion_31_279.png,111,211
sektion_31_28.png,113,194
sektion_31_280.png,172,161
sektion_31_281.png,122,153
sektion_31_282.png,126,132
sektion_31_283.png,122,136
sektion_31_284.png,121,140
sektion_31_285.png,126,135
sektion_31_286.png,131,126
sektion_31_287.png,125,132
sektion_31_288.png,123,141
sektion_31_289.png,129,148
sektion_31_29.png,140,151
sektion_31_290.png,166,155
sektion_31_291.png,145,153
sektion_31_292.png,140,155
sektion_31_293.png,137,154
sektion_31_294.png,138,146
sektion_31_295.png,137,133
sektion_31_296.png,133,130
sektion_31_297.png,130,129
sektion_31_298.png,132,130
sektion_31_299.png,134,141
sektion_31_3.png,139,157
sektion_31_30.png,168,155
sektion_31_300.png,163,150
sektion_31_301.png,142,161
sektion_31_302.png,141,160
sektion_31_303.png,138,161
sektion_31_304.png,139,163
sektion_31_305.png,142,163
sektion_31_306.png,140,164
sektion_31_307.png,139,168
sektion_31_308.png,138,173
sektion_31_309.png,139,176
sektion_31_31.png,140,178
sektion_31_310.png,160,145
sektion_31_311.png,142,174
sektion_31_312.png,146,167
sektion_31_313.png,148,161
sektion_31_314.png,147,159
sektion_31_315.png,149,158
sektion_31_316.png,154,158
sektion_31_317.png,159,161
sektion_31_318.png,162,164
sektion_31_319.png,164,165
sektion_31_32.png,165,166
sektion_31_320.png,154,139
sektion_31_321.png,163,168
sektion_31_322.png,161,170
sektion_31_323.png,159,172
sektion_31_324.png,157,174
sektion_31_325.png,156,175
sektion_31_326.png,155,176
sektion_31_327.png,155,176
sektion_31_328.png,155,178
sektion_31_329.png,151,181
sektion_31_33.png,146,186
sektion_31_330.png,141,133
sektion_31_331.png,140,191
sektion_31_332.png,139,194
sektion_31_333.png,140,194
sektion_31_334.png,135,195
sektion_31_335.png,131,195
sektion_31_336.png,128,197
sektion_31_337.png,127,199
sektion_31_338.png,127,200
sektion_31_339.png,126,201
sektion_31_34.png,123,203
sektion_31_340.png,136,131
sektion_31_341.png,122,203
sektion_31_342.png,121,205
sektion_31_343.png,120,206
sektion_31_344.png,120,206
sektion_31_345.png,119,207
sektion_31_346.png,118,207
sektion_31_347.png,118,207
sektion_31_348.png,119,207
sektion_31_349.png,119,207
sektion_31_35.png,119,208
sektion_31_350.png,132,130
sektion_31_351.png,119,208
sektion_31_352.png,118,207
sektion_31_353.png,117,208
sektion_31_354.png,117,209
sektion_31_355.png,117,209
sektion_31_356.png,117,209
sektion_31_357.png,119,208
sektion_31_358.png,118,208
sektion_31_359.png,118,209
sektion_31_36.png,117,208
sektion_31_360.png,132,130
sektion_31_361.png,119,208
sektion_31_362.png,120,208
sektion_31_363.png,125,207
sektion_31_364.png,129,205
sektion_31_365.png,131,204
sektion_31_366.png,130,205
sektion_31_367.png,128,206
sektion_31_368.png,123,207
sektion_31_369.png,121,208
sektion_31_37.png,118,209
sektion_31_370.png,132,130
sektion_31_371.png,118,209
sektion_31_372.png,117,208
sektion_31_373.png,116,208
sektion_31_374.png,115,209
sektion_31_375.png,114,209
sektion_31_376.png,114,209
sektion_31_377.png,113,209
sektion_31_378.png,114,209
sektion_31_379.png,113,208
sektion_31_38.png,113,208
sektion_31_380.png,134,130
sektion_31_381.png,116,206
sektion_31_382.png,118,205
sektion_31_383.png,123,201
sektion_31_384.png,130,195
sektion_31_385.png,134,190
sektion_31_386.png,130,191
sektion_31_387.png,120,192
sektion_31_388.png,112,191
sektion_31_389.png,105,175
sektion_31_39.png,106,175
sektion_31_390.png,136,131
sektion_31_391.png,110,175
sektion_31_392.png,115,176
sektion_31_393.png,123,178
sektion_31_394.png,133,179
sektion_31_395.png,142,178
sektion_31_396.png,147,176
sektion_31_397.png,148,174
sektion_31_398.png,145,172
sektion_31_399.png,142,168
sektion_31_4.png,141,163
sektion_31_40.png,170,159
sektion_31_400.png,149,136
sektion_31_401.png,142,157
sektion_31_402.png,142,152
sektion_31_403.png,142,149
sektion_31_404.png,141,148
sektion_31_405.png,139,146
sektion_31_406.png,138,146
sektion_31_407.png,135,146
sektion_31_408.png,129,148
sektion_31_409.png,122,148
sektion_31_41.png,115,150
sektion_31_410.png,167,156
sektion_31_411.png,110,151
sektion_31_412.png,109,152
sektion_31_413.png,112,151
sektion_31_414.png,116,151
sektion_31_415.png,120,149
sektion_31_416.png,124,147
sektion_31_417.png,126,143
sektion_31_418.png,126,145
sektion_31_419.png,128,145
sektion_31_42.png,129,146
sektion_31_420.png,168,158
sektion_31_421.png,130,148
sektion_31_422.png,132,148
sektion_31_423.png,136,149
sektion_31_424.png,142,148
sektion_31_425.png,146,148
sektion_31_426.png,149,150
sektion_31_427.png,152,152
sektion_31_428.png,156,151
sektion_31_429.png,160,152
sektion_31_43.png,159,155
sektion_31_430.png,166,159
sektion_31_431.png,156,158
sektion_31_432.png,154,159
sektion_31_433.png,154,160
sektion_31_434.png,158,160
sektion_31_435.png,161,158
sektion_31_436.png,160,157
sektion_31_437.png,159,157
sektion_31_438.png,157,156
sektion_31_439.png,155,154
sektion_31_44.png,155,153
sektion_31_440.png,160,163
sektion_31_441.png,155,151
sektion_31_442.png,155,151
sektion_31_443.png,155,154
sektion_31_444.png,156,155
sektion_31_445.png,162,163
sektion_31_446.png,169,165
sektion_31_447.png,175,167
sektion_31_448.png,177,170
sektion_31_449.png,177,170
sektion_31_45.png,178,168
sektion_31_450.png,157,169
sektion_31_451.png,179,169
sektion_31_452.png,180,174
sektion_31_453.png,179,182
sektion_31_454.png,165,193
sektion_31_455.png,145,202
sektion_31_456.png,132,204
sektion_31_457.png,123,206
sektion_31_458.png,121,204
sektion_31_459.png,123,198
sektion_31_46.png,123,194
sektion_31_460.png,160,175
sektion_31_461.png,119,194
sektion_31_462.png,115,194
sektion_31_463.png,114,194
sektion_31_464.png,118,194
sektion_31_465.png,119,197
sektion_31_466.png,120,201
sektion_31_467.png,123,203
sektion_31_468.png,126,203
sektion_31_469.png,129,200
sektion_31_47.png,133,197
sektion_31_470.png,162,179
sektion_31_471.png,135,194
sektion_31_472.png,138,191
sektion_31_473.png,139,191
sektion_31_474.png,136,193
sektion_31_475.png,132,196
sektion_31_476.png,126,200
sektion_31_477.png,122,203
sektion_31_478.png,121,204
sektion_31_479.png,119,203
sektion_31_48.png,120,201
sektion_31_480.png,170,181
sektion_31_481.png,119,201
sektion_31_482.png,120,200
sektion_31_483.png,123,200
sektion_31_484.png,122,199
sektion_31_485.png,122,198
sektion_31_486.png,124,198
sektion_31_487.png,126,198
sektion_31_49.png,130,196
sektion_31_5.png,174,183
sektion_31_50.png,171,159
sektion_31_51.png,180,184
sektion_31_52.png,182,185
sektion_31_53.png,181,184
sektion_31_54.png,181,185
sektion_31_55.png,181,185
sektion_31_56.png,182,185
sektion_31_57.png,182,185
sektion_31_58.png,182,185
sektion_31_59.png,182,186
sektion_31_6.png,180,186
sektion_31_60.png,171,160
sektion_31_61.png,175,187
sektion_31_62.png,171,189
sektion_31_63.png,165,189
sektion_31_64.png,156,188
sektion_31_65.png,147,187
sektion_31_66.png,140,187
sektion_31_67.png,137,187
sektion_31_68.png,137,188
sektion_31_69.png,138,188
sektion_31_7.png,146,183
sektion_31_70.png,172,161
sektion_31_71.png,153,182
sektion_31_72.png,166,181
sektion_31_73.png,178,183
sektion_31_74.png,187,185
sektion_31_75.png,191,187
sektion_31_76.png,193,188
sektion_31_77.png,193,188
sektion_31_78.png,192,188
sektion_31_79.png,190,189
sektion_31_8.png,190,189
sektion_31_80.png,173,162
sektion_31_81.png,190,188
sektion_31_82.png,190,188
sektion_31_83.png,190,189
sektion_31_84.png,190,191
sektion_31_85.png,188,192
sektion_31_86.png,188,192
sektion_31_87.png,185,190
sektion_31_88.png,182,189
sektion_31_89.png,177,187
sektion_31_9.png,164,189
sektion_31_90.png,174,164
sektion_31_91.png,149,188
sektion_31_92.png,141,192
sektion_31_93.png,150,189
sektion_31_94.png,168,186
sektion_31_95.png,182,185
sektion_31_96.png,186,185
sektion_31_97.png,186,187
sektion_31_98.png,183,186
sektion_31_99.png,181,183
sektion_32_0.png,177,178
sektion_32_1.png,141,133
sektion_32_10.png,143,134
sektion_32_100.png,166,154
sektion_32_101.png,176,178
sektion_32_102.png,166,172
sektion_32_103.png,162,175
sektion_32_104.png,167,185
sektion_32_105.png,169,188
sektion_32_106.png,166,180
sektion_32_107.png,162,172
sektion_32_108.png,157,174
sektion_32_109.png,153,181
sektion_32_11.png,152,183
sektion_32_110.png,167,156
sektion_32_111.png,152,184
sektion_32_112.png,150,186
sektion_32_113.png,149,188
sektion_32_114.png,147,189
sektion_32_115.png,145,191
sektion_32_116.png,143,193
sektion_32_117.png,141,194
sektion_32_118.png,140,195
sektion_32_119.png,141,196
sektion_32_12.png,145,194
sektion_32_120.png,170,157
sektion_32_121.png,151,191
sektion_32_122.png,160,186
sektion_32_123.png,166,181
sektion_32_124.png,166,181
sektion_32_125.png,162,185
sektion_32_126.png,152,190
sektion_32_127.png,146,192
sektion_32_128.png,140,194
sektion_32_129.png,135,195
sektion_32_13.png,133,196
sektion_32_130.png,172,161
sektion_32_131.png,134,196
sektion_32_132.png,134,197
sektion_32_133.png,133,197
sektion_32_134.png,131,197
sektion_32_135.png,131,196
sektion_32_136.png,133,195
sektion_32_137.png,134,195
sektion_32_138.png,139,194
sektion_32_139.png,140,192
sektion_32_14.png,137,190
sektion_32_140.png,173,163
sektion_32_141.png,145,183
sektion_32_142.png,158,171
sektion_32_143.png,160,160
sektion_32_144.png,153,154
sektion_32_145.png,155,154
sektion_32_146.png,149,153
sektion_32_147.png,144,151
sektion_32_148.png,148,151
sektion_32_149.png,151,155
sektion_32_15.png,162,159
sektion_32_150.png,175,164
sektion_32_151.png,175,167
sektion_32_152.png,186,176
sektion_32_153.png,191,181
sektion_32_154.png,193,183
sektion_32_155.png,196,185
sektion_32_156.png,198,185
sektion_32_157.png,195,182
sektion_32_158.png,197,180
sektion_32_159.png,198,170
sektion_32_16.png,189,156
sektion_32_160.png,176,167
sektion_32_161.png,192,156
sektion_32_162.png,194,177
sektion_32_163.png,192,177
sektion_32_164.png,192,174
sektion_32_165.png,191,175
sektion_32_166.png,188,175
sektion_32_167.png,183,175
sektion_32_168.png,178,175
sektion_32_169.png,177,175
sektion_32_17.png,178,174
sektion_32_170.png,179,169
sektion_32_171.png,177,172
sektion_32_172.png,173,169
sektion_32_173.png,170,165
sektion_32_174.png,166,159
sektion_32_175.png,162,151
sektion_32_176.png,156,145
sektion_32_177.png,155,141
sektion_32_178.png,155,141
sektion_32_179.png,156,143
sektion_32_18.png,157,144
sektion_32_180.png,181,171
sektion_32_181.png,157,143
sektion_32_182.png,157,143
sektion_32_183.png,155,144
sektion_32_184.png,158,144
sektion_32_185.png,159,144
sektion_32_186.png,156,143
sektion_32_187.png,156,140
sektion_32_188.png,151,137
sektion_32_189.png,151,138
sektion_32_19.png,151,139
sektion_32_190.png,182,173
sektion_32_191.png,153,139
sektion_32_192.png,156,140
sektion_32_193.png,156,141
sektion_32_194.png,155,142
sektion_32_195.png,158,144
sektion_32_196.png,156,141
sektion_32_197.png,152,140
sektion_32_198.png,137,138
sektion_32_199.png,125,141
sektion_32_2.png,117,145
sektion_32_20.png,145,134
sektion_32_200.png,183,173
sektion_32_201.png,117,134
sektion_32_202.png,119,128
sektion_32_203.png,119,130
sektion_32_204.png,123,130
sektion_32_205.png,125,130
sektion_32_206.png,128,130
sektion_32_207.png,128,132
sektion_32_208.png,130,133
sektion_32_209.png,125,138
sektion_32_21.png,126,139
sektion_32_210.png,183,174
sektion_32_211.png,130,133
sektion_32_212.png,132,133
sektion_32_213.png,138,131
sektion_32_214.png,138,143
sektion_32_215.png,143,155
sektion_32_216.png,153,158
sektion_32_217.png,164,154
sektion_32_218.png,170,162
sektion_32_219.png,171,170
sektion_32_22.png,171,177
sektion_32_220.png,182,174
sektion_32_221.png,173,175
sektion_32_222.png,173,172
sektion_32_223.png,168,171
sektion_32_224.png,158,172
sektion_32_225.png,150,170
sektion_32_226.png,151,155
sektion_32_227.png,150,155
sektion_32_228.png,143,173
sektion_32_229.png,145,167
sektion_32_23.png,149,154
sektion_32_230.png,181,173
sektion_32_231.png,144,172
sektion_32_232.png,143,175
sektion_32_233.png,141,176
sektion_32_234.png,141,165
sektion_32_235.png,139,158
sektion_32_236.png,138,155
sektion_32_237.png,140,153
sektion_32_238.png,141,152
sektion_32_239.png,144,152
sektion_32_24.png,142,151
sektion_32_240.png,178,170
sektion_32_241.png,141,152
sektion_32_242.png,138,152
sektion_32_243.png,136,149
sektion_32_244.png,133,149
sektion_32_245.png,132,151
sektion_32_246.png,132,153
sektion_32_247.png,133,154
sektion_32_248.png,137,161
sektion_32_249.png,137,164
sektion_32_25.png,136,163
sektion_32_250.png,174,165
sektion_32_251.png,135,162
sektion_32_252.png,136,164
sektion_32_253.png,140,168
sektion_32_254.png,143,172
sektion_32_255.png,144,175
sektion_32_256.png,143,178
sektion_32_257.png,144,182
sektion_32_258.png,146,186
sektion_32_259.png,149,185
sektion_32_26.png,152,184
sektion_32_260.png,171,161
sektion_32_261.png,154,183
sektion_32_262.png,154,181
sektion_32_263.png,153,176
sektion_32_264.png,148,170
sektion_32_265.png,145,160
sektion_32_266.png,144,151
sektion_32_267.png,148,148
sektion_32_268.png,147,154
sektion_32_269.png,140,176
sektion_32_27.png,137,184
sektion_32_270.png,167,156
sektion_32_271.png,135,184
sektion_32_272.png,127,192
sektion_32_273.png,117,205
sektion_32_274.png,112,211
sektion_32_275.png,109,214
sektion_32_276.png,108,214
sektion_32_277.png,109,214
sektion_32_278.png,111,214
sektion_32_279.png,112,211
sektion_32_28.png,116,193
sektion_32_280.png,162,151
sektion_32_281.png,124,151
sektion_32_282.png,127,134
sektion_32_283.png,121,143
sektion_32_284.png,122,145
sektion_32_285.png,125,139
sektion_32_286.png,123,137
sektion_32_287.png,122,136
sektion_32_288.png,125,138
sektion_32_289.png,131,144
sektion_32_29.png,141,153
sektion_32_290.png,154,143
sektion_32_291.png,144,157
sektion_32_292.png,139,155
sektion_32_293.png,137,149
sektion_32_294.png,139,144
sektion_32_295.png,136,133
sektion_32_296.png,131,131
sektion_32_297.png,129,129
sektion_32_298.png,131,134
sektion_32_299.png,136,149
sektion_32_3.png,142,160
sektion_32_30.png,152,138
sektion_32_300.png,146,136
sektion_32_301.png,143,161
sektion_32_302.png,140,156
sektion_32_303.png,137,155
sektion_32_304.png,138,156
sektion_32_305.png,140,158
sektion_32_306.png,140,163
sektion_32_307.png,139,169
sektion_32_308.png,138,174
sektion_32_309.png,139,177
sektion_32_31.png,140,175
sektion_32_310.png,145,133
sektion_32_311.png,142,172
sektion_32_312.png,146,167
sektion_32_313.png,148,161
sektion_32_314.png,146,160
sektion_32_315.png,148,159
sektion_32_316.png,152,158
sektion_32_317.png,158,160
sektion_32_318.png,162,163
sektion_32_319.png,166,167
sektion_32_32.png,165,172
sektion_32_320.png,136,131
sektion_32_321.png,161,174
sektion_32_322.png,156,176
sektion_32_323.png,157,176
sektion_32_324.png,159,175
sektion_32_325.png,159,173
sektion_32_326.png,160,172
sektion_32_327.png,159,174
sektion_32_328.png,159,177
sektion_32_329.png,156,181
sektion_32_33.png,150,186
sektion_32_330.png,128,129
sektion_32_331.png,145,190
sektion_32_332.png,141,193
sektion_32_333.png,136,195
sektion_32_334.png,132,197
sektion_32_335.png,128,200
sektion_32_336.png,126,201
sektion_32_337.png,125,203
sektion_32_338.png,124,204
sektion_32_339.png,123,205
sektion_32_34.png,120,206
sektion_32_340.png,128,129
sektion_32_341.png,118,207
sektion_32_342.png,118,207
sektion_32_343.png,118,208
sektion_32_344.png,118,208
sektion_32_345.png,118,208
sektion_32_346.png,117,209
sektion_32_347.png,117,209
sektion_32_348.png,117,209
sektion_32_349.png,117,209
sektion_32_35.png,117,209
sektion_32_350.png,130,130
sektion_32_351.png,117,209
sektion_32_352.png,117,210
sektion_32_353.png,117,210
sektion_32_354.png,117,210
sektion_32_355.png,116,210
sektion_32_356.png,117,210
sektion_32_357.png,116,210
sektion_32_358.png,117,210
sektion_32_359.png,117,210
sektion_32_36.png,117,210
sektion_32_360.png,132,130
sektion_32_361.png,117,210
sektion_32_362.png,117,210
sektion_32_363.png,120,209
sektion_32_364.png,125,207
sektion_32_365.png,128,205
sektion_32_366.png,130,205
sektion_32_367.png,128,206
sektion_32_368.png,123,207
sektion_32_369.png,120,209
sektion_32_37.png,118,209
sektion_32_370.png,134,129
sektion_32_371.png,117,209
sektion_32_372.png,117,210
sektion_32_373.png,116,210
sektion_32_374.png,115,210
sektion_32_375.png,114,210
sektion_32_376.png,114,210
sektion_32_377.png,113,210
sektion_32_378.png,113,210
sektion_32_379.png,113,210
sektion_32_38.png,112,210
sektion_32_380.png,134,128
sektion_32_381.png,112,210
sektion_32_382.png,114,209
sektion_32_383.png,118,206
sektion_32_384.png,123,202
sektion_32_385.png,128,198
sektion_32_386.png,129,194
sektion_32_387.png,126,193
sektion_32_388.png,121,194
sektion_32_389.png,109,186
sektion_32_39.png,108,179
sektion_32_390.png,136,132
sektion_32_391.png,107,173
sektion_32_392.png,108,170
sektion_32_393.png,112,172
sektion_32_394.png,118,178
sektion_32_395.png,128,181
sektion_32_396.png,137,179
sektion_32_397.png,143,176
sektion_32_398.png,144,176
sektion_32_399.png,145,175
sektion_32_4.png,145,172
sektion_32_40.png,157,142
sektion_32_400.png,153,140
sektion_32_401.png,144,167
sektion_32_402.png,145,161
sektion_32_403.png,144,157
sektion_32_404.png,143,152
sektion_32_405.png,142,148
sektion_32_406.png,141,146
sektion_32_407.png,140,145
sektion_32_408.png,138,144
sektion_32_409.png,134,146
sektion_32_41.png,127,148
sektion_32_410.png,163,156
sektion_32_411.png,121,149
sektion_32_412.png,117,151
sektion_32_413.png,116,152
sektion_32_414.png,117,151
sektion_32_415.png,119,150
sektion_32_416.png,121,150
sektion_32_417.png,121,148
sektion_32_418.png,121,148
sektion_32_419.png,123,149
sektion_32_42.png,124,151
sektion_32_420.png,163,158
sektion_32_421.png,124,153
sektion_32_422.png,127,152
sektion_32_423.png,133,153
sektion_32_424.png,141,152
sektion_32_425.png,148,152
sektion_32_426.png,154,154
sektion_32_427.png,156,154
sektion_32_428.png,156,153
sektion_32_429.png,158,155
sektion_32_43.png,159,156
sektion_32_430.png,163,165
sektion_32_431.png,158,158
sektion_32_432.png,158,160
sektion_32_433.png,158,160
sektion_32_434.png,158,158
sektion_32_435.png,157,157
sektion_32_436.png,159,157
sektion_32_437.png,157,157
sektion_32_438.png,155,157
sektion_32_439.png,153,154
sektion_32_44.png,152,151
sektion_32_440.png,167,170
sektion_32_441.png,151,149
sektion_32_442.png,150,149
sektion_32_443.png,149,150
sektion_32_444.png,147,152
sektion_32_445.png,151,158
sektion_32_446.png,160,163
sektion_32_447.png,171,169
sektion_32_448.png,176,172
sektion_32_449.png,176,171
sektion_32_45.png,177,172
sektion_32_450.png,176,173
sektion_32_451.png,180,175
sektion_32_452.png,183,176
sektion_32_453.png,182,177
sektion_32_454.png,178,184
sektion_32_455.png,161,195
sektion_32_456.png,142,203
sektion_32_457.png,126,207
sektion_32_458.png,121,206
sektion_32_459.png,121,199
sektion_32_46.png,121,191
sektion_32_460.png,183,178
sektion_32_461.png,118,188
sektion_32_462.png,116,188
sektion_32_463.png,117,188
sektion_32_464.png,118,189
sektion_32_465.png,118,190
sektion_32_466.png,119,194
sektion_32_467.png,120,199
sektion_32_468.png,122,203
sektion_32_469.png,124,203
sektion_32_47.png,128,201
sektion_32_470.png,188,182
sektion_32_471.png,131,199
sektion_32_472.png,134,197
sektion_32_473.png,133,196
sektion_32_474.png,131,197
sektion_32_475.png,129,199
sektion_32_476.png,126,202
sektion_32_477.png,124,204
sektion_32_478.png,122,205
sektion_32_479.png,120,205
sektion_32_48.png,120,204
sektion_32_480.png,189,184
sektion_32_481.png,121,202
sektion_32_482.png,121,201
sektion_32_483.png,122,201
sektion_32_484.png,122,200
sektion_32_485.png,121,201
sektion_32_486.png,121,201
sektion_32_487.png,122,201
sektion_32_49.png,126,200
sektion_32_5.png,189,184
sektion_32_50.png,159,146
sektion_32_51.png,190,186
sektion_32_52.png,191,186
sektion_32_53.png,191,186
sektion_32_54.png,191,186
sektion_32_55.png,192,187
sektion_32_56.png,192,187
sektion_32_57.png,192,188
sektion_32_58.png,192,188
sektion_32_59.png,192,188
sektion_32_6.png,192,189
sektion_32_60.png,162,148
sektion_32_61.png,192,188
sektion_32_62.png,192,189
sektion_32_63.png,192,189
sektion_32_64.png,191,189
sektion_32_65.png,189,189
sektion_32_66.png,186,188
sektion_32_67.png,180,187
sektion_32_68.png,174,187
sektion_32_69.png,169,189
sektion_32_7.png,155,188
sektion_32_70.png,163,149
sektion_32_71.png,145,189
sektion_32_72.png,135,188
sektion_32_73.png,131,186
sektion_32_74.png,137,183
sektion_32_75.png,150,182
sektion_32_76.png,167,183
sektion_32_77.png,180,184
sektion_32_78.png,186,185
sektion_32_79.png,190,186
sektion_32_8.png,192,187
sektion_32_80.png,164,151
sektion_32_81.png,193,189
sektion_32_82.png,190,190
sektion_32_83.png,187,189
sektion_32_84.png,187,189
sektion_32_85.png,190,190
sektion_32_86.png,191,189
sektion_32_87.png,187,189
sektion_32_88.png,185,189
sektion_32_89.png,185,192
sektion_32_9.png,171,191
sektion_32_90.png,165,152
sektion_32_91.png,151,172
sektion_32_92.png,155,182
sektion_32_93.png,158,189
sektion_32_94.png,157,190
sektion_32_95.png,159,189
sektion_32_96.png,172,185
sektion_32_97.png,183,183
sektion_32_98.png,185,185
sektion_32_99.png,185,186
sektion_33_0.png,183,185
sektion_33_1.png,139,134
sektion_33_10.png,138,133
sektion_33_100.png,158,143
sektion_33_101.png,182,184
sektion_33_102.png,178,178
sektion_33_103.png,170,169
sektion_33_104.png,165,172
sektion_33_105.png,170,177
sektion_33_106.png,167,174
sektion_33_107.png,161,170
sektion_33_108.png,160,174
sektion_33_109.png,154,182
sektion_33_11.png,151,186
sektion_33_110.png,162,146
sektion_33_111.png,151,186
sektion_33_112.png,149,188
sektion_33_113.png,147,189
sektion_33_114.png,146,190
sektion_33_115.png,145,190
sektion_33_116.png,143,192
sektion_33_117.png,140,195
sektion_33_118.png,137,197
sektion_33_119.png,136,198
sektion_33_12.png,138,197
sektion_33_120.png,162,148
sektion_33_121.png,142,195
sektion_33_122.png,149,193
sektion_33_123.png,156,188
sektion_33_124.png,162,184
sektion_33_125.png,165,183
sektion_33_126.png,159,185
sektion_33_127.png,153,189
sektion_33_128.png,147,191
sektion_33_129.png,142,193
sektion_33_13.png,139,194
sektion_33_130.png,161,147
sektion_33_131.png,138,195
sektion_33_132.png,139,195
sektion_33_133.png,139,195
sektion_33_134.png,139,194
sektion_33_135.png,140,194
sektion_33_136.png,142,195
sektion_33_137.png,143,194
sektion_33_138.png,145,189
sektion_33_139.png,150,181
sektion_33_14.png,159,175
sektion_33_140.png,162,149
sektion_33_141.png,164,168
sektion_33_142.png,161,158
sektion_33_143.png,155,149
sektion_33_144.png,151,146
sektion_33_145.png,148,152
sektion_33_146.png,153,154
sektion_33_147.png,161,158
sektion_33_148.png,172,167
sektion_33_149.png,186,175
sektion_33_15.png,196,182
sektion_33_150.png,163,151
sektion_33_151.png,199,185
sektion_33_152.png,199,184
sektion_33_153.png,199,185
sektion_33_154.png,199,185
sektion_33_155.png,199,186
sektion_33_156.png,198,186
sektion_33_157.png,197,185
sektion_33_158.png,195,178
sektion_33_159.png,175,153
sektion_33_16.png,157,152
sektion_33_160.png,165,152
sektion_33_161.png,179,171
sektion_33_162.png,184,181
sektion_33_163.png,173,182
sektion_33_164.png,167,187
sektion_33_165.png,170,187
sektion_33_166.png,172,186
sektion_33_167.png,171,185
sektion_33_168.png,172,184
sektion_33_169.png,176,184
sektion_33_17.png,178,183
sektion_33_170.png,166,154
sektion_33_171.png,176,181
sektion_33_172.png,173,178
sektion_33_173.png,167,174
sektion_33_174.png,166,171
sektion_33_175.png,166,164
sektion_33_176.png,163,155
sektion_33_177.png,159,148
sektion_33_178.png,156,145
sektion_33_179.png,157,144
sektion_33_18.png,160,146
sektion_33_180.png,167,155
sektion_33_181.png,163,146
sektion_33_182.png,163,147
sektion_33_183.png,158,144
sektion_33_184.png,160,144
sektion_33_185.png,158,144
sektion_33_186.png,157,143
sektion_33_187.png,152,142
sektion_33_188.png,150,139
sektion_33_189.png,148,136
sektion_33_19.png,145,136
sektion_33_190.png,166,157
sektion_33_191.png,146,136
sektion_33_192.png,149,136
sektion_33_193.png,152,136
sektion_33_194.png,151,136
sektion_33_195.png,149,138
sektion_33_196.png,139,141
sektion_33_197.png,125,143
sektion_33_198.png,115,147
sektion_33_199.png,117,147
sektion_33_2.png,121,149
sektion_33_20.png,138,132
sektion_33_200.png,166,160
sektion_33_201.png,124,140
sektion_33_202.png,125,135
sektion_33_203.png,124,136
sektion_33_204.png,125,136
sektion_33_205.png,126,137
sektion_33_206.png,128,137
sektion_33_207.png,130,138
sektion_33_208.png,131,137
sektion_33_209.png,134,136
sektion_33_21.png,134,136
sektion_33_210.png,166,161
sektion_33_211.png,135,139
sektion_33_212.png,132,136
sektion_33_213.png,132,132
sektion_33_214.png,131,135
sektion_33_215.png,128,149
sektion_33_216.png,127,168
sektion_33_217.png,136,172
sektion_33_218.png,153,163
sektion_33_219.png,162,154
sektion_33_22.png,172,167
sektion_33_220.png,169,162
sektion_33_221.png,175,173
sektion_33_222.png,174,177
sektion_33_223.png,175,181
sektion_33_224.png,174,182
sektion_33_225.png,170,182
sektion_33_226.png,168,173
sektion_33_227.png,163,165
sektion_33_228.png,157,164
sektion_33_229.png,152,159
sektion_33_23.png,151,154
sektion_33_230.png,168,161
sektion_33_231.png,150,157
sektion_33_232.png,149,155
sektion_33_233.png,145,158
sektion_33_234.png,147,151
sektion_33_235.png,147,148
sektion_33_236.png,147,151
sektion_33_237.png,144,154
sektion_33_238.png,143,156
sektion_33_239.png,143,156
sektion_33_24.png,140,158
sektion_33_240.png,166,160
sektion_33_241.png,138,154
sektion_33_242.png,136,146
sektion_33_243.png,132,148
sektion_33_244.png,128,151
sektion_33_245.png,129,146
sektion_33_246.png,130,144
sektion_33_247.png,128,150
sektion_33_248.png,131,153
sektion_33_249.png,132,154
sektion_33_25.png,130,153
sektion_33_250.png,162,158
sektion_33_251.png,130,154
sektion_33_252.png,130,155
sektion_33_253.png,133,156
sektion_33_254.png,133,158
sektion_33_255.png,133,160
sektion_33_256.png,132,161
sektion_33_257.png,132,166
sektion_33_258.png,135,172
sektion_33_259.png,134,174
sektion_33_26.png,134,176
sektion_33_260.png,160,155
sektion_33_261.png,136,177
sektion_33_262.png,138,176
sektion_33_263.png,141,173
sektion_33_264.png,141,168
sektion_33_265.png,141,164
sektion_33_266.png,142,159
sektion_33_267.png,151,154
sektion_33_268.png,146,163
sektion_33_269.png,141,167
sektion_33_27.png,135,175
sektion_33_270.png,157,151
sektion_33_271.png,133,182
sektion_33_272.png,129,189
sektion_33_273.png,123,198
sektion_33_274.png,116,207
sektion_33_275.png,109,211
sektion_33_276.png,108,213
sektion_33_277.png,109,214
sektion_33_278.png,110,214
sektion_33_279.png,113,210
sektion_33_28.png,116,196
sektion_33_280.png,156,146
sektion_33_281.png,121,167
sektion_33_282.png,123,155
sektion_33_283.png,120,161
sektion_33_284.png,122,159
sektion_33_285.png,125,150
sektion_33_286.png,122,144
sektion_33_287.png,120,146
sektion_33_288.png,123,148
sektion_33_289.png,132,151
sektion_33_29.png,142,153
sektion_33_290.png,151,140
sektion_33_291.png,144,153
sektion_33_292.png,142,151
sektion_33_293.png,140,150
sektion_33_294.png,142,149
sektion_33_295.png,138,140
sektion_33_296.png,135,131
sektion_33_297.png,133,130
sektion_33_298.png,132,138
sektion_33_299.png,137,150
sektion_33_3.png,144,155
sektion_33_30.png,130,130
sektion_33_300.png,149,135
sektion_33_301.png,141,157
sektion_33_302.png,137,154
sektion_33_303.png,136,150
sektion_33_304.png,138,148
sektion_33_305.png,141,152
sektion_33_306.png,142,160
sektion_33_307.png,140,165
sektion_33_308.png,140,168
sektion_33_309.png,141,169
sektion_33_31.png,144,167
sektion_33_310.png,145,133
sektion_33_311.png,145,165
sektion_33_312.png,146,164
sektion_33_313.png,145,163
sektion_33_314.png,145,162
sektion_33_315.png,148,158
sektion_33_316.png,152,157
sektion_33_317.png,157,160
sektion_33_318.png,160,166
sektion_33_319.png,160,173
sektion_33_32.png,158,178
sektion_33_320.png,136,131
sektion_33_321.png,155,181
sektion_33_322.png,152,181
sektion_33_323.png,156,176
sektion_33_324.png,159,174
sektion_33_325.png,159,174
sektion_33_326.png,160,175
sektion_33_327.png,162,176
sektion_33_328.png,161,180
sektion_33_329.png,158,183
sektion_33_33.png,153,188
sektion_33_330.png,128,128
sektion_33_331.png,148,191
sektion_33_332.png,141,194
sektion_33_333.png,133,198
sektion_33_334.png,129,201
sektion_33_335.png,125,203
sektion_33_336.png,123,205
sektion_33_337.png,122,206
sektion_33_338.png,122,207
sektion_33_339.png,120,208
sektion_33_34.png,118,209
sektion_33_340.png,132,128
sektion_33_341.png,117,209
sektion_33_342.png,117,209
sektion_33_343.png,117,209
sektion_33_344.png,117,209
sektion_33_345.png,117,210
sektion_33_346.png,116,210
sektion_33_347.png,116,211
sektion_33_348.png,115,211
sektion_33_349.png,116,210
sektion_33_35.png,116,210
sektion_33_350.png,132,130
sektion_33_351.png,115,211
sektion_33_352.png,116,211
sektion_33_353.png,116,211
sektion_33_354.png,115,211
sektion_33_355.png,115,211
sektion_33_356.png,116,212
sektion_33_357.png,116,212
sektion_33_358.png,116,211
sektion_33_359.png,116,211
sektion_33_36.png,116,211
sektion_33_360.png,134,131
sektion_33_361.png,117,211
sektion_33_362.png,117,210
sektion_33_363.png,120,210
sektion_33_364.png,123,209
sektion_33_365.png,127,207
sektion_33_366.png,129,206
sektion_33_367.png,127,207
sektion_33_368.png,124,208
sektion_33_369.png,121,209
sektion_33_37.png,118,210
sektion_33_370.png,136,129
sektion_33_371.png,117,210
sektion_33_372.png,116,211
sektion_33_373.png,115,211
sektion_33_374.png,114,211
sektion_33_375.png,113,211
sektion_33_376.png,112,211
sektion_33_377.png,112,210
sektion_33_378.png,112,210
sektion_33_379.png,113,208
sektion_33_38.png,113,208
sektion_33_380.png,132,130
sektion_33_381.png,112,209
sektion_33_382.png,112,209
sektion_33_383.png,113,209
sektion_33_384.png,117,208
sektion_33_385.png,121,205
sektion_33_386.png,124,199
sektion_33_387.png,126,195
sektion_33_388.png,127,193
sektion_33_389.png,117,194
sektion_33_39.png,114,187
sektion_33_390.png,139,133
sektion_33_391.png,110,175
sektion_33_392.png,108,167
sektion_33_393.png,107,169
sektion_33_394.png,110,174
sektion_33_395.png,116,178
sektion_33_396.png,124,177
sektion_33_397.png,131,175
sektion_33_398.png,136,170
sektion_33_399.png,140,172
sektion_33_4.png,141,176
sektion_33_40.png,130,130
sektion_33_400.png,155,144
sektion_33_401.png,144,178
sektion_33_402.png,147,176
sektion_33_403.png,151,170
sektion_33_404.png,151,163
sektion_33_405.png,149,157
sektion_33_406.png,148,152
sektion_33_407.png,145,149
sektion_33_408.png,140,144
sektion_33_409.png,140,144
sektion_33_41.png,137,143
sektion_33_410.png,160,157
sektion_33_411.png,135,143
sektion_33_412.png,130,144
sektion_33_413.png,127,145
sektion_33_414.png,122,146
sektion_33_415.png,118,150
sektion_33_416.png,116,151
sektion_33_417.png,116,152
sektion_33_418.png,117,152
sektion_33_419.png,117,155
sektion_33_42.png,118,156
sektion_33_420.png,166,161
sektion_33_421.png,120,158
sektion_33_422.png,125,157
sektion_33_423.png,133,158
sektion_33_424.png,144,158
sektion_33_425.png,152,158
sektion_33_426.png,158,158
sektion_33_427.png,160,158
sektion_33_428.png,160,156
sektion_33_429.png,160,156
sektion_33_43.png,160,156
sektion_33_430.png,175,170
sektion_33_431.png,158,158
sektion_33_432.png,158,159
sektion_33_433.png,157,157
sektion_33_434.png,156,156
sektion_33_435.png,156,154
sektion_33_436.png,154,151
sektion_33_437.png,155,152
sektion_33_438.png,155,152
sektion_33_439.png,154,151
sektion_33_44.png,152,147
sektion_33_440.png,183,177
sektion_33_441.png,149,147
sektion_33_442.png,146,148
sektion_33_443.png,142,150
sektion_33_444.png,139,152
sektion_33_445.png,140,164
sektion_33_446.png,149,166
sektion_33_447.png,161,166
sektion_33_448.png,170,168
sektion_33_449.png,174,170
sektion_33_45.png,178,173
sektion_33_450.png,187,182
sektion_33_451.png,181,176
sektion_33_452.png,183,178
sektion_33_453.png,183,178
sektion_33_454.png,182,178
sektion_33_455.png,180,183
sektion_33_456.png,168,191
sektion_33_457.png,147,201
sektion_33_458.png,128,207
sektion_33_459.png,117,207
sektion_33_46.png,117,198
sektion_33_460.png,191,184
sektion_33_461.png,120,188
sektion_33_462.png,122,185
sektion_33_463.png,120,185
sektion_33_464.png,117,187
sektion_33_465.png,118,187
sektion_33_466.png,119,189
sektion_33_467.png,120,194
sektion_33_468.png,120,200
sektion_33_469.png,122,203
sektion_33_47.png,124,203
sektion_33_470.png,192,186
sektion_33_471.png,127,202
sektion_33_472.png,128,201
sektion_33_473.png,129,200
sektion_33_474.png,130,200
sektion_33_475.png,128,201
sektion_33_476.png,127,202
sektion_33_477.png,125,204
sektion_33_478.png,123,205
sektion_33_479.png,122,205
sektion_33_48.png,121,205
sektion_33_480.png,192,186
sektion_33_481.png,121,205
sektion_33_482.png,121,203
sektion_33_483.png,122,202
sektion_33_484.png,121,201
sektion_33_485.png,121,201
sektion_33_486.png,121,201
sektion_33_487.png,122,200
sektion_33_49.png,123,201
sektion_33_5.png,191,187
sektion_33_50.png,132,130
sektion_33_51.png,190,188
sektion_33_52.png,191,188
sektion_33_53.png,191,188
sektion_33_54.png,191,188
sektion_33_55.png,191,188
sektion_33_56.png,191,189
sektion_33_57.png,192,189
sektion_33_58.png,191,190
sektion_33_59.png,192,189
sektion_33_6.png,191,190
sektion_33_60.png,138,132
sektion_33_61.png,191,189
sektion_33_62.png,191,190
sektion_33_63.png,192,190
sektion_33_64.png,193,190
sektion_33_65.png,193,191
sektion_33_66.png,193,191
sektion_33_67.png,192,191
sektion_33_68.png,192,190
sektion_33_69.png,192,190
sektion_33_7.png,190,189
sektion_33_70.png,145,133
sektion_33_71.png,188,189
sektion_33_72.png,182,188
sektion_33_73.png,172,188
sektion_33_74.png,157,190
sektion_33_75.png,142,192
sektion_33_76.png,136,190
sektion_33_77.png,136,189
sektion_33_78.png,140,188
sektion_33_79.png,158,183
sektion_33_8.png,176,183
sektion_33_80.png,151,136
sektion_33_81.png,186,185
sektion_33_82.png,190,188
sektion_33_83.png,189,189
sektion_33_84.png,187,188
sektion_33_85.png,188,189
sektion_33_86.png,190,189
sektion_33_87.png,190,189
sektion_33_88.png,190,190
sektion_33_89.png,189,189
sektion_33_9.png,180,189
sektion_33_90.png,154,140
sektion_33_91.png,176,189
sektion_33_92.png,179,189
sektion_33_93.png,178,187
sektion_33_94.png,167,185
sektion_33_95.png,151,190
sektion_33_96.png,153,191
sektion_33_97.png,167,186
sektion_33_98.png,178,184
sektion_33_99.png,185,185
sektion_34_0.png,186,185
sektion_34_1.png,145,138
sektion_34_10.png,141,134
sektion_34_100.png,149,137
sektion_34_101.png,186,182
sektion_34_102.png,183,181
sektion_34_103.png,178,175
sektion_34_104.png,170,165
sektion_34_105.png,163,158
sektion_34_106.png,162,164
sektion_34_107.png,164,167
sektion_34_108.png,161,174
sektion_34_109.png,154,184
sektion_34_11.png,150,189
sektion_34_110.png,154,141
sektion_34_111.png,149,189
sektion_34_112.png,147,190
sektion_34_113.png,145,191
sektion_34_114.png,144,191
sektion_34_115.png,143,192
sektion_34_116.png,141,194
sektion_34_117.png,138,197
sektion_34_118.png,133,200
sektion_34_119.png,130,202
sektion_34_12.png,128,202
sektion_34_120.png,157,143
sektion_34_121.png,130,202
sektion_34_122.png,134,201
sektion_34_123.png,142,198
sektion_34_124.png,151,194
sektion_34_125.png,158,188
sektion_34_126.png,163,186
sektion_34_127.png,163,186
sektion_34_128.png,158,188
sektion_34_129.png,153,190
sektion_34_13.png,148,192
sektion_34_130.png,156,142
sektion_34_131.png,144,194
sektion_34_132.png,142,194
sektion_34_133.png,142,194
sektion_34_134.png,142,194
sektion_34_135.png,142,194
sektion_34_136.png,145,194
sektion_34_137.png,152,192
sektion_34_138.png,156,182
sektion_34_139.png,161,169
sektion_34_14.png,166,162
sektion_34_140.png,157,143
sektion_34_141.png,164,155
sektion_34_142.png,155,143
sektion_34_143.png,149,137
sektion_34_144.png,151,145
sektion_34_145.png,162,157
sektion_34_146.png,176,167
sektion_34_147.png,190,178
sektion_34_148.png,197,185
sektion_34_149.png,197,185
sektion_34_15.png,195,184
sektion_34_150.png,158,144
sektion_34_151.png,196,185
sektion_34_152.png,199,185
sektion_34_153.png,199,185
sektion_34_154.png,195,181
sektion_34_155.png,187,176
sektion_34_156.png,182,174
sektion_34_157.png,182,172
sektion_34_158.png,174,164
sektion_34_159.png,162,157
sektion_34_16.png,162,167
sektion_34_160.png,158,145
sektion_34_161.png,170,182
sektion_34_162.png,174,188
sektion_34_163.png,174,187
sektion_34_164.png,181,186
sektion_34_165.png,186,186
sektion_34_166.png,190,184
sektion_34_167.png,191,182
sektion_34_168.png,190,180
sektion_34_169.png,191,181
sektion_34_17.png,189,179
sektion_34_170.png,156,146
sektion_34_171.png,184,177
sektion_34_172.png,178,175
sektion_34_173.png,178,175
sektion_34_174.png,178,174
sektion_34_175.png,177,171
sektion_34_176.png,173,166
sektion_34_177.png,169,161
sektion_34_178.png,165,156
sektion_34_179.png,163,152
sektion_34_18.png,160,151
sektion_34_180.png,155,146
sektion_34_181.png,159,149
sektion_34_182.png,158,146
sektion_34_183.png,159,142
sektion_34_184.png,157,143
sektion_34_185.png,155,144
sektion_34_186.png,155,142
sektion_34_187.png,154,140
sektion_34_188.png,151,139
sektion_34_189.png,147,138
sektion_34_19.png,149,136
sektion_34_190.png,151,146
sektion_34_191.png,148,136
sektion_34_192.png,144,138
sektion_34_193.png,148,138
sektion_34_194.png,146,138
sektion_34_195.png,133,134
sektion_34_196.png,120,137
sektion_34_197.png,116,140
sektion_34_198.png,117,145
sektion_34_199.png,120,150
sektion_34_2.png,120,153
sektion_34_20.png,139,132
sektion_34_200.png,148,150
sektion_34_201.png,124,151
sektion_34_202.png,126,148
sektion_34_203.png,126,145
sektion_34_204.png,126,143
sektion_34_205.png,126,139
sektion_34_206.png,126,138
sektion_34_207.png,130,136
sektion_34_208.png,134,133
sektion_34_209.png,134,132
sektion_34_21.png,138,133
sektion_34_210.png,146,152
sektion_34_211.png,139,134
sektion_34_212.png,137,132
sektion_34_213.png,129,144
sektion_34_214.png,118,164
sektion_34_215.png,117,168
sektion_34_216.png,122,165
sektion_34_217.png,126,167
sektion_34_218.png,130,168
sektion_34_219.png,136,165
sektion_34_22.png,149,161
sektion_34_220.png,146,163
sektion_34_221.png,159,159
sektion_34_222.png,166,168
sektion_34_223.png,171,179
sektion_34_224.png,174,183
sektion_34_225.png,176,181
sektion_34_226.png,176,181
sektion_34_227.png,174,182
sektion_34_228.png,174,182
sektion_34_229.png,174,181
sektion_34_23.png,170,180
sektion_34_230.png,148,167
sektion_34_231.png,167,175
sektion_34_232.png,161,171
sektion_34_233.png,156,168
sektion_34_234.png,153,166
sektion_34_235.png,150,162
sektion_34_236.png,145,159
sektion_34_237.png,140,158
sektion_34_238.png,137,156
sektion_34_239.png,135,149
sektion_34_24.png,132,145
sektion_34_240.png,151,169
sektion_34_241.png,131,141
sektion_34_242.png,130,137
sektion_34_243.png,129,137
sektion_34_244.png,128,139
sektion_34_245.png,127,139
sektion_34_246.png,127,140
sektion_34_247.png,126,140
sektion_34_248.png,127,139
sektion_34_249.png,126,139
sektion_34_25.png,124,140
sektion_34_250.png,156,169
sektion_34_251.png,123,140
sektion_34_252.png,124,140
sektion_34_253.png,125,140
sektion_34_254.png,125,140
sektion_34_255.png,125,139
sektion_34_256.png,123,139
sektion_34_257.png,123,143
sektion_34_258.png,125,148
sektion_34_259.png,123,148
sektion_34_26.png,122,148
sektion_34_260.png,158,167
sektion_34_261.png,122,150
sektion_34_262.png,125,151
sektion_34_263.png,129,150
sektion_34_264.png,134,148
sektion_34_265.png,138,144
sektion_34_266.png,139,141
sektion_34_267.png,137,141
sektion_34_268.png,135,157
sektion_34_269.png,142,161
sektion_34_27.png,144,164
sektion_34_270.png,158,161
sektion_34_271.png,139,177
sektion_34_272.png,135,185
sektion_34_273.png,129,190
sektion_34_274.png,123,197
sektion_34_275.png,118,205
sektion_34_276.png,112,210
sektion_34_277.png,110,212
sektion_34_278.png,111,212
sektion_34_279.png,114,206
sektion_34_28.png,120,194
sektion_34_280.png,154,153
sektion_34_281.png,124,175
sektion_34_282.png,126,165
sektion_34_283.png,125,167
sektion_34_284.png,128,163
sektion_34_285.png,130,156
sektion_34_286.png,125,156
sektion_34_287.png,125,152
sektion_34_288.png,130,149
sektion_34_289.png,140,147
sektion_34_29.png,142,150
sektion_34_290.png,149,143
sektion_34_291.png,140,151
sektion_34_292.png,137,151
sektion_34_293.png,138,147
sektion_34_294.png,143,144
sektion_34_295.png,140,143
sektion_34_296.png,137,131
sektion_34_297.png,134,128
sektion_34_298.png,133,138
sektion_34_299.png,137,145
sektion_34_3.png,141,145
sektion_34_30.png,138,130
sektion_34_300.png,146,137
sektion_34_301.png,137,145
sektion_34_302.png,132,148
sektion_34_303.png,133,144
sektion_34_304.png,136,146
sektion_34_305.png,141,155
sektion_34_306.png,143,156
sektion_34_307.png,142,159
sektion_34_308.png,142,162
sektion_34_309.png,143,164
sektion_34_31.png,143,165
sektion_34_310.png,142,134
sektion_34_311.png,144,163
sektion_34_312.png,145,161
sektion_34_313.png,146,159
sektion_34_314.png,148,153
sektion_34_315.png,151,151
sektion_34_316.png,154,157
sektion_34_317.png,155,166
sektion_34_318.png,155,174
sektion_34_319.png,153,182
sektion_34_32.png,150,187
sektion_34_320.png,136,131
sektion_34_321.png,148,187
sektion_34_322.png,148,185
sektion_34_323.png,152,181
sektion_34_324.png,153,180
sektion_34_325.png,153,181
sektion_34_326.png,155,182
sektion_34_327.png,157,183
sektion_34_328.png,158,184
sektion_34_329.png,157,187
sektion_34_33.png,152,189
sektion_34_330.png,134,131
sektion_34_331.png,149,191
sektion_34_332.png,142,196
sektion_34_333.png,131,200
sektion_34_334.png,128,203
sektion_34_335.png,123,205
sektion_34_336.png,121,207
sektion_34_337.png,120,208
sektion_34_338.png,120,209
sektion_34_339.png,119,209
sektion_34_34.png,117,210
sektion_34_340.png,137,132
sektion_34_341.png,116,210
sektion_34_342.png,116,210
sektion_34_343.png,116,211
sektion_34_344.png,115,212
sektion_34_345.png,115,212
sektion_34_346.png,115,212
sektion_34_347.png,115,212
sektion_34_348.png,115,212
sektion_34_349.png,115,212
sektion_34_35.png,115,212
sektion_34_350.png,136,133
sektion_34_351.png,115,212
sektion_34_352.png,115,212
sektion_34_353.png,115,212
sektion_34_354.png,114,213
sektion_34_355.png,114,213
sektion_34_356.png,114,213
sektion_34_357.png,114,213
sektion_34_358.png,115,213
sektion_34_359.png,116,213
sektion_34_36.png,116,213
sektion_34_360.png,138,132
sektion_34_361.png,116,212
sektion_34_362.png,116,212
sektion_34_363.png,118,212
sektion_34_364.png,121,211
sektion_34_365.png,125,208
sektion_34_366.png,129,207
sektion_34_367.png,128,207
sektion_34_368.png,126,208
sektion_34_369.png,123,210
sektion_34_37.png,119,211
sektion_34_370.png,139,129
sektion_34_371.png,117,211
sektion_34_372.png,116,212
sektion_34_373.png,114,213
sektion_34_374.png,113,213
sektion_34_375.png,112,213
sektion_34_376.png,111,212
sektion_34_377.png,112,210
sektion_34_378.png,112,208
sektion_34_379.png,112,207
sektion_34_38.png,112,208
sektion_34_380.png,134,130
sektion_34_381.png,112,207
sektion_34_382.png,111,209
sektion_34_383.png,111,210
sektion_34_384.png,112,210
sektion_34_385.png,115,209
sektion_34_386.png,120,206
sektion_34_387.png,124,201
sektion_34_388.png,128,197
sektion_34_389.png,125,196
sektion_34_39.png,120,194
sektion_34_390.png,143,135
sektion_34_391.png,113,186
sektion_34_392.png,108,175
sektion_34_393.png,105,169
sektion_34_394.png,105,168
sektion_34_395.png,109,171
sektion_34_396.png,114,173
sektion_34_397.png,119,176
sektion_34_398.png,126,168
sektion_34_399.png,130,168
sektion_34_4.png,135,177
sektion_34_40.png,139,130
sektion_34_400.png,161,151
sektion_34_401.png,142,180
sektion_34_402.png,150,178
sektion_34_403.png,155,174
sektion_34_404.png,157,169
sektion_34_405.png,155,165
sektion_34_406.png,153,164
sektion_34_407.png,150,160
sektion_34_408.png,146,151
sektion_34_409.png,143,148
sektion_34_41.png,140,143
sektion_34_410.png,174,165
sektion_34_411.png,135,140
sektion_34_412.png,130,138
sektion_34_413.png,126,138
sektion_34_414.png,122,140
sektion_34_415.png,120,143
sektion_34_416.png,118,144
sektion_34_417.png,118,150
sektion_34_418.png,116,152
sektion_34_419.png,116,155
sektion_34_42.png,115,158
sektion_34_420.png,178,170
sektion_34_421.png,120,159
sektion_34_422.png,128,160
sektion_34_423.png,140,161
sektion_34_424.png,151,161
sektion_34_425.png,158,161
sektion_34_426.png,163,163
sektion_34_427.png,165,163
sektion_34_428.png,163,160
sektion_34_429.png,163,159
sektion_34_43.png,161,157
sektion_34_430.png,186,177
sektion_34_431.png,159,157
sektion_34_432.png,156,156
sektion_34_433.png,155,155
sektion_34_434.png,155,152
sektion_34_435.png,155,150
sektion_34_436.png,153,148
sektion_34_437.png,153,150
sektion_34_438.png,153,149
sektion_34_439.png,152,149
sektion_34_44.png,150,147
sektion_34_440.png,189,182
sektion_34_441.png,148,146
sektion_34_442.png,143,148
sektion_34_443.png,138,150
sektion_34_444.png,134,152
sektion_34_445.png,135,161
sektion_34_446.png,140,165
sektion_34_447.png,149,167
sektion_34_448.png,160,169
sektion_34_449.png,169,170
sektion_34_45.png,176,170
sektion_34_450.png,189,184
sektion_34_451.png,180,173
sektion_34_452.png,182,174
sektion_34_453.png,183,175
sektion_34_454.png,183,177
sektion_34_455.png,184,179
sektion_34_456.png,185,182
sektion_34_457.png,176,188
sektion_34_458.png,152,198
sektion_34_459.png,131,206
sektion_34_46.png,123,207
sektion_34_460.png,189,185
sektion_34_461.png,122,204
sektion_34_462.png,121,197
sektion_34_463.png,119,194
sektion_34_464.png,117,193
sektion_34_465.png,118,192
sektion_34_466.png,119,191
sektion_34_467.png,119,193
sektion_34_468.png,119,197
sektion_34_469.png,121,202
sektion_34_47.png,122,204
sektion_34_470.png,189,186
sektion_34_471.png,124,204
sektion_34_472.png,125,203
sektion_34_473.png,126,201
sektion_34_474.png,127,200
sektion_34_475.png,126,201
sektion_34_476.png,127,201
sektion_34_477.png,126,201
sektion_34_478.png,126,202
sektion_34_479.png,124,203
sektion_34_48.png,123,204
sektion_34_480.png,190,187
sektion_34_481.png,122,205
sektion_34_482.png,121,205
sektion_34_483.png,120,204
sektion_34_484.png,120,203
sektion_34_485.png,120,203
sektion_34_486.png,120,202
sektion_34_487.png,121,201
sektion_34_49.png,122,201
sektion_34_5.png,193,189
sektion_34_50.png,134,130
sektion_34_51.png,192,189
sektion_34_52.png,191,188
sektion_34_53.png,192,189
sektion_34_54.png,192,189
sektion_34_55.png,192,189
sektion_34_56.png,192,189
sektion_34_57.png,192,189
sektion_34_58.png,191,190
sektion_34_59.png,191,190
sektion_34_6.png,192,190
sektion_34_60.png,134,130
sektion_34_61.png,194,191
sektion_34_62.png,194,191
sektion_34_63.png,193,191
sektion_34_64.png,193,191
sektion_34_65.png,193,191
sektion_34_66.png,193,192
sektion_34_67.png,193,192
sektion_34_68.png,193,192
sektion_34_69.png,193,192
sektion_34_7.png,194,193
sektion_34_70.png,132,131
sektion_34_71.png,192,192
sektion_34_72.png,191,191
sektion_34_73.png,192,188
sektion_34_74.png,194,189
sektion_34_75.png,193,190
sektion_34_76.png,185,188
sektion_34_77.png,167,189
sektion_34_78.png,148,190
sektion_34_79.png,134,191
sektion_34_8.png,134,189
sektion_34_80.png,136,132
sektion_34_81.png,149,186
sektion_34_82.png,168,185
sektion_34_83.png,182,185
sektion_34_84.png,189,186
sektion_34_85.png,190,188
sektion_34_86.png,190,190
sektion_34_87.png,192,191
sektion_34_88.png,192,190
sektion_34_89.png,189,188
sektion_34_9.png,191,190
sektion_34_90.png,141,134
sektion_34_91.png,190,193
sektion_34_92.png,186,194
sektion_34_93.png,181,192
sektion_34_94.png,179,187
sektion_34_95.png,174,185
sektion_34_96.png,164,187
sektion_34_97.png,152,190
sektion_34_98.png,157,187
sektion_34_99.png,175,183
sektion_35_0.png,185,182
sektion_35_1.png,152,144
sektion_35_10.png,150,142
sektion_35_100.png,156,145
sektion_35_101.png,184,180
sektion_35_102.png,184,180
sektion_35_103.png,179,176
sektion_35_104.png,172,166
sektion_35_105.png,162,152
sektion_35_106.png,159,151
sektion_35_107.png,162,163
sektion_35_108.png,161,176
sektion_35_109.png,152,186
sektion_35_11.png,147,191
sektion_35_110.png,156,144
sektion_35_111.png,145,192
sektion_35_112.png,143,193
sektion_35_113.png,141,194
sektion_35_114.png,140,194
sektion_35_115.png,140,195
sektion_35_116.png,137,198
sektion_35_117.png,134,200
sektion_35_118.png,132,201
sektion_35_119.png,128,204
sektion_35_12.png,124,204
sektion_35_120.png,153,144
sektion_35_121.png,124,202
sektion_35_122.png,125,202
sektion_35_123.png,129,204
sektion_35_124.png,138,201
sektion_35_125.png,145,197
sektion_35_126.png,158,191
sektion_35_127.png,163,187
sektion_35_128.png,163,186
sektion_35_129.png,160,188
sektion_35_13.png,155,191
sektion_35_130.png,146,141
sektion_35_131.png,149,193
sektion_35_132.png,144,194
sektion_35_133.png,142,195
sektion_35_134.png,141,195
sektion_35_135.png,141,195
sektion_35_136.png,144,193
sektion_35_137.png,149,187
sektion_35_138.png,159,173
sektion_35_139.png,165,158
sektion_35_14.png,164,154
sektion_35_140.png,148,142
sektion_35_141.png,155,143
sektion_35_142.png,153,139
sektion_35_143.png,166,153
sektion_35_144.png,181,167
sektion_35_145.png,190,177
sektion_35_146.png,195,181
sektion_35_147.png,198,184
sektion_35_148.png,197,183
sektion_35_149.png,197,183
sektion_35_15.png,197,184
sektion_35_150.png,150,142
sektion_35_151.png,195,182
sektion_35_152.png,186,176
sektion_35_153.png,176,168
sektion_35_154.png,169,163
sektion_35_155.png,161,158
sektion_35_156.png,155,153
sektion_35_157.png,152,147
sektion_35_158.png,156,147
sektion_35_159.png,169,160
sektion_35_16.png,188,177
sektion_35_160.png,150,143
sektion_35_161.png,199,187
sektion_35_162.png,197,185
sektion_35_163.png,192,181
sektion_35_164.png,193,179
sektion_35_165.png,193,179
sektion_35_166.png,194,180
sektion_35_167.png,193,180
sektion_35_168.png,192,180
sektion_35_169.png,193,182
sektion_35_17.png,193,182
sektion_35_170.png,145,143
sektion_35_171.png,192,180
sektion_35_172.png,189,178
sektion_35_173.png,187,175
sektion_35_174.png,186,175
sektion_35_175.png,185,174
sektion_35_176.png,184,174
sektion_35_177.png,183,173
sektion_35_178.png,180,170
sektion_35_179.png,177,166
sektion_35_18.png,173,161
sektion_35_180.png,139,140
sektion_35_181.png,169,158
sektion_35_182.png,163,152
sektion_35_183.png,155,142
sektion_35_184.png,152,140
sektion_35_185.png,149,138
sektion_35_186.png,145,136
sektion_35_187.png,141,136
sektion_35_188.png,143,136
sektion_35_189.png,145,136
sektion_35_19.png,143,134
sektion_35_190.png,135,141
sektion_35_191.png,147,135
sektion_35_192.png,149,136
sektion_35_193.png,141,139
sektion_35_194.png,127,137
sektion_35_195.png,121,137
sektion_35_196.png,121,137
sektion_35_197.png,122,141
sektion_35_198.png,121,150
sektion_35_199.png,119,161
sektion_35_2.png,117,168
sektion_35_20.png,150,139
sektion_35_200.png,132,143
sektion_35_201.png,119,168
sektion_35_202.png,121,163
sektion_35_203.png,122,157
sektion_35_204.png,122,151
sektion_35_205.png,123,144
sektion_35_206.png,124,142
sektion_35_207.png,127,141
sektion_35_208.png,131,139
sektion_35_209.png,133,136
sektion_35_21.png,134,133
sektion_35_210.png,132,145
sektion_35_211.png,138,134
sektion_35_212.png,137,136
sektion_35_213.png,135,143
sektion_35_214.png,126,165
sektion_35_215.png,119,178
sektion_35_216.png,118,179
sektion_35_217.png,122,169
sektion_35_218.png,124,165
sektion_35_219.png,121,170
sektion_35_22.png,128,170
sektion_35_220.png,132,150
sektion_35_221.png,134,166
sektion_35_222.png,144,160
sektion_35_223.png,152,164
sektion_35_224.png,161,170
sektion_35_225.png,168,173
sektion_35_226.png,173,173
sektion_35_227.png,176,176
sektion_35_228.png,176,180
sektion_35_229.png,175,183
sektion_35_23.png,174,186
sektion_35_230.png,134,155
sektion_35_231.png,174,186
sektion_35_232.png,175,183
sektion_35_233.png,174,183
sektion_35_234.png,168,186
sektion_35_235.png,157,190
sektion_35_236.png,147,189
sektion_35_237.png,142,182
sektion_35_238.png,136,172
sektion_35_239.png,127,151
sektion_35_24.png,127,141
sektion_35_240.png,140,159
sektion_35_241.png,125,137
sektion_35_242.png,121,138
sektion_35_243.png,123,135
sektion_35_244.png,125,133
sektion_35_245.png,124,138
sektion_35_246.png,123,141
sektion_35_247.png,124,136
sektion_35_248.png,126,135
sektion_35_249.png,126,135
sektion_35_25.png,124,137
sektion_35_250.png,143,160
sektion_35_251.png,123,138
sektion_35_252.png,124,139
sektion_35_253.png,125,138
sektion_35_254.png,125,136
sektion_35_255.png,124,134
sektion_35_256.png,123,133
sektion_35_257.png,121,134
sektion_35_258.png,120,136
sektion_35_259.png,121,134
sektion_35_26.png,123,132
sektion_35_260.png,145,158
sektion_35_261.png,125,132
sektion_35_262.png,126,133
sektion_35_263.png,126,134
sektion_35_264.png,125,134
sektion_35_265.png,123,134
sektion_35_266.png,122,133
sektion_35_267.png,126,130
sektion_35_268.png,125,146
sektion_35_269.png,133,160
sektion_35_27.png,139,171
sektion_35_270.png,142,150
sektion_35_271.png,138,180
sektion_35_272.png,133,185
sektion_35_273.png,129,189
sektion_35_274.png,127,192
sektion_35_275.png,128,196
sektion_35_276.png,119,204
sektion_35_277.png,113,209
sektion_35_278.png,113,210
sektion_35_279.png,117,203
sektion_35_28.png,124,190
sektion_35_280.png,138,139
sektion_35_281.png,129,175
sektion_35_282.png,132,166
sektion_35_283.png,132,166
sektion_35_284.png,134,165
sektion_35_285.png,135,159
sektion_35_286.png,136,156
sektion_35_287.png,135,155
sektion_35_288.png,136,152
sektion_35_289.png,141,149
sektion_35_29.png,142,147
sektion_35_290.png,133,130
sektion_35_291.png,136,141
sektion_35_292.png,133,141
sektion_35_293.png,134,142
sektion_35_294.png,139,144
sektion_35_295.png,140,145
sektion_35_296.png,138,132
sektion_35_297.png,135,127
sektion_35_298.png,133,132
sektion_35_299.png,134,135
sektion_35_3.png,136,134
sektion_35_30.png,143,133
sektion_35_300.png,131,126
sektion_35_301.png,134,135
sektion_35_302.png,131,139
sektion_35_303.png,134,140
sektion_35_304.png,137,151
sektion_35_305.png,141,158
sektion_35_306.png,143,154
sektion_35_307.png,143,156
sektion_35_308.png,144,159
sektion_35_309.png,142,162
sektion_35_31.png,143,164
sektion_35_310.png,131,126
sektion_35_311.png,143,163
sektion_35_312.png,147,158
sektion_35_313.png,149,151
sektion_35_314.png,153,144
sektion_35_315.png,154,150
sektion_35_316.png,153,164
sektion_35_317.png,152,175
sektion_35_318.png,148,182
sektion_35_319.png,145,189
sektion_35_32.png,143,190
sektion_35_320.png,131,127
sektion_35_321.png,145,188
sektion_35_322.png,146,187
sektion_35_323.png,146,186
sektion_35_324.png,145,188
sektion_35_325.png,144,189
sektion_35_326.png,145,191
sektion_35_327.png,146,192
sektion_35_328.png,149,192
sektion_35_329.png,150,191
sektion_35_33.png,149,192
sektion_35_330.png,133,128
sektion_35_331.png,146,195
sektion_35_332.png,141,197
sektion_35_333.png,133,201
sektion_35_334.png,128,204
sektion_35_335.png,124,206
sektion_35_336.png,121,208
sektion_35_337.png,120,209
sektion_35_338.png,119,210
sektion_35_339.png,118,210
sektion_35_34.png,117,211
sektion_35_340.png,133,132
sektion_35_341.png,116,211
sektion_35_342.png,116,212
sektion_35_343.png,116,212
sektion_35_344.png,115,213
sektion_35_345.png,115,213
sektion_35_346.png,114,213
sektion_35_347.png,114,213
sektion_35_348.png,114,213
sektion_35_349.png,114,213
sektion_35_35.png,114,213
sektion_35_350.png,132,136
sektion_35_351.png,114,213
sektion_35_352.png,114,213
sektion_35_353.png,114,213
sektion_35_354.png,114,214
sektion_35_355.png,114,214
sektion_35_356.png,115,214
sektion_35_357.png,114,214
sektion_35_358.png,115,214
sektion_35_359.png,115,213
sektion_35_36.png,115,213
sektion_35_360.png,138,133
sektion_35_361.png,115,213
sektion_35_362.png,115,213
sektion_35_363.png,116,213
sektion_35_364.png,119,212
sektion_35_365.png,123,210
sektion_35_366.png,127,208
sektion_35_367.png,128,207
sektion_35_368.png,127,209
sektion_35_369.png,125,210
sektion_35_37.png,119,211
sektion_35_370.png,138,130
sektion_35_371.png,117,212
sektion_35_372.png,116,213
sektion_35_373.png,115,214
sektion_35_374.png,113,213
sektion_35_375.png,113,213
sektion_35_376.png,112,212
sektion_35_377.png,112,210
sektion_35_378.png,112,208
sektion_35_379.png,112,208
sektion_35_38.png,112,209
sektion_35_380.png,134,131
sektion_35_381.png,112,207
sektion_35_382.png,112,207
sektion_35_383.png,111,208
sektion_35_384.png,111,209
sektion_35_385.png,112,210
sektion_35_386.png,115,209
sektion_35_387.png,120,207
sektion_35_388.png,124,204
sektion_35_389.png,127,199
sektion_35_39.png,124,196
sektion_35_390.png,147,139
sektion_35_391.png,118,195
sektion_35_392.png,111,189
sektion_35_393.png,108,177
sektion_35_394.png,107,167
sektion_35_395.png,108,165
sektion_35_396.png,109,169
sektion_35_397.png,109,175
sektion_35_398.png,115,176
sektion_35_399.png,119,177
sektion_35_4.png,125,180
sektion_35_40.png,141,132
sektion_35_400.png,167,158
sektion_35_401.png,134,181
sektion_35_402.png,143,179
sektion_35_403.png,150,177
sektion_35_404.png,157,172
sektion_35_405.png,159,168
sektion_35_406.png,159,164
sektion_35_407.png,158,161
sektion_35_408.png,152,158
sektion_35_409.png,147,154
sektion_35_41.png,139,146
sektion_35_410.png,178,170
sektion_35_411.png,131,140
sektion_35_412.png,125,136
sektion_35_413.png,122,135
sektion_35_414.png,123,135
sektion_35_415.png,124,136
sektion_35_416.png,125,138
sektion_35_417.png,123,146
sektion_35_418.png,120,150
sektion_35_419.png,119,153
sektion_35_42.png,120,156
sektion_35_420.png,183,174
sektion_35_421.png,126,158
sektion_35_422.png,138,160
sektion_35_423.png,150,161
sektion_35_424.png,159,161
sektion_35_425.png,164,162
sektion_35_426.png,167,164
sektion_35_427.png,168,164
sektion_35_428.png,166,161
sektion_35_429.png,164,159
sektion_35_43.png,162,157
sektion_35_430.png,188,180
sektion_35_431.png,158,154
sektion_35_432.png,154,153
sektion_35_433.png,154,152
sektion_35_434.png,153,150
sektion_35_435.png,154,148
sektion_35_436.png,153,148
sektion_35_437.png,153,149
sektion_35_438.png,152,149
sektion_35_439.png,151,148
sektion_35_44.png,149,147
sektion_35_440.png,190,184
sektion_35_441.png,146,146
sektion_35_442.png,142,147
sektion_35_443.png,138,150
sektion_35_444.png,135,152
sektion_35_445.png,136,150
sektion_35_446.png,136,156
sektion_35_447.png,140,165
sektion_35_448.png,150,169
sektion_35_449.png,164,169
sektion_35_45.png,173,166
sektion_35_450.png,191,186
sektion_35_451.png,177,164
sektion_35_452.png,179,166
sektion_35_453.png,181,171
sektion_35_454.png,181,174
sektion_35_455.png,183,175
sektion_35_456.png,187,176
sektion_35_457.png,187,181
sektion_35_458.png,177,187
sektion_35_459.png,159,197
sektion_35_46.png,144,203
sektion_35_460.png,189,186
sektion_35_461.png,134,206
sektion_35_462.png,125,207
sektion_35_463.png,120,208
sektion_35_464.png,121,204
sektion_35_465.png,121,202
sektion_35_466.png,121,199
sektion_35_467.png,121,198
sektion_35_468.png,120,200
sektion_35_469.png,121,203
sektion_35_47.png,121,204
sektion_35_470.png,188,186
sektion_35_471.png,123,203
sektion_35_472.png,126,202
sektion_35_473.png,127,200
sektion_35_474.png,128,198
sektion_35_475.png,129,197
sektion_35_476.png,130,197
sektion_35_477.png,131,197
sektion_35_478.png,130,198
sektion_35_479.png,129,199
sektion_35_48.png,127,201
sektion_35_480.png,191,188
sektion_35_481.png,126,202
sektion_35_482.png,124,203
sektion_35_483.png,122,205
sektion_35_484.png,122,204
sektion_35_485.png,123,203
sektion_35_486.png,123,202
sektion_35_487.png,124,202
sektion_35_49.png,126,201
sektion_35_5.png,193,190
sektion_35_50.png,139,133
sektion_35_51.png,192,189
sektion_35_52.png,192,188
sektion_35_53.png,192,188
sektion_35_54.png,192,189
sektion_35_55.png,192,189
sektion_35_56.png,192,189
sektion_35_57.png,192,189
sektion_35_58.png,192,190
sektion_35_59.png,192,190
sektion_35_6.png,192,190
sektion_35_60.png,143,134
sektion_35_61.png,191,190
sektion_35_62.png,191,190
sektion_35_63.png,190,191
sektion_35_64.png,191,191
sektion_35_65.png,191,192
sektion_35_66.png,192,192
sektion_35_67.png,192,193
sektion_35_68.png,193,193
sektion_35_69.png,193,193
sektion_35_7.png,189,191
sektion_35_70.png,148,136
sektion_35_71.png,190,192
sektion_35_72.png,192,192
sektion_35_73.png,193,193
sektion_35_74.png,193,192
sektion_35_75.png,191,191
sektion_35_76.png,189,189
sektion_35_77.png,188,188
sektion_35_78.png,187,188
sektion_35_79.png,181,189
sektion_35_8.png,163,190
sektion_35_80.png,153,139
sektion_35_81.png,138,190
sektion_35_82.png,128,189
sektion_35_83.png,138,187
sektion_35_84.png,161,188
sektion_35_85.png,178,187
sektion_35_86.png,186,187
sektion_35_87.png,190,188
sektion_35_88.png,190,189
sektion_35_89.png,189,189
sektion_35_9.png,191,190
sektion_35_90.png,155,143
sektion_35_91.png,191,192
sektion_35_92.png,189,191
sektion_35_93.png,188,192
sektion_35_94.png,189,193
sektion_35_95.png,189,188
sektion_35_96.png,180,182
sektion_35_97.png,167,182
sektion_35_98.png,158,184
sektion_35_99.png,156,183
sektion_36_0.png,171,180
sektion_36_1.png,153,152
sektion_36_10.png,153,151
sektion_36_100.png,150,137
sektion_36_101.png,170,178
sektion_36_102.png,179,176
sektion_36_103.png,177,171
sektion_36_104.png,172,161
sektion_36_105.png,164,154
sektion_36_106.png,160,150
sektion_36_107.png,161,160
sektion_36_108.png,157,176
sektion_36_109.png,148,188
sektion_36_11.png,142,193
sektion_36_110.png,142,135
sektion_36_111.png,140,195
sektion_36_112.png,139,196
sektion_36_113.png,137,196
sektion_36_114.png,137,197
sektion_36_115.png,136,198
sektion_36_116.png,134,200
sektion_36_117.png,133,202
sektion_36_118.png,131,203
sektion_36_119.png,127,205
sektion_36_12.png,125,198
sektion_36_120.png,137,136
sektion_36_121.png,125,182
sektion_36_122.png,121,182
sektion_36_123.png,120,202
sektion_36_124.png,125,206
sektion_36_125.png,131,205
sektion_36_126.png,143,199
sektion_36_127.png,151,194
sektion_36_128.png,157,190
sektion_36_129.png,161,188
sektion_36_13.png,160,189
sektion_36_130.png,140,141
sektion_36_131.png,154,191
sektion_36_132.png,149,193
sektion_36_133.png,145,195
sektion_36_134.png,143,196
sektion_36_135.png,144,196
sektion_36_136.png,148,192
sektion_36_137.png,157,183
sektion_36_138.png,166,167
sektion_36_139.png,165,154
sektion_36_14.png,162,149
sektion_36_140.png,144,142
sektion_36_141.png,165,155
sektion_36_142.png,177,165
sektion_36_143.png,189,173
sektion_36_144.png,194,179
sektion_36_145.png,195,181
sektion_36_146.png,196,181
sektion_36_147.png,196,180
sektion_36_148.png,193,177
sektion_36_149.png,186,171
sektion_36_15.png,176,165
sektion_36_150.png,148,143
sektion_36_151.png,169,160
sektion_36_152.png,164,157
sektion_36_153.png,158,154
sektion_36_154.png,159,151
sektion_36_155.png,156,146
sektion_36_156.png,152,142
sektion_36_157.png,163,150
sektion_36_158.png,181,170
sektion_36_159.png,194,181
sektion_36_16.png,198,184
sektion_36_160.png,146,143
sektion_36_161.png,193,179
sektion_36_162.png,184,174
sektion_36_163.png,181,171
sektion_36_164.png,187,173
sektion_36_165.png,189,173
sektion_36_166.png,190,174
sektion_36_167.png,190,175
sektion_36_168.png,191,177
sektion_36_169.png,194,181
sektion_36_17.png,197,183
sektion_36_170.png,139,140
sektion_36_171.png,196,184
sektion_36_172.png,193,182
sektion_36_173.png,189,176
sektion_36_174.png,189,177
sektion_36_175.png,189,178
sektion_36_176.png,187,178
sektion_36_177.png,185,176
sektion_36_178.png,182,172
sektion_36_179.png,179,169
sektion_36_18.png,178,167
sektion_36_180.png,132,136
sektion_36_181.png,177,167
sektion_36_182.png,174,164
sektion_36_183.png,168,157
sektion_36_184.png,163,152
sektion_36_185.png,156,142
sektion_36_186.png,151,139
sektion_36_187.png,147,137
sektion_36_188.png,143,134
sektion_36_189.png,145,135
sektion_36_19.png,143,135
sektion_36_190.png,130,133
sektion_36_191.png,145,136
sektion_36_192.png,146,137
sektion_36_193.png,133,135
sektion_36_194.png,122,137
sektion_36_195.png,119,143
sektion_36_196.png,120,151
sektion_36_197.png,122,160
sektion_36_198.png,120,168
sektion_36_199.png,118,170
sektion_36_2.png,117,171
sektion_36_20.png,151,149
sektion_36_200.png,129,132
sektion_36_201.png,119,171
sektion_36_202.png,120,167
sektion_36_203.png,122,159
sektion_36_204.png,125,148
sektion_36_205.png,128,136
sektion_36_206.png,126,138
sektion_36_207.png,126,141
sektion_36_208.png,127,141
sektion_36_209.png,128,138
sektion_36_21.png,129,140
sektion_36_210.png,130,132
sektion_36_211.png,134,142
sektion_36_212.png,136,137
sektion_36_213.png,138,134
sektion_36_214.png,132,148
sektion_36_215.png,122,169
sektion_36_216.png,118,177
sektion_36_217.png,117,176
sektion_36_218.png,118,170
sektion_36_219.png,120,166
sektion_36_22.png,120,165
sektion_36_220.png,131,133
sektion_36_221.png,122,168
sektion_36_222.png,130,166
sektion_36_223.png,140,157
sektion_36_224.png,145,154
sektion_36_225.png,148,156
sektion_36_226.png,152,159
sektion_36_227.png,159,159
sektion_36_228.png,164,159
sektion_36_229.png,167,167
sektion_36_23.png,169,173
sektion_36_230.png,133,137
sektion_36_231.png,171,178
sektion_36_232.png,169,184
sektion_36_233.png,164,188
sektion_36_234.png,154,189
sektion_36_235.png,145,182
sektion_36_236.png,139,171
sektion_36_237.png,136,165
sektion_36_238.png,133,162
sektion_36_239.png,129,151
sektion_36_24.png,128,143
sektion_36_240.png,135,143
sektion_36_241.png,124,135
sektion_36_242.png,124,130
sektion_36_243.png,125,128
sektion_36_244.png,127,128
sektion_36_245.png,126,130
sektion_36_246.png,126,129
sektion_36_247.png,125,127
sektion_36_248.png,127,132
sektion_36_249.png,127,136
sektion_36_25.png,125,138
sektion_36_250.png,135,145
sektion_36_251.png,124,140
sektion_36_252.png,125,141
sektion_36_253.png,126,141
sektion_36_254.png,126,139
sektion_36_255.png,126,136
sektion_36_256.png,126,133
sektion_36_257.png,122,136
sektion_36_258.png,118,139
sektion_36_259.png,118,135
sektion_36_26.png,120,130
sektion_36_260.png,133,138
sektion_36_261.png,122,128
sektion_36_262.png,121,130
sektion_36_263.png,122,132
sektion_36_264.png,121,133
sektion_36_265.png,120,132
sektion_36_266.png,120,131
sektion_36_267.png,122,134
sektion_36_268.png,122,140
sektion_36_269.png,123,155
sektion_36_27.png,124,167
sektion_36_270.png,130,127
sektion_36_271.png,125,176
sektion_36_272.png,123,187
sektion_36_273.png,121,194
sektion_36_274.png,125,193
sektion_36_275.png,129,192
sektion_36_276.png,128,194
sektion_36_277.png,122,201
sektion_36_278.png,119,205
sektion_36_279.png,123,196
sektion_36_28.png,132,178
sektion_36_280.png,128,117
sektion_36_281.png,140,161
sektion_36_282.png,144,153
sektion_36_283.png,142,156
sektion_36_284.png,139,157
sektion_36_285.png,137,158
sektion_36_286.png,139,158
sektion_36_287.png,138,153
sektion_36_288.png,140,148
sektion_36_289.png,143,145
sektion_36_29.png,142,146
sektion_36_290.png,126,112
sektion_36_291.png,134,147
sektion_36_292.png,129,146
sektion_36_293.png,134,144
sektion_36_294.png,142,142
sektion_36_295.png,144,145
sektion_36_296.png,137,139
sektion_36_297.png,133,129
sektion_36_298.png,134,125
sektion_36_299.png,134,127
sektion_36_3.png,133,130
sektion_36_30.png,147,144
sektion_36_300.png,126,108
sektion_36_301.png,132,131
sektion_36_302.png,132,134
sektion_36_303.png,135,142
sektion_36_304.png,139,153
sektion_36_305.png,144,155
sektion_36_306.png,145,152
sektion_36_307.png,143,158
sektion_36_308.png,143,159
sektion_36_309.png,144,159
sektion_36_31.png,145,159
sektion_36_310.png,125,111
sektion_36_311.png,146,156
sektion_36_312.png,149,152
sektion_36_313.png,151,146
sektion_36_314.png,153,146
sektion_36_315.png,153,161
sektion_36_316.png,151,174
sektion_36_317.png,148,184
sektion_36_318.png,146,189
sektion_36_319.png,143,190
sektion_36_32.png,143,189
sektion_36_320.png,126,115
sektion_36_321.png,142,188
sektion_36_322.png,142,188
sektion_36_323.png,141,190
sektion_36_324.png,139,192
sektion_36_325.png,137,194
sektion_36_326.png,134,196
sektion_36_327.png,135,197
sektion_36_328.png,137,198
sektion_36_329.png,140,198
sektion_36_33.png,141,198
sektion_36_330.png,128,118
sektion_36_331.png,141,198
sektion_36_332.png,139,199
sektion_36_333.png,136,202
sektion_36_334.png,132,204
sektion_36_335.png,126,206
sektion_36_336.png,122,208
sektion_36_337.png,120,209
sektion_36_338.png,120,210
sektion_36_339.png,118,211
sektion_36_34.png,116,212
sektion_36_340.png,127,124
sektion_36_341.png,115,213
sektion_36_342.png,116,213
sektion_36_343.png,115,213
sektion_36_344.png,115,213
sektion_36_345.png,115,214
sektion_36_346.png,115,214
sektion_36_347.png,115,214
sektion_36_348.png,114,214
sektion_36_349.png,114,214
sektion_36_35.png,114,214
sektion_36_350.png,123,129
sektion_36_351.png,115,214
sektion_36_352.png,115,214
sektion_36_353.png,114,214
sektion_36_354.png,115,214
sektion_36_355.png,114,214
sektion_36_356.png,115,214
sektion_36_357.png,114,215
sektion_36_358.png,115,214
sektion_36_359.png,115,214
sektion_36_36.png,115,214
sektion_36_360.png,132,130
sektion_36_361.png,115,214
sektion_36_362.png,115,214
sektion_36_363.png,115,214
sektion_36_364.png,118,213
sektion_36_365.png,122,212
sektion_36_366.png,126,209
sektion_36_367.png,128,208
sektion_36_368.png,128,209
sektion_36_369.png,126,210
sektion_36_37.png,119,212
sektion_36_370.png,139,129
sektion_36_371.png,117,213
sektion_36_372.png,116,214
sektion_36_373.png,115,214
sektion_36_374.png,115,213
sektion_36_375.png,114,213
sektion_36_376.png,113,212
sektion_36_377.png,113,210
sektion_36_378.png,113,209
sektion_36_379.png,113,208
sektion_36_38.png,112,208
sektion_36_380.png,134,132
sektion_36_381.png,112,208
sektion_36_382.png,114,208
sektion_36_383.png,113,207
sektion_36_384.png,110,207
sektion_36_385.png,110,208
sektion_36_386.png,113,210
sektion_36_387.png,115,209
sektion_36_388.png,119,208
sektion_36_389.png,122,205
sektion_36_39.png,124,200
sektion_36_390.png,153,146
sektion_36_391.png,124,196
sektion_36_392.png,120,194
sektion_36_393.png,115,187
sektion_36_394.png,111,176
sektion_36_395.png,109,169
sektion_36_396.png,108,168
sektion_36_397.png,107,169
sektion_36_398.png,109,175
sektion_36_399.png,113,177
sektion_36_4.png,117,178
sektion_36_40.png,146,143
sektion_36_400.png,173,166
sektion_36_401.png,123,181
sektion_36_402.png,130,183
sektion_36_403.png,139,182
sektion_36_404.png,147,178
sektion_36_405.png,156,173
sektion_36_406.png,162,167
sektion_36_407.png,163,162
sektion_36_408.png,159,159
sektion_36_409.png,155,154
sektion_36_41.png,145,150
sektion_36_410.png,179,172
sektion_36_411.png,135,143
sektion_36_412.png,129,139
sektion_36_413.png,126,137
sektion_36_414.png,125,137
sektion_36_415.png,128,138
sektion_36_416.png,129,140
sektion_36_417.png,127,145
sektion_36_418.png,126,147
sektion_36_419.png,124,151
sektion_36_42.png,127,154
sektion_36_420.png,182,176
sektion_36_421.png,135,158
sektion_36_422.png,147,161
sektion_36_423.png,158,162
sektion_36_424.png,164,163
sektion_36_425.png,167,163
sektion_36_426.png,169,164
sektion_36_427.png,169,164
sektion_36_428.png,168,161
sektion_36_429.png,165,156
sektion_36_43.png,162,156
sektion_36_430.png,187,181
sektion_36_431.png,158,154
sektion_36_432.png,155,153
sektion_36_433.png,154,152
sektion_36_434.png,153,149
sektion_36_435.png,153,147
sektion_36_436.png,153,147
sektion_36_437.png,151,147
sektion_36_438.png,150,147
sektion_36_439.png,147,145
sektion_36_44.png,146,144
sektion_36_440.png,190,185
sektion_36_441.png,145,143
sektion_36_442.png,142,144
sektion_36_443.png,140,146
sektion_36_444.png,138,149
sektion_36_445.png,137,151
sektion_36_446.png,135,153
sektion_36_447.png,137,156
sektion_36_448.png,146,157
sektion_36_449.png,161,155
sektion_36_45.png,170,155
sektion_36_450.png,191,187
sektion_36_451.png,172,157
sektion_36_452.png,174,163
sektion_36_453.png,177,170
sektion_36_454.png,181,172
sektion_36_455.png,183,172
sektion_36_456.png,184,176
sektion_36_457.png,185,178
sektion_36_458.png,186,182
sektion_36_459.png,181,187
sektion_36_46.png,166,194
sektion_36_460.png,191,188
sektion_36_461.png,150,201
sektion_36_462.png,139,205
sektion_36_463.png,133,207
sektion_36_464.png,128,208
sektion_36_465.png,127,206
sektion_36_466.png,125,205
sektion_36_467.png,124,204
sektion_36_468.png,122,204
sektion_36_469.png,121,205
sektion_36_47.png,122,204
sektion_36_470.png,191,188
sektion_36_471.png,125,202
sektion_36_472.png,126,200
sektion_36_473.png,130,198
sektion_36_474.png,133,195
sektion_36_475.png,136,192
sektion_36_476.png,138,190
sektion_36_477.png,141,188
sektion_36_478.png,142,188
sektion_36_479.png,141,189
sektion_36_48.png,139,192
sektion_36_480.png,191,188
sektion_36_481.png,137,193
sektion_36_482.png,135,196
sektion_36_483.png,133,199
sektion_36_484.png,132,200
sektion_36_485.png,132,199
sektion_36_486.png,133,198
sektion_36_487.png,135,198
sektion_36_49.png,135,197
sektion_36_5.png,191,189
sektion_36_50.png,150,142
sektion_36_51.png,192,189
sektion_36_52.png,192,188
sektion_36_53.png,192,188
sektion_36_54.png,192,189
sektion_36_55.png,192,189
sektion_36_56.png,192,190
sektion_36_57.png,192,190
sektion_36_58.png,191,190
sektion_36_59.png,191,190
sektion_36_6.png,192,191
sektion_36_60.png,153,143
sektion_36_61.png,193,191
sektion_36_62.png,193,191
sektion_36_63.png,193,191
sektion_36_64.png,193,192
sektion_36_65.png,193,192
sektion_36_66.png,192,192
sektion_36_67.png,192,192
sektion_36_68.png,191,192
sektion_36_69.png,191,192
sektion_36_7.png,193,192
sektion_36_70.png,155,146
sektion_36_71.png,193,192
sektion_36_72.png,192,192
sektion_36_73.png,192,193
sektion_36_74.png,191,192
sektion_36_75.png,191,193
sektion_36_76.png,192,193
sektion_36_77.png,192,193
sektion_36_78.png,193,192
sektion_36_79.png,191,191
sektion_36_8.png,190,190
sektion_36_80.png,158,145
sektion_36_81.png,186,189
sektion_36_82.png,171,189
sektion_36_83.png,147,190
sektion_36_84.png,131,190
sektion_36_85.png,132,187
sektion_36_86.png,152,187
sektion_36_87.png,175,187
sektion_36_88.png,187,187
sektion_36_89.png,189,188
sektion_36_9.png,190,189
sektion_36_90.png,156,142
sektion_36_91.png,188,191
sektion_36_92.png,190,189
sektion_36_93.png,191,189
sektion_36_94.png,191,191
sektion_36_95.png,191,189
sektion_36_96.png,187,186
sektion_36_97.png,184,183
sektion_36_98.png,175,179
sektion_36_99.png,161,178
sektion_37_0.png,156,179
sektion_37_1.png,150,156
sektion_37_10.png,147,155
sektion_37_100.png,138,130
sektion_37_101.png,155,175
sektion_37_102.png,170,172
sektion_37_103.png,174,165
sektion_37_104.png,170,155
sektion_37_105.png,165,152
sektion_37_106.png,163,153
sektion_37_107.png,162,163
sektion_37_108.png,154,178
sektion_37_109.png,144,191
sektion_37_11.png,138,197
sektion_37_110.png,132,127
sektion_37_111.png,137,199
sektion_37_112.png,135,199
sektion_37_113.png,134,200
sektion_37_114.png,134,200
sektion_37_115.png,132,201
sektion_37_116.png,131,203
sektion_37_117.png,129,204
sektion_37_118.png,129,205
sektion_37_119.png,126,206
sektion_37_12.png,122,208
sektion_37_120.png,130,127
sektion_37_121.png,119,201
sektion_37_122.png,119,195
sektion_37_123.png,119,198
sektion_37_124.png,121,206
sektion_37_125.png,124,207
sektion_37_126.png,131,206
sektion_37_127.png,137,203
sektion_37_128.png,146,198
sektion_37_129.png,154,193
sektion_37_13.png,159,190
sektion_37_130.png,133,137
sektion_37_131.png,157,190
sektion_37_132.png,153,192
sektion_37_133.png,150,194
sektion_37_134.png,148,195
sektion_37_135.png,151,195
sektion_37_136.png,159,192
sektion_37_137.png,162,179
sektion_37_138.png,167,163
sektion_37_139.png,168,155
sektion_37_14.png,174,161
sektion_37_140.png,137,140
sektion_37_141.png,185,173
sektion_37_142.png,194,180
sektion_37_143.png,196,181
sektion_37_144.png,193,180
sektion_37_145.png,193,177
sektion_37_146.png,187,173
sektion_37_147.png,173,161
sektion_37_148.png,157,144
sektion_37_149.png,150,139
sektion_37_15.png,157,144
sektion_37_150.png,139,141
sektion_37_151.png,165,151
sektion_37_152.png,164,150
sektion_37_153.png,154,141
sektion_37_154.png,152,136
sektion_37_155.png,145,134
sektion_37_156.png,151,139
sektion_37_157.png,169,159
sektion_37_158.png,180,170
sektion_37_159.png,181,172
sektion_37_16.png,180,170
sektion_37_160.png,137,142
sektion_37_161.png,171,159
sektion_37_162.png,165,153
sektion_37_163.png,170,158
sektion_37_164.png,173,162
sektion_37_165.png,175,163
sektion_37_166.png,176,163
sektion_37_167.png,175,164
sektion_37_168.png,175,165
sektion_37_169.png,179,169
sektion_37_17.png,185,173
sektion_37_170.png,131,136
sektion_37_171.png,187,176
sektion_37_172.png,189,176
sektion_37_173.png,189,179
sektion_37_174.png,190,180
sektion_37_175.png,190,180
sektion_37_176.png,189,178
sektion_37_177.png,184,175
sektion_37_178.png,180,170
sektion_37_179.png,178,167
sektion_37_18.png,179,169
sektion_37_180.png,127,130
sektion_37_181.png,181,171
sektion_37_182.png,180,170
sektion_37_183.png,175,164
sektion_37_184.png,169,157
sektion_37_185.png,163,149
sektion_37_186.png,154,142
sektion_37_187.png,146,136
sektion_37_188.png,143,133
sektion_37_189.png,139,133
sektion_37_19.png,141,135
sektion_37_190.png,125,128
sektion_37_191.png,137,138
sektion_37_192.png,134,134
sektion_37_193.png,130,140
sektion_37_194.png,121,152
sektion_37_195.png,114,160
sektion_37_196.png,115,163
sektion_37_197.png,119,166
sektion_37_198.png,124,168
sektion_37_199.png,122,168
sektion_37_2.png,116,170
sektion_37_20.png,146,153
sektion_37_200.png,125,126
sektion_37_201.png,119,163
sektion_37_202.png,123,156
sektion_37_203.png,127,147
sektion_37_204.png,131,137
sektion_37_205.png,132,132
sektion_37_206.png,132,130
sektion_37_207.png,129,135
sektion_37_208.png,129,136
sektion_37_209.png,130,136
sektion_37_21.png,130,135
sektion_37_210.png,127,125
sektion_37_211.png,131,138
sektion_37_212.png,133,134
sektion_37_213.png,134,132
sektion_37_214.png,129,139
sektion_37_215.png,126,145
sektion_37_216.png,120,162
sektion_37_217.png,118,170
sektion_37_218.png,117,173
sektion_37_219.png,118,171
sektion_37_22.png,117,168
sektion_37_220.png,125,134
sektion_37_221.png,119,164
sektion_37_222.png,119,163
sektion_37_223.png,121,164
sektion_37_224.png,126,165
sektion_37_225.png,130,165
sektion_37_226.png,136,165
sektion_37_227.png,139,166
sektion_37_228.png,142,163
sektion_37_229.png,148,162
sektion_37_23.png,151,164
sektion_37_230.png,125,140
sektion_37_231.png,148,164
sektion_37_232.png,146,162
sektion_37_233.png,141,155
sektion_37_234.png,133,146
sektion_37_235.png,129,143
sektion_37_236.png,128,146
sektion_37_237.png,131,149
sektion_37_238.png,133,151
sektion_37_239.png,133,157
sektion_37_24.png,128,151
sektion_37_240.png,129,144
sektion_37_241.png,125,139
sektion_37_242.png,127,129
sektion_37_243.png,127,129
sektion_37_244.png,125,131
sektion_37_245.png,125,128
sektion_37_246.png,126,124
sektion_37_247.png,125,125
sektion_37_248.png,126,127
sektion_37_249.png,127,130
sektion_37_25.png,125,133
sektion_37_250.png,130,141
sektion_37_251.png,124,136
sektion_37_252.png,125,138
sektion_37_253.png,125,137
sektion_37_254.png,126,135
sektion_37_255.png,127,133
sektion_37_256.png,126,131
sektion_37_257.png,127,128
sektion_37_258.png,126,124
sektion_37_259.png,120,128
sektion_37_26.png,114,130
sektion_37_260.png,126,132
sektion_37_261.png,112,129
sektion_37_262.png,115,126
sektion_37_263.png,119,125
sektion_37_264.png,122,129
sektion_37_265.png,123,137
sektion_37_266.png,122,142
sektion_37_267.png,124,133
sektion_37_268.png,122,138
sektion_37_269.png,116,154
sektion_37_27.png,114,160
sektion_37_270.png,125,118
sektion_37_271.png,118,155
sektion_37_272.png,118,168
sektion_37_273.png,119,190
sektion_37_274.png,122,195
sektion_37_275.png,125,194
sektion_37_276.png,129,192
sektion_37_277.png,128,193
sektion_37_278.png,125,196
sektion_37_279.png,127,189
sektion_37_28.png,137,169
sektion_37_280.png,123,109
sektion_37_281.png,145,151
sektion_37_282.png,145,150
sektion_37_283.png,144,151
sektion_37_284.png,141,154
sektion_37_285.png,140,155
sektion_37_286.png,139,154
sektion_37_287.png,138,153
sektion_37_288.png,138,152
sektion_37_289.png,140,151
sektion_37_29.png,141,148
sektion_37_290.png,122,103
sektion_37_291.png,137,146
sektion_37_292.png,133,147
sektion_37_293.png,137,145
sektion_37_294.png,144,148
sektion_37_295.png,147,144
sektion_37_296.png,139,141
sektion_37_297.png,133,132
sektion_37_298.png,134,124
sektion_37_299.png,134,123
sektion_37_3.png,133,128
sektion_37_30.png,146,152
sektion_37_300.png,121,101
sektion_37_301.png,134,131
sektion_37_302.png,136,136
sektion_37_303.png,138,150
sektion_37_304.png,141,157
sektion_37_305.png,143,153
sektion_37_306.png,143,154
sektion_37_307.png,142,160
sektion_37_308.png,141,162
sektion_37_309.png,144,159
sektion_37_31.png,146,154
sektion_37_310.png,120,103
sektion_37_311.png,149,151
sektion_37_312.png,151,148
sektion_37_313.png,150,147
sektion_37_314.png,151,161
sektion_37_315.png,146,174
sektion_37_316.png,143,185
sektion_37_317.png,143,190
sektion_37_318.png,146,190
sektion_37_319.png,144,189
sektion_37_32.png,142,188
sektion_37_320.png,121,106
sektion_37_321.png,141,189
sektion_37_322.png,140,192
sektion_37_323.png,138,194
sektion_37_324.png,135,195
sektion_37_325.png,132,197
sektion_37_326.png,130,199
sektion_37_327.png,128,200
sektion_37_328.png,129,202
sektion_37_329.png,131,202
sektion_37_33.png,134,202
sektion_37_330.png,126,107
sektion_37_331.png,136,202
sektion_37_332.png,137,201
sektion_37_333.png,138,202
sektion_37_334.png,135,204
sektion_37_335.png,129,207
sektion_37_336.png,125,209
sektion_37_337.png,121,210
sektion_37_338.png,119,211
sektion_37_339.png,118,212
sektion_37_34.png,116,213
sektion_37_340.png,122,115
sektion_37_341.png,115,214
sektion_37_342.png,115,214
sektion_37_343.png,115,214
sektion_37_344.png,115,214
sektion_37_345.png,115,214
sektion_37_346.png,115,214
sektion_37_347.png,115,214
sektion_37_348.png,115,214
sektion_37_349.png,115,214
sektion_37_35.png,115,214
sektion_37_350.png,118,126
sektion_37_351.png,114,214
sektion_37_352.png,114,214
sektion_37_353.png,114,215
sektion_37_354.png,114,215
sektion_37_355.png,114,215
sektion_37_356.png,114,215
sektion_37_357.png,114,215
sektion_37_358.png,115,215
sektion_37_359.png,115,215
sektion_37_36.png,115,215
sektion_37_360.png,124,129
sektion_37_361.png,115,215
sektion_37_362.png,115,214
sektion_37_363.png,115,214
sektion_37_364.png,117,214
sektion_37_365.png,121,213
sektion_37_366.png,124,211
sektion_37_367.png,128,208
sektion_37_368.png,128,209
sektion_37_369.png,127,210
sektion_37_37.png,120,212
sektion_37_370.png,135,129
sektion_37_371.png,117,213
sektion_37_372.png,116,214
sektion_37_373.png,115,214
sektion_37_374.png,114,214
sektion_37_375.png,114,214
sektion_37_376.png,114,212
sektion_37_377.png,113,211
sektion_37_378.png,113,210
sektion_37_379.png,112,208
sektion_37_38.png,112,207
sektion_37_380.png,134,133
sektion_37_381.png,113,208
sektion_37_382.png,113,209
sektion_37_383.png,112,208
sektion_37_384.png,111,208
sektion_37_385.png,110,208
sektion_37_386.png,112,209
sektion_37_387.png,114,210
sektion_37_388.png,115,210
sektion_37_389.png,118,208
sektion_37_39.png,121,206
sektion_37_390.png,156,151
sektion_37_391.png,125,200
sektion_37_392.png,127,193
sektion_37_393.png,124,189
sektion_37_394.png,118,185
sektion_37_395.png,113,176
sektion_37_396.png,109,168
sektion_37_397.png,106,166
sektion_37_398.png,107,166
sektion_37_399.png,109,168
sektion_37_4.png,112,172
sektion_37_40.png,147,152
sektion_37_400.png,178,171
sektion_37_401.png,116,177
sektion_37_402.png,120,184
sektion_37_403.png,128,188
sektion_37_404.png,137,187
sektion_37_405.png,147,180
sektion_37_406.png,157,172
sektion_37_407.png,162,164
sektion_37_408.png,163,157
sektion_37_409.png,159,152
sektion_37_41.png,152,147
sektion_37_410.png,184,176
sektion_37_411.png,145,143
sektion_37_412.png,138,142
sektion_37_413.png,132,141
sektion_37_414.png,131,142
sektion_37_415.png,130,143
sektion_37_416.png,131,143
sektion_37_417.png,132,143
sektion_37_418.png,132,146
sektion_37_419.png,132,151
sektion_37_42.png,136,156
sektion_37_420.png,185,179
sektion_37_421.png,146,158
sektion_37_422.png,155,160
sektion_37_423.png,163,163
sektion_37_424.png,168,163
sektion_37_425.png,170,163
sektion_37_426.png,170,164
sektion_37_427.png,170,163
sektion_37_428.png,168,160
sektion_37_429.png,166,158
sektion_37_43.png,162,156
sektion_37_430.png,187,182
sektion_37_431.png,160,154
sektion_37_432.png,157,153
sektion_37_433.png,155,150
sektion_37_434.png,153,148
sektion_37_435.png,152,147
sektion_37_436.png,152,145
sektion_37_437.png,149,145
sektion_37_438.png,148,145
sektion_37_439.png,146,142
sektion_37_44.png,144,141
sektion_37_440.png,189,185
sektion_37_441.png,143,140
sektion_37_442.png,142,141
sektion_37_443.png,141,143
sektion_37_444.png,140,144
sektion_37_445.png,140,146
sektion_37_446.png,139,146
sektion_37_447.png,138,147
sektion_37_448.png,144,149
sektion_37_449.png,155,151
sektion_37_45.png,163,155
sektion_37_450.png,190,185
sektion_37_451.png,166,158
sektion_37_452.png,171,161
sektion_37_453.png,176,163
sektion_37_454.png,180,168
sektion_37_455.png,182,172
sektion_37_456.png,181,174
sektion_37_457.png,183,175
sektion_37_458.png,187,178
sektion_37_459.png,187,181
sektion_37_46.png,180,186
sektion_37_460.png,191,187
sektion_37_461.png,166,193
sektion_37_462.png,156,199
sektion_37_463.png,150,202
sektion_37_464.png,138,203
sektion_37_465.png,135,204
sektion_37_466.png,132,203
sektion_37_467.png,130,203
sektion_37_468.png,127,203
sektion_37_469.png,126,202
sektion_37_47.png,128,201
sektion_37_470.png,191,188
sektion_37_471.png,128,200
sektion_37_472.png,130,197
sektion_37_473.png,138,191
sektion_37_474.png,143,186
sektion_37_475.png,145,181
sektion_37_476.png,149,175
sektion_37_477.png,152,171
sektion_37_478.png,156,167
sektion_37_479.png,156,168
sektion_37_48.png,155,172
sektion_37_480.png,190,188
sektion_37_481.png,153,175
sektion_37_482.png,150,178
sektion_37_483.png,148,183
sektion_37_484.png,147,186
sektion_37_485.png,147,187
sektion_37_486.png,147,189
sektion_37_487.png,147,190
sektion_37_49.png,147,190
sektion_37_5.png,190,188
sektion_37_50.png,148,150
sektion_37_51.png,191,188
sektion_37_52.png,191,188
sektion_37_53.png,191,189
sektion_37_54.png,191,189
sektion_37_55.png,192,189
sektion_37_56.png,192,190
sektion_37_57.png,192,190
sektion_37_58.png,192,190
sektion_37_59.png,192,190
sektion_37_6.png,191,190
sektion_37_60.png,151,146
sektion_37_61.png,192,191
sektion_37_62.png,192,191
sektion_37_63.png,192,192
sektion_37_64.png,192,192
sektion_37_65.png,192,192
sektion_37_66.png,192,191
sektion_37_67.png,193,191
sektion_37_68.png,193,192
sektion_37_69.png,193,192
sektion_37_7.png,191,192
sektion_37_70.png,151,143
sektion_37_71.png,191,193
sektion_37_72.png,191,192
sektion_37_73.png,192,192
sektion_37_74.png,193,192
sektion_37_75.png,195,193
sektion_37_76.png,194,193
sektion_37_77.png,192,193
sektion_37_78.png,190,192
sektion_37_79.png,191,191
sektion_37_8.png,191,192
sektion_37_80.png,151,141
sektion_37_81.png,190,191
sektion_37_82.png,191,191
sektion_37_83.png,191,191
sektion_37_84.png,179,189
sektion_37_85.png,154,189
sektion_37_86.png,136,189
sektion_37_87.png,133,189
sektion_37_88.png,146,188
sektion_37_89.png,179,189
sektion_37_9.png,190,188
sektion_37_90.png,145,136
sektion_37_91.png,191,190
sektion_37_92.png,188,188
sektion_37_93.png,187,186
sektion_37_94.png,188,189
sektion_37_95.png,189,189
sektion_37_96.png,190,189
sektion_37_97.png,191,188
sektion_37_98.png,185,182
sektion_37_99.png,178,177
sektion_38_0.png,163,174
sektion_38_1.png,140,151
sektion_38_10.png,134,145
sektion_38_100.png,127,127
sektion_38_101.png,165,160
sektion_38_102.png,159,154
sektion_38_103.png,163,150
sektion_38_104.png,166,154
sektion_38_105.png,167,155
sektion_38_106.png,164,155
sektion_38_107.png,160,165
sektion_38_108.png,149,184
sektion_38_109.png,138,196
sektion_38_11.png,131,202
sektion_38_110.png,129,123
sektion_38_111.png,129,204
sektion_38_112.png,128,204
sektion_38_113.png,130,204
sektion_38_114.png,129,204
sektion_38_115.png,127,206
sektion_38_116.png,125,207
sektion_38_117.png,124,205
sektion_38_118.png,124,207
sektion_38_119.png,121,210
sektion_38_12.png,118,208
sektion_38_120.png,132,123
sektion_38_121.png,117,196
sektion_38_122.png,121,175
sektion_38_123.png,123,166
sektion_38_124.png,120,197
sektion_38_125.png,120,209
sektion_38_126.png,123,208
sektion_38_127.png,127,207
sektion_38_128.png,132,205
sektion_38_129.png,140,201
sektion_38_13.png,147,197
sektion_38_130.png,130,133
sektion_38_131.png,153,193
sektion_38_132.png,156,191
sektion_38_133.png,156,192
sektion_38_134.png,154,193
sektion_38_135.png,157,192
sektion_38_136.png,161,189
sektion_38_137.png,162,178
sektion_38_138.png,169,163
sektion_38_139.png,174,162
sektion_38_14.png,183,172
sektion_38_140.png,131,139
sektion_38_141.png,190,176
sektion_38_142.png,193,178
sektion_38_143.png,188,176
sektion_38_144.png,179,168
sektion_38_145.png,168,152
sektion_38_146.png,158,142
sektion_38_147.png,148,137
sektion_38_148.png,155,140
sektion_38_149.png,158,143
sektion_38_15.png,156,142
sektion_38_150.png,133,144
sektion_38_151.png,155,139
sektion_38_152.png,153,138
sektion_38_153.png,148,136
sektion_38_154.png,145,133
sektion_38_155.png,145,134
sektion_38_156.png,152,139
sektion_38_157.png,155,140
sektion_38_158.png,155,142
sektion_38_159.png,156,141
sektion_38_16.png,155,140
sektion_38_160.png,130,143
sektion_38_161.png,157,142
sektion_38_162.png,160,146
sektion_38_163.png,159,146
sektion_38_164.png,154,141
sektion_38_165.png,156,143
sektion_38_166.png,158,145
sektion_38_167.png,159,144
sektion_38_168.png,158,143
sektion_38_169.png,157,142
sektion_38_17.png,160,147
sektion_38_170.png,126,134
sektion_38_171.png,165,156
sektion_38_172.png,169,159
sektion_38_173.png,177,169
sektion_38_174.png,180,171
sektion_38_175.png,181,171
sektion_38_176.png,182,172
sektion_38_177.png,182,170
sektion_38_178.png,181,171
sektion_38_179.png,180,171
sektion_38_18.png,179,170
sektion_38_180.png,125,126
sektion_38_181.png,179,168
sektion_38_182.png,176,165
sektion_38_183.png,169,159
sektion_38_184.png,165,150
sektion_38_185.png,162,147
sektion_38_186.png,156,146
sektion_38_187.png,149,139
sektion_38_188.png,141,133
sektion_38_189.png,143,136
sektion_38_19.png,139,142
sektion_38_190.png,124,124
sektion_38_191.png,131,140
sektion_38_192.png,129,140
sektion_38_193.png,122,150
sektion_38_194.png,115,161
sektion_38_195.png,111,167
sektion_38_196.png,114,166
sektion_38_197.png,117,167
sektion_38_198.png,119,168
sektion_38_199.png,119,168
sektion_38_2.png,118,168
sektion_38_20.png,132,140
sektion_38_200.png,124,126
sektion_38_201.png,121,147
sektion_38_202.png,125,134
sektion_38_203.png,127,139
sektion_38_204.png,131,139
sektion_38_205.png,131,137
sektion_38_206.png,132,135
sektion_38_207.png,131,133
sektion_38_208.png,128,131
sektion_38_209.png,131,134
sektion_38_21.png,129,136
sektion_38_210.png,123,130
sektion_38_211.png,126,140
sektion_38_212.png,128,136
sektion_38_213.png,128,133
sektion_38_214.png,129,132
sektion_38_215.png,128,135
sektion_38_216.png,126,141
sektion_38_217.png,125,149
sektion_38_218.png,124,155
sektion_38_219.png,122,163
sektion_38_22.png,119,169
sektion_38_220.png,123,130
sektion_38_221.png,116,168
sektion_38_222.png,114,164
sektion_38_223.png,115,162
sektion_38_224.png,119,163
sektion_38_225.png,124,164
sektion_38_226.png,129,164
sektion_38_227.png,131,162
sektion_38_228.png,132,159
sektion_38_229.png,134,156
sektion_38_23.png,134,154
sektion_38_230.png,125,134
sektion_38_231.png,132,148
sektion_38_232.png,130,141
sektion_38_233.png,130,140
sektion_38_234.png,130,144
sektion_38_235.png,130,150
sektion_38_236.png,130,153
sektion_38_237.png,130,156
sektion_38_238.png,131,159
sektion_38_239.png,133,158
sektion_38_24.png,133,151
sektion_38_240.png,127,139
sektion_38_241.png,132,141
sektion_38_242.png,130,133
sektion_38_243.png,127,128
sektion_38_244.png,124,127
sektion_38_245.png,123,128
sektion_38_246.png,123,127
sektion_38_247.png,124,127
sektion_38_248.png,124,125
sektion_38_249.png,124,125
sektion_38_25.png,126,124
sektion_38_250.png,127,135
sektion_38_251.png,127,125
sektion_38_252.png,126,129
sektion_38_253.png,125,133
sektion_38_254.png,125,135
sektion_38_255.png,124,135
sektion_38_256.png,125,134
sektion_38_257.png,124,132
sektion_38_258.png,121,130
sektion_38_259.png,120,127
sektion_38_26.png,117,124
sektion_38_260.png,123,125
sektion_38_261.png,116,122
sektion_38_262.png,115,122
sektion_38_263.png,115,123
sektion_38_264.png,115,124
sektion_38_265.png,116,123
sektion_38_266.png,116,123
sektion_38_267.png,117,125
sektion_38_268.png,116,132
sektion_38_269.png,117,141
sektion_38_27.png,116,151
sektion_38_270.png,120,113
sektion_38_271.png,116,155
sektion_38_272.png,117,160
sektion_38_273.png,117,172
sektion_38_274.png,119,186
sektion_38_275.png,121,195
sektion_38_276.png,125,194
sektion_38_277.png,127,193
sektion_38_278.png,127,192
sektion_38_279.png,133,183
sektion_38_28.png,141,167
sektion_38_280.png,119,104
sektion_38_281.png,143,155
sektion_38_282.png,142,153
sektion_38_283.png,140,155
sektion_38_284.png,141,152
sektion_38_285.png,143,149
sektion_38_286.png,142,150
sektion_38_287.png,141,153
sektion_38_288.png,139,154
sektion_38_289.png,139,154
sektion_38_29.png,141,150
sektion_38_290.png,118,100
sektion_38_291.png,141,146
sektion_38_292.png,141,146
sektion_38_293.png,137,147
sektion_38_294.png,136,150
sektion_38_295.png,144,147
sektion_38_296.png,142,137
sektion_38_297.png,133,135
sektion_38_298.png,128,133
sektion_38_299.png,133,126
sektion_38_3.png,136,131
sektion_38_30.png,131,144
sektion_38_300.png,118,99
sektion_38_301.png,139,145
sektion_38_302.png,140,152
sektion_38_303.png,140,157
sektion_38_304.png,141,158
sektion_38_305.png,142,156
sektion_38_306.png,142,157
sektion_38_307.png,143,160
sektion_38_308.png,142,161
sektion_38_309.png,145,159
sektion_38_31.png,147,155
sektion_38_310.png,115,102
sektion_38_311.png,148,153
sektion_38_312.png,150,152
sektion_38_313.png,150,157
sektion_38_314.png,151,171
sektion_38_315.png,143,164
sektion_38_316.png,140,163
sektion_38_317.png,143,179
sektion_38_318.png,149,185
sektion_38_319.png,149,186
sektion_38_32.png,142,189
sektion_38_320.png,117,101
sektion_38_321.png,137,192
sektion_38_322.png,137,196
sektion_38_323.png,129,198
sektion_38_324.png,127,199
sektion_38_325.png,128,200
sektion_38_326.png,129,202
sektion_38_327.png,126,204
sektion_38_328.png,123,205
sektion_38_329.png,122,207
sektion_38_33.png,125,207
sektion_38_330.png,124,98
sektion_38_331.png,128,206
sektion_38_332.png,133,204
sektion_38_333.png,137,203
sektion_38_334.png,136,204
sektion_38_335.png,133,206
sektion_38_336.png,129,208
sektion_38_337.png,124,210
sektion_38_338.png,119,212
sektion_38_339.png,116,213
sektion_38_34.png,116,213
sektion_38_340.png,123,107
sektion_38_341.png,116,214
sektion_38_342.png,115,214
sektion_38_343.png,115,214
sektion_38_344.png,114,215
sektion_38_345.png,114,215
sektion_38_346.png,114,215
sektion_38_347.png,115,215
sektion_38_348.png,115,215
sektion_38_349.png,115,215
sektion_38_35.png,115,215
sektion_38_350.png,115,124
sektion_38_351.png,114,215
sektion_38_352.png,114,215
sektion_38_353.png,114,215
sektion_38_354.png,114,215
sektion_38_355.png,114,216
sektion_38_356.png,114,216
sektion_38_357.png,114,216
sektion_38_358.png,114,216
sektion_38_359.png,114,216
sektion_38_36.png,114,216
sektion_38_360.png,119,131
sektion_38_361.png,115,215
sektion_38_362.png,115,215
sektion_38_363.png,115,215
sektion_38_364.png,117,215
sektion_38_365.png,119,214
sektion_38_366.png,121,212
sektion_38_367.png,125,210
sektion_38_368.png,128,209
sektion_38_369.png,129,210
sektion_38_37.png,122,211
sektion_38_370.png,128,130
sektion_38_371.png,119,213
sektion_38_372.png,116,215
sektion_38_373.png,113,215
sektion_38_374.png,113,215
sektion_38_375.png,113,214
sektion_38_376.png,113,213
sektion_38_377.png,112,211
sektion_38_378.png,112,210
sektion_38_379.png,111,210
sektion_38_38.png,112,208
sektion_38_380.png,132,134
sektion_38_381.png,112,207
sektion_38_382.png,111,207
sektion_38_383.png,110,209
sektion_38_384.png,111,208
sektion_38_385.png,112,207
sektion_38_386.png,113,209
sektion_38_387.png,113,211
sektion_38_388.png,113,211
sektion_38_389.png,118,210
sektion_38_39.png,117,210
sektion_38_390.png,154,153
sektion_38_391.png,119,205
sektion_38_392.png,124,198
sektion_38_393.png,129,191
sektion_38_394.png,133,184
sektion_38_395.png,130,176
sektion_38_396.png,122,167
sektion_38_397.png,112,172
sektion_38_398.png,106,169
sektion_38_399.png,105,169
sektion_38_4.png,107,172
sektion_38_40.png,137,148
sektion_38_400.png,178,173
sektion_38_401.png,110,172
sektion_38_402.png,116,173
sektion_38_403.png,119,183
sektion_38_404.png,125,189
sektion_38_405.png,134,186
sektion_38_406.png,145,178
sektion_38_407.png,155,168
sektion_38_408.png,161,161
sektion_38_409.png,156,154
sektion_38_41.png,152,146
sektion_38_410.png,182,177
sektion_38_411.png,146,141
sektion_38_412.png,140,141
sektion_38_413.png,137,143
sektion_38_414.png,133,146
sektion_38_415.png,133,144
sektion_38_416.png,133,143
sektion_38_417.png,135,139
sektion_38_418.png,137,145
sektion_38_419.png,143,153
sektion_38_42.png,150,158
sektion_38_420.png,185,180
sektion_38_421.png,157,160
sektion_38_422.png,162,160
sektion_38_423.png,167,160
sektion_38_424.png,170,162
sektion_38_425.png,173,164
sektion_38_426.png,173,164
sektion_38_427.png,172,162
sektion_38_428.png,170,159
sektion_38_429.png,167,156
sektion_38_43.png,163,153
sektion_38_430.png,189,183
sektion_38_431.png,161,151
sektion_38_432.png,158,149
sektion_38_433.png,156,148
sektion_38_434.png,152,148
sektion_38_435.png,151,147
sektion_38_436.png,151,144
sektion_38_437.png,150,144
sektion_38_438.png,149,144
sektion_38_439.png,148,142
sektion_38_44.png,145,142
sektion_38_440.png,191,184
sektion_38_441.png,144,141
sektion_38_442.png,143,140
sektion_38_443.png,141,139
sektion_38_444.png,141,139
sektion_38_445.png,140,140
sektion_38_446.png,140,141
sektion_38_447.png,142,142
sektion_38_448.png,144,144
sektion_38_449.png,147,146
sektion_38_45.png,153,149
sektion_38_450.png,191,185
sektion_38_451.png,160,153
sektion_38_452.png,169,158
sektion_38_453.png,174,162
sektion_38_454.png,178,165
sektion_38_455.png,180,168
sektion_38_456.png,180,171
sektion_38_457.png,181,174
sektion_38_458.png,184,176
sektion_38_459.png,187,178
sektion_38_46.png,188,182
sektion_38_460.png,189,186
sektion_38_461.png,185,184
sektion_38_462.png,177,189
sektion_38_463.png,170,193
sektion_38_464.png,159,195
sektion_38_465.png,155,196
sektion_38_466.png,150,196
sektion_38_467.png,145,197
sektion_38_468.png,142,197
sektion_38_469.png,141,196
sektion_38_47.png,140,194
sektion_38_470.png,189,186
sektion_38_471.png,140,191
sektion_38_472.png,140,187
sektion_38_473.png,148,179
sektion_38_474.png,151,173
sektion_38_475.png,151,168
sektion_38_476.png,152,160
sektion_38_477.png,153,157
sektion_38_478.png,156,156
sektion_38_479.png,158,155
sektion_38_48.png,160,157
sektion_38_480.png,191,187
sektion_38_481.png,161,158
sektion_38_482.png,160,162
sektion_38_483.png,160,169
sektion_38_484.png,159,172
sektion_38_485.png,159,174
sektion_38_486.png,159,177
sektion_38_487.png,159,179
sektion_38_49.png,159,179
sektion_38_5.png,193,187
sektion_38_50.png,148,144
sektion_38_51.png,193,186
sektion_38_52.png,192,186
sektion_38_53.png,191,184
sektion_38_54.png,191,184
sektion_38_55.png,191,183
sektion_38_56.png,191,185
sektion_38_57.png,191,186
sektion_38_58.png,191,187
sektion_38_59.png,191,188
sektion_38_6.png,192,189
sektion_38_60.png,145,137
sektion_38_61.png,192,190
sektion_38_62.png,193,191
sektion_38_63.png,194,191
sektion_38_64.png,193,192
sektion_38_65.png,192,192
sektion_38_66.png,191,191
sektion_38_67.png,191,192
sektion_38_68.png,191,193
sektion_38_69.png,192,193
sektion_38_7.png,191,193
sektion_38_70.png,143,136
sektion_38_71.png,191,193
sektion_38_72.png,191,193
sektion_38_73.png,192,193
sektion_38_74.png,193,193
sektion_38_75.png,193,193
sektion_38_76.png,192,193
sektion_38_77.png,192,194
sektion_38_78.png,191,194
sektion_38_79.png,192,194
sektion_38_8.png,191,193
sektion_38_80.png,142,135
sektion_38_81.png,190,193
sektion_38_82.png,190,193
sektion_38_83.png,192,193
sektion_38_84.png,193,193
sektion_38_85.png,188,190
sektion_38_86.png,173,188
sektion_38_87.png,148,190
sektion_38_88.png,130,189
sektion_38_89.png,133,182
sektion_38_9.png,164,188
sektion_38_90.png,135,131
sektion_38_91.png,187,187
sektion_38_92.png,190,189
sektion_38_93.png,189,190
sektion_38_94.png,190,187
sektion_38_95.png,190,187
sektion_38_96.png,190,188
sektion_38_97.png,189,187
sektion_38_98.png,189,185
sektion_38_99.png,185,180
sektion_39_0.png,176,170
sektion_39_1.png,124,136
sektion_39_10.png,120,131
sektion_39_100.png,125,127
sektion_39_101.png,166,152
sektion_39_102.png,154,139
sektion_39_103.png,153,138
sektion_39_104.png,160,144
sektion_39_105.png,166,153
sektion_39_106.png,165,157
sektion_39_107.png,158,170
sektion_39_108.png,142,189
sektion_39_109.png,132,201
sektion_39_11.png,125,207
sektion_39_110.png,126,123
sektion_39_111.png,122,209
sektion_39_112.png,122,210
sektion_39_113.png,123,209
sektion_39_114.png,124,209
sektion_39_115.png,122,210
sektion_39_116.png,122,210
sektion_39_117.png,127,210
sektion_39_118.png,125,212
sektion_39_119.png,122,213
sektion_39_12.png,119,208
sektion_39_120.png,129,122
sektion_39_121.png,117,193
sektion_39_122.png,113,195
sektion_39_123.png,115,203
sektion_39_124.png,118,210
sektion_39_125.png,123,211
sektion_39_126.png,121,210
sektion_39_127.png,121,209
sektion_39_128.png,124,208
sektion_39_129.png,130,206
sektion_39_13.png,135,204
sektion_39_130.png,126,130
sektion_39_131.png,141,200
sektion_39_132.png,149,196
sektion_39_133.png,153,193
sektion_39_134.png,155,191
sektion_39_135.png,161,190
sektion_39_136.png,166,185
sektion_39_137.png,167,173
sektion_39_138.png,168,159
sektion_39_139.png,174,162
sektion_39_14.png,181,170
sektion_39_140.png,128,135
sektion_39_141.png,183,170
sektion_39_142.png,176,163
sektion_39_143.png,166,154
sektion_39_144.png,158,147
sektion_39_145.png,145,136
sektion_39_146.png,148,139
sektion_39_147.png,155,143
sektion_39_148.png,159,143
sektion_39_149.png,154,139
sektion_39_15.png,151,137
sektion_39_150.png,131,140
sektion_39_151.png,156,139
sektion_39_152.png,158,143
sektion_39_153.png,154,140
sektion_39_154.png,143,134
sektion_39_155.png,147,135
sektion_39_156.png,152,139
sektion_39_157.png,157,143
sektion_39_158.png,158,145
sektion_39_159.png,159,144
sektion_39_16.png,158,144
sektion_39_160.png,128,139
sektion_39_161.png,158,144
sektion_39_162.png,158,145
sektion_39_163.png,158,146
sektion_39_164.png,159,147
sektion_39_165.png,160,148
sektion_39_166.png,160,147
sektion_39_167.png,158,145
sektion_39_168.png,155,139
sektion_39_169.png,151,136
sektion_39_17.png,149,136
sektion_39_170.png,126,130
sektion_39_171.png,149,135
sektion_39_172.png,151,139
sektion_39_173.png,159,150
sektion_39_174.png,163,157
sektion_39_175.png,168,161
sektion_39_176.png,173,164
sektion_39_177.png,177,167
sektion_39_178.png,179,168
sektion_39_179.png,179,170
sektion_39_18.png,178,168
sektion_39_180.png,124,122
sektion_39_181.png,177,166
sektion_39_182.png,174,164
sektion_39_183.png,171,160
sektion_39_184.png,167,155
sektion_39_185.png,162,149
sektion_39_186.png,157,145
sektion_39_187.png,155,142
sektion_39_188.png,153,138
sektion_39_189.png,140,146
sektion_39_19.png,128,146
sektion_39_190.png,123,118
sektion_39_191.png,126,142
sektion_39_192.png,124,149
sektion_39_193.png,115,164
sektion_39_194.png,112,169
sektion_39_195.png,113,168
sektion_39_196.png,114,169
sektion_39_197.png,117,166
sektion_39_198.png,117,166
sektion_39_199.png,117,164
sektion_39_2.png,120,152
sektion_39_20.png,122,127
sektion_39_200.png,122,120
sektion_39_201.png,124,134
sektion_39_202.png,124,132
sektion_39_203.png,128,134
sektion_39_204.png,128,135
sektion_39_205.png,129,133
sektion_39_206.png,130,130
sektion_39_207.png,128,131
sektion_39_208.png,128,131
sektion_39_209.png,128,132
sektion_39_21.png,126,135
sektion_39_210.png,120,124
sektion_39_211.png,125,138
sektion_39_212.png,125,134
sektion_39_213.png,126,132
sektion_39_214.png,128,130
sektion_39_215.png,128,128
sektion_39_216.png,128,131
sektion_39_217.png,128,134
sektion_39_218.png,128,139
sektion_39_219.png,127,143
sektion_39_22.png,125,150
sektion_39_220.png,123,128
sektion_39_221.png,124,151
sektion_39_222.png,123,154
sektion_39_223.png,120,159
sektion_39_224.png,120,160
sektion_39_225.png,121,160
sektion_39_226.png,124,157
sektion_39_227.png,129,153
sektion_39_228.png,131,152
sektion_39_229.png,133,151
sektion_39_23.png,132,151
sektion_39_230.png,125,132
sektion_39_231.png,128,149
sektion_39_232.png,126,146
sektion_39_233.png,128,146
sektion_39_234.png,134,150
sektion_39_235.png,139,153
sektion_39_236.png,139,154
sektion_39_237.png,136,153
sektion_39_238.png,133,154
sektion_39_239.png,132,153
sektion_39_24.png,136,151
sektion_39_240.png,126,136
sektion_39_241.png,137,146
sektion_39_242.png,130,138
sektion_39_243.png,123,130
sektion_39_244.png,122,126
sektion_39_245.png,123,126
sektion_39_246.png,124,126
sektion_39_247.png,125,127
sektion_39_248.png,121,129
sektion_39_249.png,120,128
sektion_39_25.png,123,124
sektion_39_250.png,124,134
sektion_39_251.png,125,124
sektion_39_252.png,125,128
sektion_39_253.png,123,133
sektion_39_254.png,123,136
sektion_39_255.png,124,135
sektion_39_256.png,127,131
sektion_39_257.png,125,129
sektion_39_258.png,120,128
sektion_39_259.png,118,125
sektion_39_26.png,116,122
sektion_39_260.png,122,123
sektion_39_261.png,115,121
sektion_39_262.png,114,121
sektion_39_263.png,113,122
sektion_39_264.png,113,122
sektion_39_265.png,114,122
sektion_39_266.png,114,122
sektion_39_267.png,115,124
sektion_39_268.png,113,123
sektion_39_269.png,112,126
sektion_39_27.png,113,136
sektion_39_270.png,120,111
sektion_39_271.png,116,147
sektion_39_272.png,118,153
sektion_39_273.png,117,158
sektion_39_274.png,115,167
sektion_39_275.png,115,177
sektion_39_276.png,120,189
sektion_39_277.png,124,192
sektion_39_278.png,126,191
sektion_39_279.png,131,184
sektion_39_28.png,139,168
sektion_39_280.png,119,102
sektion_39_281.png,143,154
sektion_39_282.png,141,151
sektion_39_283.png,139,153
sektion_39_284.png,138,153
sektion_39_285.png,140,153
sektion_39_286.png,142,152
sektion_39_287.png,142,153
sektion_39_288.png,140,156
sektion_39_289.png,140,154
sektion_39_29.png,141,153
sektion_39_290.png,118,98
sektion_39_291.png,140,150
sektion_39_292.png,139,148
sektion_39_293.png,139,148
sektion_39_294.png,138,150
sektion_39_295.png,140,153
sektion_39_296.png,140,138
sektion_39_297.png,137,132
sektion_39_298.png,132,138
sektion_39_299.png,134,140
sektion_39_3.png,135,149
sektion_39_30.png,125,135
sektion_39_300.png,117,98
sektion_39_301.png,138,161
sektion_39_302.png,141,160
sektion_39_303.png,143,157
sektion_39_304.png,144,156
sektion_39_305.png,145,158
sektion_39_306.png,144,160
sektion_39_307.png,143,161
sektion_39_308.png,143,159
sektion_39_309.png,147,157
sektion_39_31.png,148,157
sektion_39_310.png,116,100
sektion_39_311.png,150,159
sektion_39_312.png,152,159
sektion_39_313.png,148,167
sektion_39_314.png,142,181
sektion_39_315.png,140,175
sektion_39_316.png,141,166
sektion_39_317.png,149,176
sektion_39_318.png,155,180
sektion_39_319.png,152,185
sektion_39_32.png,141,192
sektion_39_320.png,117,100
sektion_39_321.png,134,196
sektion_39_322.png,131,198
sektion_39_323.png,127,201
sektion_39_324.png,127,202
sektion_39_325.png,126,202
sektion_39_326.png,126,204
sektion_39_327.png,124,206
sektion_39_328.png,121,207
sektion_39_329.png,121,208
sektion_39_33.png,122,209
sektion_39_330.png,120,98
sektion_39_331.png,124,209
sektion_39_332.png,128,207
sektion_39_333.png,134,205
sektion_39_334.png,135,204
sektion_39_335.png,133,206
sektion_39_336.png,129,208
sektion_39_337.png,125,210
sektion_39_338.png,120,212
sektion_39_339.png,117,213
sektion_39_34.png,116,214
sektion_39_340.png,120,104
sektion_39_341.png,115,214
sektion_39_342.png,115,215
sektion_39_343.png,115,215
sektion_39_344.png,114,215
sektion_39_345.png,114,215
sektion_39_346.png,114,215
sektion_39_347.png,114,216
sektion_39_348.png,114,216
sektion_39_349.png,114,216
sektion_39_35.png,114,216
sektion_39_350.png,117,117
sektion_39_351.png,114,216
sektion_39_352.png,114,216
sektion_39_353.png,114,216
sektion_39_354.png,114,216
sektion_39_355.png,114,216
sektion_39_356.png,114,216
sektion_39_357.png,113,216
sektion_39_358.png,113,216
sektion_39_359.png,113,216
sektion_39_36.png,114,216
sektion_39_360.png,120,125
sektion_39_361.png,114,216
sektion_39_362.png,114,216
sektion_39_363.png,115,216
sektion_39_364.png,116,215
sektion_39_365.png,118,215
sektion_39_366.png,121,213
sektion_39_367.png,124,211
sektion_39_368.png,127,210
sektion_39_369.png,129,210
sektion_39_37.png,123,212
sektion_39_370.png,127,130
sektion_39_371.png,120,214
sektion_39_372.png,116,215
sektion_39_373.png,114,215
sektion_39_374.png,112,216
sektion_39_375.png,113,215
sektion_39_376.png,113,213
sektion_39_377.png,112,211
sektion_39_378.png,111,210
sektion_39_379.png,110,209
sektion_39_38.png,111,208
sektion_39_380.png,128,139
sektion_39_381.png,112,206
sektion_39_382.png,111,206
sektion_39_383.png,111,207
sektion_39_384.png,111,208
sektion_39_385.png,112,207
sektion_39_386.png,112,209
sektion_39_387.png,112,212
sektion_39_388.png,112,212
sektion_39_389.png,117,210
sektion_39_39.png,116,211
sektion_39_390.png,153,158
sektion_39_391.png,115,210
sektion_39_392.png,119,206
sektion_39_393.png,126,198
sektion_39_394.png,135,186
sektion_39_395.png,141,171
sektion_39_396.png,140,160
sektion_39_397.png,133,162
sektion_39_398.png,122,165
sektion_39_399.png,116,168
sektion_39_4.png,112,169
sektion_39_40.png,134,141
sektion_39_400.png,180,176
sektion_39_401.png,110,166
sektion_39_402.png,111,165
sektion_39_403.png,113,173
sektion_39_404.png,117,184
sektion_39_405.png,126,186
sektion_39_406.png,137,183
sektion_39_407.png,148,174
sektion_39_408.png,156,165
sektion_39_409.png,154,159
sektion_39_41.png,151,153
sektion_39_410.png,185,179
sektion_39_411.png,146,148
sektion_39_412.png,142,145
sektion_39_413.png,138,144
sektion_39_414.png,135,145
sektion_39_415.png,135,144
sektion_39_416.png,135,144
sektion_39_417.png,135,141
sektion_39_418.png,139,146
sektion_39_419.png,146,154
sektion_39_42.png,154,158
sektion_39_420.png,187,179
sektion_39_421.png,161,161
sektion_39_422.png,166,161
sektion_39_423.png,170,162
sektion_39_424.png,173,163
sektion_39_425.png,173,165
sektion_39_426.png,174,164
sektion_39_427.png,173,162
sektion_39_428.png,171,161
sektion_39_429.png,167,157
sektion_39_43.png,165,154
sektion_39_430.png,187,180
sektion_39_431.png,163,151
sektion_39_432.png,160,149
sektion_39_433.png,156,148
sektion_39_434.png,151,148
sektion_39_435.png,150,146
sektion_39_436.png,150,145
sektion_39_437.png,149,145
sektion_39_438.png,149,144
sektion_39_439.png,147,142
sektion_39_44.png,145,141
sektion_39_440.png,188,181
sektion_39_441.png,143,139
sektion_39_442.png,142,138
sektion_39_443.png,141,137
sektion_39_444.png,141,137
sektion_39_445.png,141,138
sektion_39_446.png,141,139
sektion_39_447.png,142,140
sektion_39_448.png,144,141
sektion_39_449.png,145,143
sektion_39_45.png,149,145
sektion_39_450.png,187,181
sektion_39_451.png,155,148
sektion_39_452.png,162,151
sektion_39_453.png,166,155
sektion_39_454.png,171,160
sektion_39_455.png,176,166
sektion_39_456.png,177,168
sektion_39_457.png,180,172
sektion_39_458.png,183,174
sektion_39_459.png,186,176
sektion_39_46.png,187,178
sektion_39_460.png,185,180
sektion_39_461.png,187,179
sektion_39_462.png,184,180
sektion_39_463.png,181,183
sektion_39_464.png,179,186
sektion_39_465.png,175,188
sektion_39_466.png,169,189
sektion_39_467.png,163,189
sektion_39_468.png,158,189
sektion_39_469.png,155,188
sektion_39_47.png,152,185
sektion_39_470.png,184,178
sektion_39_471.png,151,181
sektion_39_472.png,150,177
sektion_39_473.png,153,171
sektion_39_474.png,154,166
sektion_39_475.png,155,160
sektion_39_476.png,154,156
sektion_39_477.png,156,153
sektion_39_478.png,156,153
sektion_39_479.png,158,154
sektion_39_48.png,159,154
sektion_39_480.png,181,179
sektion_39_481.png,159,154
sektion_39_482.png,160,154
sektion_39_483.png,163,157
sektion_39_484.png,163,161
sektion_39_485.png,163,165
sektion_39_486.png,164,168
sektion_39_487.png,165,168
sektion_39_49.png,165,169
sektion_39_5.png,178,179
sektion_39_50.png,141,136
sektion_39_51.png,174,180
sektion_39_52.png,172,179
sektion_39_53.png,170,179
sektion_39_54.png,169,179
sektion_39_55.png,169,179
sektion_39_56.png,171,179
sektion_39_57.png,176,179
sektion_39_58.png,180,179
sektion_39_59.png,183,180
sektion_39_6.png,185,181
sektion_39_60.png,141,133
sektion_39_61.png,187,182
sektion_39_62.png,189,183
sektion_39_63.png,191,186
sektion_39_64.png,193,189
sektion_39_65.png,193,190
sektion_39_66.png,193,191
sektion_39_67.png,193,192
sektion_39_68.png,193,193
sektion_39_69.png,194,194
sektion_39_7.png,195,194
sektion_39_70.png,141,133
sektion_39_71.png,193,194
sektion_39_72.png,191,194
sektion_39_73.png,191,193
sektion_39_74.png,192,193
sektion_39_75.png,193,194
sektion_39_76.png,195,194
sektion_39_77.png,194,194
sektion_39_78.png,193,194
sektion_39_79.png,194,195
sektion_39_8.png,195,195
sektion_39_80.png,139,134
sektion_39_81.png,192,193
sektion_39_82.png,191,192
sektion_39_83.png,192,192
sektion_39_84.png,192,193
sektion_39_85.png,191,193
sektion_39_86.png,187,191
sektion_39_87.png,183,190
sektion_39_88.png,171,191
sektion_39_89.png,136,184
sektion_39_9.png,124,188
sektion_39_90.png,133,129
sektion_39_91.png,148,188
sektion_39_92.png,182,189
sektion_39_93.png,190,189
sektion_39_94.png,189,187
sektion_39_95.png,189,185
sektion_39_96.png,187,187
sektion_39_97.png,189,186
sektion_39_98.png,187,183
sektion_39_99.png,185,178
sektion_40_0.png,177,168
sektion_40_1.png,119,118
sektion_40_10.png,118,120
sektion_40_100.png,123,121
sektion_40_101.png,168,153
sektion_40_102.png,157,142
sektion_40_103.png,149,136
sektion_40_104.png,154,139
sektion_40_105.png,160,148
sektion_40_106.png,166,155
sektion_40_107.png,159,172
sektion_40_108.png,141,194
sektion_40_109.png,130,206
sektion_40_11.png,124,211
sektion_40_110.png,123,118
sektion_40_111.png,121,213
sektion_40_112.png,119,214
sektion_40_113.png,120,215
sektion_40_114.png,121,215
sektion_40_115.png,120,215
sektion_40_116.png,119,215
sektion_40_117.png,119,214
sektion_40_118.png,120,216
sektion_40_119.png,120,217
sektion_40_12.png,120,216
sektion_40_120.png,126,117
sektion_40_121.png,119,215
sektion_40_122.png,117,214
sektion_40_123.png,117,214
sektion_40_124.png,117,214
sektion_40_125.png,120,213
sektion_40_126.png,121,211
sektion_40_127.png,120,210
sektion_40_128.png,121,210
sektion_40_129.png,122,209
sektion_40_13.png,126,207
sektion_40_130.png,125,125
sektion_40_131.png,130,206
sektion_40_132.png,137,203
sektion_40_133.png,143,199
sektion_40_134.png,148,196
sektion_40_135.png,153,192
sektion_40_136.png,158,185
sektion_40_137.png,165,168
sektion_40_138.png,168,157
sektion_40_139.png,170,159
sektion_40_14.png,169,157
sektion_40_140.png,126,130
sektion_40_141.png,162,151
sektion_40_142.png,159,147
sektion_40_143.png,160,147
sektion_40_144.png,163,148
sektion_40_145.png,162,147
sektion_40_146.png,161,146
sektion_40_147.png,157,143
sektion_40_148.png,152,139
sektion_40_149.png,148,139
sektion_40_15.png,152,141
sektion_40_150.png,128,136
sektion_40_151.png,161,147
sektion_40_152.png,163,148
sektion_40_153.png,155,140
sektion_40_154.png,153,138
sektion_40_155.png,156,141
sektion_40_156.png,157,143
sektion_40_157.png,159,146
sektion_40_158.png,157,145
sektion_40_159.png,157,142
sektion_40_16.png,159,143
sektion_40_160.png,126,134
sektion_40_161.png,160,146
sektion_40_162.png,162,149
sektion_40_163.png,166,155
sektion_40_164.png,172,165
sektion_40_165.png,170,162
sektion_40_166.png,167,159
sektion_40_167.png,162,151
sektion_40_168.png,157,142
sektion_40_169.png,152,138
sektion_40_17.png,147,134
sektion_40_170.png,125,125
sektion_40_171.png,145,134
sektion_40_172.png,145,135
sektion_40_173.png,143,134
sektion_40_174.png,148,140
sektion_40_175.png,156,153
sektion_40_176.png,165,165
sektion_40_177.png,173,170
sektion_40_178.png,177,171
sektion_40_179.png,178,169
sektion_40_18.png,177,166
sektion_40_180.png,124,116
sektion_40_181.png,175,163
sektion_40_182.png,173,162
sektion_40_183.png,171,161
sektion_40_184.png,169,157
sektion_40_185.png,162,150
sektion_40_186.png,158,147
sektion_40_187.png,159,146
sektion_40_188.png,156,145
sektion_40_189.png,134,146
sektion_40_19.png,120,148
sektion_40_190.png,123,113
sektion_40_191.png,119,147
sektion_40_192.png,116,160
sektion_40_193.png,115,162
sektion_40_194.png,113,169
sektion_40_195.png,114,168
sektion_40_196.png,117,160
sektion_40_197.png,117,159
sektion_40_198.png,117,156
sektion_40_199.png,120,140
sektion_40_2.png,125,127
sektion_40_20.png,121,122
sektion_40_200.png,121,114
sektion_40_201.png,122,125
sektion_40_202.png,120,125
sektion_40_203.png,123,126
sektion_40_204.png,124,127
sektion_40_205.png,126,126
sektion_40_206.png,126,124
sektion_40_207.png,127,124
sektion_40_208.png,127,126
sektion_40_209.png,128,127
sektion_40_21.png,129,127
sektion_40_210.png,120,116
sektion_40_211.png,132,120
sektion_40_212.png,131,119
sektion_40_213.png,131,120
sektion_40_214.png,130,124
sektion_40_215.png,130,126
sektion_40_216.png,130,130
sektion_40_217.png,128,135
sektion_40_218.png,130,135
sektion_40_219.png,128,140
sektion_40_22.png,129,135
sektion_40_220.png,121,125
sektion_40_221.png,129,140
sektion_40_222.png,129,146
sektion_40_223.png,125,152
sektion_40_224.png,123,152
sektion_40_225.png,120,151
sektion_40_226.png,121,150
sektion_40_227.png,125,152
sektion_40_228.png,128,156
sektion_40_229.png,131,157
sektion_40_23.png,130,153
sektion_40_230.png,124,129
sektion_40_231.png,128,150
sektion_40_232.png,129,150
sektion_40_233.png,129,149
sektion_40_234.png,129,144
sektion_40_235.png,130,143
sektion_40_236.png,134,147
sektion_40_237.png,137,151
sektion_40_238.png,138,148
sektion_40_239.png,139,143
sektion_40_24.png,136,146
sektion_40_240.png,125,135
sektion_40_241.png,134,149
sektion_40_242.png,132,149
sektion_40_243.png,129,145
sektion_40_244.png,125,138
sektion_40_245.png,121,133
sektion_40_246.png,123,128
sektion_40_247.png,125,127
sektion_40_248.png,126,128
sektion_40_249.png,126,129
sektion_40_25.png,126,129
sektion_40_250.png,123,133
sektion_40_251.png,126,130
sektion_40_252.png,126,129
sektion_40_253.png,127,128
sektion_40_254.png,127,127
sektion_40_255.png,126,128
sektion_40_256.png,124,131
sektion_40_257.png,123,129
sektion_40_258.png,119,126
sektion_40_259.png,118,123
sektion_40_26.png,116,121
sektion_40_260.png,119,123
sektion_40_261.png,115,119
sektion_40_262.png,114,119
sektion_40_263.png,113,120
sektion_40_264.png,113,121
sektion_40_265.png,112,120
sektion_40_266.png,112,119
sektion_40_267.png,114,119
sektion_40_268.png,113,124
sektion_40_269.png,111,126
sektion_40_27.png,111,123
sektion_40_270.png,118,111
sektion_40_271.png,113,121
sektion_40_272.png,114,129
sektion_40_273.png,115,144
sektion_40_274.png,117,155
sektion_40_275.png,118,158
sektion_40_276.png,122,159
sektion_40_277.png,122,169
sektion_40_278.png,121,182
sektion_40_279.png,125,182
sektion_40_28.png,134,171
sektion_40_280.png,117,102
sektion_40_281.png,141,157
sektion_40_282.png,144,150
sektion_40_283.png,142,151
sektion_40_284.png,141,155
sektion_40_285.png,142,156
sektion_40_286.png,143,154
sektion_40_287.png,142,155
sektion_40_288.png,142,156
sektion_40_289.png,142,155
sektion_40_29.png,141,154
sektion_40_290.png,116,98
sektion_40_291.png,142,153
sektion_40_292.png,140,152
sektion_40_293.png,141,151
sektion_40_294.png,140,152
sektion_40_295.png,139,153
sektion_40_296.png,143,134
sektion_40_297.png,144,128
sektion_40_298.png,139,141
sektion_40_299.png,141,147
sektion_40_3.png,142,154
sektion_40_30.png,126,131
sektion_40_300.png,116,97
sektion_40_301.png,141,163
sektion_40_302.png,140,165
sektion_40_303.png,141,163
sektion_40_304.png,142,162
sektion_40_305.png,144,163
sektion_40_306.png,142,163
sektion_40_307.png,142,165
sektion_40_308.png,143,162
sektion_40_309.png,146,160
sektion_40_31.png,149,161
sektion_40_310.png,117,98
sektion_40_311.png,151,166
sektion_40_312.png,151,171
sektion_40_313.png,147,178
sektion_40_314.png,138,187
sektion_40_315.png,136,191
sektion_40_316.png,140,188
sektion_40_317.png,153,180
sektion_40_318.png,158,179
sektion_40_319.png,155,187
sektion_40_32.png,147,192
sektion_40_320.png,116,99
sektion_40_321.png,136,197
sektion_40_322.png,129,200
sektion_40_323.png,126,202
sektion_40_324.png,126,203
sektion_40_325.png,125,204
sektion_40_326.png,123,206
sektion_40_327.png,121,208
sektion_40_328.png,119,209
sektion_40_329.png,118,210
sektion_40_33.png,119,210
sektion_40_330.png,117,98
sektion_40_331.png,119,211
sektion_40_332.png,124,210
sektion_40_333.png,129,208
sektion_40_334.png,132,207
sektion_40_335.png,133,207
sektion_40_336.png,131,208
sektion_40_337.png,127,210
sektion_40_338.png,123,211
sektion_40_339.png,118,213
sektion_40_34.png,116,214
sektion_40_340.png,119,103
sektion_40_341.png,115,215
sektion_40_342.png,115,215
sektion_40_343.png,115,215
sektion_40_344.png,115,216
sektion_40_345.png,115,216
sektion_40_346.png,114,216
sektion_40_347.png,114,216
sektion_40_348.png,114,216
sektion_40_349.png,114,216
sektion_40_35.png,113,216
sektion_40_350.png,118,113
sektion_40_351.png,113,216
sektion_40_352.png,113,217
sektion_40_353.png,113,216
sektion_40_354.png,113,216
sektion_40_355.png,113,217
sektion_40_356.png,113,217
sektion_40_357.png,113,217
sektion_40_358.png,113,217
sektion_40_359.png,113,217
sektion_40_36.png,113,217
sektion_40_360.png,119,122
sektion_40_361.png,114,217
sektion_40_362.png,113,216
sektion_40_363.png,114,216
sektion_40_364.png,114,216
sektion_40_365.png,116,216
sektion_40_366.png,119,215
sektion_40_367.png,123,212
sektion_40_368.png,126,210
sektion_40_369.png,129,211
sektion_40_37.png,123,212
sektion_40_370.png,123,132
sektion_40_371.png,120,214
sektion_40_372.png,116,215
sektion_40_373.png,113,216
sektion_40_374.png,112,216
sektion_40_375.png,113,215
sektion_40_376.png,112,213
sektion_40_377.png,113,211
sektion_40_378.png,112,209
sektion_40_379.png,111,208
sektion_40_38.png,111,207
sektion_40_380.png,125,148
sektion_40_381.png,112,204
sektion_40_382.png,111,204
sektion_40_383.png,111,205
sektion_40_384.png,111,207
sektion_40_385.png,112,207
sektion_40_386.png,112,209
sektion_40_387.png,112,212
sektion_40_388.png,112,213
sektion_40_389.png,115,213
sektion_40_39.png,114,212
sektion_40_390.png,151,164
sektion_40_391.png,115,210
sektion_40_392.png,117,209
sektion_40_393.png,122,204
sektion_40_394.png,130,195
sektion_40_395.png,139,180
sektion_40_396.png,148,160
sektion_40_397.png,153,141
sektion_40_398.png,146,142
sektion_40_399.png,136,150
sektion_40_4.png,126,158
sektion_40_40.png,135,135
sektion_40_400.png,178,178
sektion_40_401.png,118,162
sektion_40_402.png,114,165
sektion_40_403.png,112,171
sektion_40_404.png,114,180
sektion_40_405.png,121,183
sektion_40_406.png,129,181
sektion_40_407.png,137,174
sektion_40_408.png,147,166
sektion_40_409.png,148,162
sektion_40_41.png,147,159
sektion_40_410.png,185,183
sektion_40_411.png,144,154
sektion_40_412.png,140,150
sektion_40_413.png,136,147
sektion_40_414.png,134,146
sektion_40_415.png,133,145
sektion_40_416.png,133,145
sektion_40_417.png,138,146
sektion_40_418.png,141,152
sektion_40_419.png,149,159
sektion_40_42.png,158,163
sektion_40_420.png,182,179
sektion_40_421.png,164,165
sektion_40_422.png,169,165
sektion_40_423.png,172,165
sektion_40_424.png,173,165
sektion_40_425.png,175,167
sektion_40_426.png,174,165
sektion_40_427.png,174,163
sektion_40_428.png,172,161
sektion_40_429.png,170,159
sektion_40_43.png,168,156
sektion_40_430.png,178,171
sektion_40_431.png,166,153
sektion_40_432.png,161,151
sektion_40_433.png,157,149
sektion_40_434.png,153,147
sektion_40_435.png,150,146
sektion_40_436.png,149,145
sektion_40_437.png,149,144
sektion_40_438.png,148,144
sektion_40_439.png,147,141
sektion_40_44.png,145,140
sektion_40_440.png,174,171
sektion_40_441.png,144,139
sektion_40_442.png,142,136
sektion_40_443.png,141,135
sektion_40_444.png,141,135
sektion_40_445.png,141,135
sektion_40_446.png,142,136
sektion_40_447.png,143,136
sektion_40_448.png,144,137
sektion_40_449.png,144,139
sektion_40_45.png,146,140
sektion_40_450.png,170,177
sektion_40_451.png,148,142
sektion_40_452.png,152,144
sektion_40_453.png,157,144
sektion_40_454.png,164,151
sektion_40_455.png,171,159
sektion_40_456.png,173,163
sektion_40_457.png,177,169
sektion_40_458.png,181,172
sektion_40_459.png,184,173
sektion_40_46.png,186,174
sektion_40_460.png,162,182
sektion_40_461.png,186,175
sektion_40_462.png,186,177
sektion_40_463.png,185,177
sektion_40_464.png,186,179
sektion_40_465.png,184,179
sektion_40_466.png,180,180
sektion_40_467.png,175,181
sektion_40_468.png,171,181
sektion_40_469.png,168,178
sektion_40_47.png,164,175
sektion_40_470.png,150,184
sektion_40_471.png,162,171
sektion_40_472.png,160,168
sektion_40_473.png,157,162
sektion_40_474.png,156,158
sektion_40_475.png,156,154
sektion_40_476.png,156,152
sektion_40_477.png,157,150
sektion_40_478.png,158,151
sektion_40_479.png,158,152
sektion_40_48.png,157,151
sektion_40_480.png,137,182
sektion_40_481.png,156,149
sektion_40_482.png,157,150
sektion_40_483.png,161,153
sektion_40_484.png,161,155
sektion_40_485.png,162,157
sektion_40_486.png,163,160
sektion_40_487.png,163,161
sektion_40_49.png,165,162
sektion_40_5.png,125,182
sektion_40_50.png,139,134
sektion_40_51.png,125,174
sektion_40_52.png,125,171
sektion_40_53.png,124,171
sektion_40_54.png,124,171
sektion_40_55.png,123,172
sektion_40_56.png,124,173
sektion_40_57.png,126,174
sektion_40_58.png,128,176
sektion_40_59.png,130,177
sektion_40_6.png,130,179
sektion_40_60.png,138,134
sektion_40_61.png,134,182
sektion_40_62.png,145,182
sektion_40_63.png,158,183
sektion_40_64.png,170,185
sektion_40_65.png,179,186
sektion_40_66.png,186,186
sektion_40_67.png,190,188
sektion_40_68.png,192,190
sektion_40_69.png,194,191
sektion_40_7.png,195,194
sektion_40_70.png,138,133
sektion_40_71.png,195,193
sektion_40_72.png,194,193
sektion_40_73.png,192,193
sektion_40_74.png,191,192
sektion_40_75.png,190,193
sektion_40_76.png,190,193
sektion_40_77.png,192,193
sektion_40_78.png,194,193
sektion_40_79.png,194,193
sektion_40_8.png,193,194
sektion_40_80.png,137,130
sektion_40_81.png,191,193
sektion_40_82.png,190,193
sektion_40_83.png,189,191
sektion_40_84.png,190,191
sektion_40_85.png,190,192
sektion_40_86.png,190,194
sektion_40_87.png,192,195
sektion_40_88.png,192,195
sektion_40_89.png,183,193
sektion_40_9.png,154,192
sektion_40_90.png,130,125
sektion_40_91.png,127,188
sektion_40_92.png,136,189
sektion_40_93.png,171,188
sektion_40_94.png,187,187
sektion_40_95.png,189,187
sektion_40_96.png,189,186
sektion_40_97.png,187,184
sektion_40_98.png,183,177
sektion_40_99.png,181,172
sektion_41_0.png,177,164
sektion_41_1.png,122,106
sektion_41_10.png,122,113
sektion_41_100.png,123,115
sektion_41_101.png,171,160
sektion_41_102.png,166,154
sektion_41_103.png,160,144
sektion_41_104.png,152,139
sektion_41_105.png,154,141
sektion_41_106.png,162,151
sektion_41_107.png,157,171
sektion_41_108.png,137,195
sektion_41_109.png,126,208
sektion_41_11.png,120,213
sektion_41_110.png,123,111
sektion_41_111.png,116,215
sektion_41_112.png,114,217
sektion_41_113.png,115,218
sektion_41_114.png,116,219
sektion_41_115.png,116,219
sektion_41_116.png,115,218
sektion_41_117.png,116,216
sektion_41_118.png,116,217
sektion_41_119.png,116,217
sektion_41_12.png,116,218
sektion_41_120.png,125,111
sektion_41_121.png,116,217
sektion_41_122.png,118,216
sektion_41_123.png,119,215
sektion_41_124.png,120,214
sektion_41_125.png,120,215
sektion_41_126.png,121,214
sektion_41_127.png,121,213
sektion_41_128.png,120,212
sektion_41_129.png,120,211
sektion_41_13.png,121,209
sektion_41_130.png,125,119
sektion_41_131.png,124,207
sektion_41_132.png,128,205
sektion_41_133.png,133,203
sektion_41_134.png,137,201
sektion_41_135.png,140,197
sektion_41_136.png,151,188
sektion_41_137.png,167,169
sektion_41_138.png,166,155
sektion_41_139.png,159,146
sektion_41_14.png,157,144
sektion_41_140.png,123,126
sektion_41_141.png,162,146
sektion_41_142.png,164,149
sektion_41_143.png,163,149
sektion_41_144.png,160,147
sektion_41_145.png,160,146
sektion_41_146.png,157,142
sektion_41_147.png,156,142
sektion_41_148.png,160,147
sektion_41_149.png,161,147
sektion_41_15.png,160,147
sektion_41_150.png,127,131
sektion_41_151.png,161,147
sektion_41_152.png,159,147
sektion_41_153.png,155,140
sektion_41_154.png,156,141
sektion_41_155.png,160,146
sektion_41_156.png,161,148
sektion_41_157.png,162,149
sektion_41_158.png,161,147
sektion_41_159.png,160,146
sektion_41_16.png,160,145
sektion_41_160.png,126,130
sektion_41_161.png,161,147
sektion_41_162.png,163,150
sektion_41_163.png,165,156
sektion_41_164.png,170,165
sektion_41_165.png,167,161
sektion_41_166.png,163,156
sektion_41_167.png,158,149
sektion_41_168.png,154,139
sektion_41_169.png,149,136
sektion_41_17.png,146,133
sektion_41_170.png,125,122
sektion_41_171.png,145,133
sektion_41_172.png,143,133
sektion_41_173.png,141,133
sektion_41_174.png,143,133
sektion_41_175.png,152,142
sektion_41_176.png,158,163
sektion_41_177.png,165,174
sektion_41_178.png,173,176
sektion_41_179.png,177,171
sektion_41_18.png,176,164
sektion_41_180.png,124,113
sektion_41_181.png,174,162
sektion_41_182.png,173,162
sektion_41_183.png,171,160
sektion_41_184.png,168,156
sektion_41_185.png,162,149
sektion_41_186.png,161,147
sektion_41_187.png,161,149
sektion_41_188.png,151,144
sektion_41_189.png,130,144
sektion_41_19.png,117,148
sektion_41_190.png,122,110
sektion_41_191.png,116,154
sektion_41_192.png,112,169
sektion_41_193.png,114,165
sektion_41_194.png,116,165
sektion_41_195.png,115,167
sektion_41_196.png,114,164
sektion_41_197.png,116,153
sektion_41_198.png,119,138
sektion_41_199.png,123,124
sektion_41_2.png,122,123
sektion_41_20.png,127,121
sektion_41_200.png,121,109
sektion_41_201.png,119,124
sektion_41_202.png,117,123
sektion_41_203.png,119,124
sektion_41_204.png,120,124
sektion_41_205.png,123,121
sektion_41_206.png,123,120
sektion_41_207.png,124,119
sektion_41_208.png,127,120
sektion_41_209.png,128,120
sektion_41_21.png,130,122
sektion_41_210.png,120,111
sektion_41_211.png,128,126
sektion_41_212.png,130,126
sektion_41_213.png,130,126
sektion_41_214.png,128,126
sektion_41_215.png,130,128
sektion_41_216.png,130,131
sektion_41_217.png,132,133
sektion_41_218.png,131,134
sektion_41_219.png,132,134
sektion_41_22.png,127,142
sektion_41_220.png,121,120
sektion_41_221.png,126,146
sektion_41_222.png,126,147
sektion_41_223.png,126,147
sektion_41_224.png,125,146
sektion_41_225.png,124,145
sektion_41_226.png,125,147
sektion_41_227.png,127,152
sektion_41_228.png,130,157
sektion_41_229.png,133,163
sektion_41_23.png,136,166
sektion_41_230.png,122,127
sektion_41_231.png,135,156
sektion_41_232.png,131,143
sektion_41_233.png,127,136
sektion_41_234.png,125,141
sektion_41_235.png,125,143
sektion_41_236.png,125,141
sektion_41_237.png,131,140
sektion_41_238.png,137,143
sektion_41_239.png,138,144
sektion_41_24.png,136,144
sektion_41_240.png,123,133
sektion_41_241.png,136,145
sektion_41_242.png,139,149
sektion_41_243.png,141,152
sektion_41_244.png,138,152
sektion_41_245.png,130,147
sektion_41_246.png,125,140
sektion_41_247.png,121,135
sektion_41_248.png,126,128
sektion_41_249.png,127,127
sektion_41_25.png,126,128
sektion_41_250.png,122,135
sektion_41_251.png,125,131
sektion_41_252.png,123,133
sektion_41_253.png,123,133
sektion_41_254.png,123,131
sektion_41_255.png,123,130
sektion_41_256.png,123,129
sektion_41_257.png,121,127
sektion_41_258.png,119,123
sektion_41_259.png,118,122
sektion_41_26.png,116,120
sektion_41_260.png,120,126
sektion_41_261.png,115,118
sektion_41_262.png,115,118
sektion_41_263.png,114,119
sektion_41_264.png,113,119
sektion_41_265.png,113,118
sektion_41_266.png,112,118
sektion_41_267.png,110,118
sektion_41_268.png,112,119
sektion_41_269.png,114,121
sektion_41_27.png,113,123
sektion_41_270.png,116,115
sektion_41_271.png,111,123
sektion_41_272.png,112,122
sektion_41_273.png,115,125
sektion_41_274.png,117,133
sektion_41_275.png,118,144
sektion_41_276.png,117,143
sektion_41_277.png,117,145
sektion_41_278.png,118,154
sektion_41_279.png,123,157
sektion_41_28.png,129,156
sektion_41_280.png,116,105
sektion_41_281.png,136,153
sektion_41_282.png,141,152
sektion_41_283.png,144,154
sektion_41_284.png,147,155
sektion_41_285.png,146,156
sektion_41_286.png,142,156
sektion_41_287.png,143,155
sektion_41_288.png,143,155
sektion_41_289.png,144,155
sektion_41_29.png,142,157
sektion_41_290.png,115,100
sektion_41_291.png,140,156
sektion_41_292.png,141,156
sektion_41_293.png,140,155
sektion_41_294.png,139,154
sektion_41_295.png,139,154
sektion_41_296.png,142,143
sektion_41_297.png,142,142
sektion_41_298.png,141,151
sektion_41_299.png,143,151
sektion_41_3.png,145,152
sektion_41_30.png,131,131
sektion_41_300.png,114,99
sektion_41_301.png,142,160
sektion_41_302.png,138,164
sektion_41_303.png,132,173
sektion_41_304.png,135,171
sektion_41_305.png,138,168
sektion_41_306.png,139,167
sektion_41_307.png,141,166
sektion_41_308.png,143,163
sektion_41_309.png,148,161
sektion_41_31.png,151,161
sektion_41_310.png,117,98
sektion_41_311.png,151,168
sektion_41_312.png,149,177
sektion_41_313.png,146,182
sektion_41_314.png,140,186
sektion_41_315.png,142,189
sektion_41_316.png,144,188
sektion_41_317.png,147,189
sektion_41_318.png,152,188
sektion_41_319.png,155,188
sektion_41_32.png,150,193
sektion_41_320.png,116,98
sektion_41_321.png,141,198
sektion_41_322.png,133,200
sektion_41_323.png,129,202
sektion_41_324.png,126,204
sektion_41_325.png,124,205
sektion_41_326.png,121,207
sektion_41_327.png,119,209
sektion_41_328.png,119,210
sektion_41_329.png,118,211
sektion_41_33.png,117,212
sektion_41_330.png,113,101
sektion_41_331.png,117,212
sektion_41_332.png,119,212
sektion_41_333.png,124,211
sektion_41_334.png,127,209
sektion_41_335.png,131,208
sektion_41_336.png,132,208
sektion_41_337.png,130,209
sektion_41_338.png,126,211
sektion_41_339.png,121,213
sektion_41_34.png,118,214
sektion_41_340.png,116,106
sektion_41_341.png,117,215
sektion_41_342.png,115,216
sektion_41_343.png,114,216
sektion_41_344.png,114,216
sektion_41_345.png,114,216
sektion_41_346.png,114,216
sektion_41_347.png,113,217
sektion_41_348.png,113,217
sektion_41_349.png,113,217
sektion_41_35.png,113,217
sektion_41_350.png,115,115
sektion_41_351.png,113,217
sektion_41_352.png,113,217
sektion_41_353.png,113,217
sektion_41_354.png,113,217
sektion_41_355.png,113,217
sektion_41_356.png,113,218
sektion_41_357.png,113,218
sektion_41_358.png,113,218
sektion_41_359.png,113,218
sektion_41_36.png,113,217
sektion_41_360.png,117,126
sektion_41_361.png,113,217
sektion_41_362.png,113,217
sektion_41_363.png,113,217
sektion_41_364.png,113,217
sektion_41_365.png,115,216
sektion_41_366.png,118,216
sektion_41_367.png,122,213
sektion_41_368.png,126,210
sektion_41_369.png,128,211
sektion_41_37.png,123,213
sektion_41_370.png,121,140
sektion_41_371.png,120,215
sektion_41_372.png,116,215
sektion_41_373.png,113,216
sektion_41_374.png,112,216
sektion_41_375.png,112,215
sektion_41_376.png,112,212
sektion_41_377.png,113,210
sektion_41_378.png,112,209
sektion_41_379.png,111,208
sektion_41_38.png,111,207
sektion_41_380.png,126,154
sektion_41_381.png,112,202
sektion_41_382.png,112,201
sektion_41_383.png,111,203
sektion_41_384.png,110,205
sektion_41_385.png,111,207
sektion_41_386.png,112,209
sektion_41_387.png,112,211
sektion_41_388.png,112,213
sektion_41_389.png,115,214
sektion_41_39.png,116,212
sektion_41_390.png,146,167
sektion_41_391.png,116,211
sektion_41_392.png,116,210
sektion_41_393.png,117,208
sektion_41_394.png,122,201
sektion_41_395.png,130,189
sektion_41_396.png,141,168
sektion_41_397.png,153,136
sektion_41_398.png,156,126
sektion_41_399.png,151,132
sektion_41_4.png,144,142
sektion_41_40.png,139,137
sektion_41_400.png,170,176
sektion_41_401.png,137,152
sektion_41_402.png,132,157
sektion_41_403.png,128,163
sektion_41_404.png,125,169
sektion_41_405.png,124,173
sektion_41_406.png,124,173
sektion_41_407.png,129,169
sektion_41_408.png,136,165
sektion_41_409.png,139,163
sektion_41_41.png,139,161
sektion_41_410.png,176,178
sektion_41_411.png,137,157
sektion_41_412.png,133,153
sektion_41_413.png,130,151
sektion_41_414.png,129,148
sektion_41_415.png,130,149
sektion_41_416.png,132,149
sektion_41_417.png,139,157
sektion_41_418.png,144,162
sektion_41_419.png,149,168
sektion_41_42.png,157,172
sektion_41_420.png,171,175
sektion_41_421.png,163,172
sektion_41_422.png,168,171
sektion_41_423.png,172,169
sektion_41_424.png,174,167
sektion_41_425.png,174,166
sektion_41_426.png,175,165
sektion_41_427.png,174,163
sektion_41_428.png,173,162
sektion_41_429.png,172,161
sektion_41_43.png,170,159
sektion_41_430.png,160,174
sektion_41_431.png,169,157
sektion_41_432.png,166,153
sektion_41_433.png,160,150
sektion_41_434.png,156,149
sektion_41_435.png,153,147
sektion_41_436.png,149,145
sektion_41_437.png,149,144
sektion_41_438.png,148,142
sektion_41_439.png,147,141
sektion_41_44.png,145,139
sektion_41_440.png,144,181
sektion_41_441.png,144,138
sektion_41_442.png,143,136
sektion_41_443.png,141,135
sektion_41_444.png,141,134
sektion_41_445.png,141,135
sektion_41_446.png,143,135
sektion_41_447.png,144,135
sektion_41_448.png,144,136
sektion_41_449.png,145,136
sektion_41_45.png,144,136
sektion_41_450.png,130,187
sektion_41_451.png,145,137
sektion_41_452.png,147,138
sektion_41_453.png,150,138
sektion_41_454.png,155,142
sektion_41_455.png,162,150
sektion_41_456.png,167,155
sektion_41_457.png,172,162
sektion_41_458.png,177,167
sektion_41_459.png,180,171
sektion_41_46.png,182,173
sektion_41_460.png,124,186
sektion_41_461.png,183,174
sektion_41_462.png,184,175
sektion_41_463.png,184,175
sektion_41_464.png,183,173
sektion_41_465.png,181,173
sektion_41_466.png,179,175
sektion_41_467.png,178,175
sektion_41_468.png,175,175
sektion_41_469.png,173,173
sektion_41_47.png,170,168
sektion_41_470.png,123,178
sektion_41_471.png,166,164
sektion_41_472.png,163,161
sektion_41_473.png,159,156
sektion_41_474.png,158,153
sektion_41_475.png,158,150
sektion_41_476.png,157,149
sektion_41_477.png,157,149
sektion_41_478.png,158,150
sektion_41_479.png,158,150
sektion_41_48.png,156,150
sektion_41_480.png,125,171
sektion_41_481.png,156,150
sektion_41_482.png,156,149
sektion_41_483.png,158,150
sektion_41_484.png,158,151
sektion_41_485.png,158,153
sektion_41_486.png,159,155
sektion_41_487.png,161,156
sektion_41_49.png,162,157
sektion_41_5.png,125,168
sektion_41_50.png,141,136
sektion_41_51.png,123,170
sektion_41_52.png,123,170
sektion_41_53.png,124,169
sektion_41_54.png,125,166
sektion_41_55.png,124,165
sektion_41_56.png,123,161
sektion_41_57.png,120,158
sektion_41_58.png,117,156
sektion_41_59.png,114,154
sektion_41_6.png,117,150
sektion_41_60.png,139,136
sektion_41_61.png,121,149
sektion_41_62.png,119,155
sektion_41_63.png,118,161
sektion_41_64.png,118,170
sektion_41_65.png,124,176
sektion_41_66.png,135,180
sektion_41_67.png,151,182
sektion_41_68.png,166,186
sektion_41_69.png,176,187
sektion_41_7.png,185,189
sektion_41_70.png,137,136
sektion_41_71.png,188,190
sektion_41_72.png,191,191
sektion_41_73.png,192,193
sektion_41_74.png,190,193
sektion_41_75.png,188,193
sektion_41_76.png,188,194
sektion_41_77.png,190,195
sektion_41_78.png,193,195
sektion_41_79.png,192,194
sektion_41_8.png,192,193
sektion_41_80.png,136,130
sektion_41_81.png,193,193
sektion_41_82.png,194,193
sektion_41_83.png,192,194
sektion_41_84.png,191,194
sektion_41_85.png,190,194
sektion_41_86.png,190,194
sektion_41_87.png,190,194
sektion_41_88.png,189,194
sektion_41_89.png,190,190
sektion_41_9.png,189,190
sektion_41_90.png,130,120
sektion_41_91.png,165,192
sektion_41_92.png,134,190
sektion_41_93.png,135,189
sektion_41_94.png,164,187
sektion_41_95.png,186,182
sektion_41_96.png,186,181
sektion_41_97.png,181,175
sektion_41_98.png,180,171
sektion_41_99.png,178,167
sektion_42_0.png,174,162
sektion_42_1.png,122,103
sektion_42_10.png,122,110
sektion_42_100.png,123,112
sektion_42_101.png,172,163
sektion_42_102.png,170,159
sektion_42_103.png,163,150
sektion_42_104.png,154,139
sektion_42_105.png,151,137
sektion_42_106.png,158,144
sektion_42_107.png,154,167
sektion_42_108.png,137,193
sektion_42_109.png,126,206
sektion_42_11.png,120,210
sektion_42_110.png,124,109
sektion_42_111.png,115,214
sektion_42_112.png,113,217
sektion_42_113.png,114,218
sektion_42_114.png,115,218
sektion_42_115.png,115,218
sektion_42_116.png,116,217
sektion_42_117.png,121,216
sektion_42_118.png,120,216
sektion_42_119.png,119,215
sektion_42_12.png,117,216
sektion_42_120.png,124,109
sektion_42_121.png,116,216
sektion_42_122.png,117,216
sektion_42_123.png,117,216
sektion_42_124.png,119,216
sektion_42_125.png,120,215
sektion_42_126.png,121,215
sektion_42_127.png,121,215
sektion_42_128.png,120,214
sektion_42_129.png,120,212
sektion_42_13.png,121,210
sektion_42_130.png,123,116
sektion_42_131.png,122,208
sektion_42_132.png,125,206
sektion_42_133.png,129,203
sektion_42_134.png,132,202
sektion_42_135.png,138,199
sektion_42_136.png,153,186
sektion_42_137.png,164,161
sektion_42_138.png,164,150
sektion_42_139.png,163,151
sektion_42_14.png,163,149
sektion_42_140.png,123,123
sektion_42_141.png,163,148
sektion_42_142.png,162,149
sektion_42_143.png,162,149
sektion_42_144.png,160,150
sektion_42_145.png,158,145
sektion_42_146.png,154,140
sektion_42_147.png,152,144
sektion_42_148.png,161,149
sektion_42_149.png,164,151
sektion_42_15.png,162,151
sektion_42_150.png,125,128
sektion_42_151.png,162,150
sektion_42_152.png,162,149
sektion_42_153.png,160,147
sektion_42_154.png,160,145
sektion_42_155.png,160,148
sektion_42_156.png,163,150
sektion_42_157.png,164,152
sektion_42_158.png,164,151
sektion_42_159.png,161,147
sektion_42_16.png,160,145
sektion_42_160.png,125,128
sektion_42_161.png,160,146
sektion_42_162.png,161,146
sektion_42_163.png,161,148
sektion_42_164.png,161,152
sektion_42_165.png,160,149
sektion_42_166.png,158,144
sektion_42_167.png,156,141
sektion_42_168.png,155,136
sektion_42_169.png,150,134
sektion_42_17.png,149,131
sektion_42_170.png,124,120
sektion_42_171.png,145,133
sektion_42_172.png,141,132
sektion_42_173.png,147,133
sektion_42_174.png,148,134
sektion_42_175.png,150,139
sektion_42_176.png,153,150
sektion_42_177.png,158,164
sektion_42_178.png,165,173
sektion_42_179.png,172,173
sektion_42_18.png,175,168
sektion_42_180.png,124,111
sektion_42_181.png,174,164
sektion_42_182.png,174,163
sektion_42_183.png,172,161
sektion_42_184.png,166,153
sektion_42_185.png,164,148
sektion_42_186.png,163,150
sektion_42_187.png,155,154
sektion_42_188.png,136,147
sektion_42_189.png,124,141
sektion_42_19.png,119,147
sektion_42_190.png,123,107
sektion_42_191.png,117,161
sektion_42_192.png,112,172
sektion_42_193.png,113,171
sektion_42_194.png,116,165
sektion_42_195.png,114,165
sektion_42_196.png,112,164
sektion_42_197.png,115,144
sektion_42_198.png,121,124
sektion_42_199.png,119,127
sektion_42_2.png,116,132
sektion_42_20.png,126,116
sektion_42_200.png,121,107
sektion_42_201.png,116,129
sektion_42_202.png,118,128
sektion_42_203.png,118,128
sektion_42_204.png,119,126
sektion_42_205.png,120,124
sektion_42_206.png,120,121
sektion_42_207.png,121,119
sektion_42_208.png,122,119
sektion_42_209.png,124,120
sektion_42_21.png,125,121
sektion_42_210.png,120,109
sektion_42_211.png,124,125
sektion_42_212.png,128,123
sektion_42_213.png,128,124
sektion_42_214.png,128,125
sektion_42_215.png,130,126
sektion_42_216.png,131,130
sektion_42_217.png,131,133
sektion_42_218.png,131,135
sektion_42_219.png,131,138
sektion_42_22.png,127,144
sektion_42_220.png,121,116
sektion_42_221.png,125,144
sektion_42_222.png,124,144
sektion_42_223.png,124,147
sektion_42_224.png,124,150
sektion_42_225.png,125,155
sektion_42_226.png,126,161
sektion_42_227.png,128,165
sektion_42_228.png,130,167
sektion_42_229.png,132,168
sektion_42_23.png,133,164
sektion_42_230.png,121,123
sektion_42_231.png,136,156
sektion_42_232.png,137,151
sektion_42_233.png,131,144
sektion_42_234.png,125,137
sektion_42_235.png,123,135
sektion_42_236.png,125,139
sektion_42_237.png,133,142
sektion_42_238.png,135,143
sektion_42_239.png,132,146
sektion_42_24.png,137,144
sektion_42_240.png,122,133
sektion_42_241.png,141,142
sektion_42_242.png,143,143
sektion_42_243.png,145,146
sektion_42_244.png,148,149
sektion_42_245.png,146,149
sektion_42_246.png,135,148
sektion_42_247.png,125,145
sektion_42_248.png,121,148
sektion_42_249.png,121,145
sektion_42_25.png,124,138
sektion_42_250.png,124,139
sektion_42_251.png,125,131
sektion_42_252.png,126,127
sektion_42_253.png,124,126
sektion_42_254.png,123,126
sektion_42_255.png,121,126
sektion_42_256.png,119,127
sektion_42_257.png,118,127
sektion_42_258.png,118,123
sektion_42_259.png,116,122
sektion_42_26.png,115,120
sektion_42_260.png,119,133
sektion_42_261.png,114,119
sektion_42_262.png,114,118
sektion_42_263.png,113,119
sektion_42_264.png,113,119
sektion_42_265.png,112,119
sektion_42_266.png,112,118
sektion_42_267.png,112,114
sektion_42_268.png,111,116
sektion_42_269.png,110,121
sektion_42_27.png,113,124
sektion_42_270.png,117,120
sektion_42_271.png,114,125
sektion_42_272.png,112,124
sektion_42_273.png,110,123
sektion_42_274.png,112,125
sektion_42_275.png,117,128
sektion_42_276.png,113,134
sektion_42_277.png,112,135
sektion_42_278.png,118,129
sektion_42_279.png,124,127
sektion_42_28.png,127,131
sektion_42_280.png,116,110
sektion_42_281.png,128,139
sektion_42_282.png,131,147
sektion_42_283.png,137,152
sektion_42_284.png,144,154
sektion_42_285.png,145,155
sektion_42_286.png,142,156
sektion_42_287.png,144,154
sektion_42_288.png,144,154
sektion_42_289.png,144,155
sektion_42_29.png,142,157
sektion_42_290.png,115,103
sektion_42_291.png,141,160
sektion_42_292.png,139,159
sektion_42_293.png,138,157
sektion_42_294.png,139,155
sektion_42_295.png,140,156
sektion_42_296.png,142,154
sektion_42_297.png,141,156
sektion_42_298.png,140,158
sektion_42_299.png,139,156
sektion_42_3.png,138,156
sektion_42_30.png,129,126
sektion_42_300.png,115,100
sektion_42_301.png,139,152
sektion_42_302.png,137,150
sektion_42_303.png,129,170
sektion_42_304.png,127,178
sektion_42_305.png,131,174
sektion_42_306.png,134,173
sektion_42_307.png,138,169
sektion_42_308.png,144,166
sektion_42_309.png,149,161
sektion_42_31.png,152,162
sektion_42_310.png,117,98
sektion_42_311.png,150,170
sektion_42_312.png,146,177
sektion_42_313.png,143,184
sektion_42_314.png,142,187
sektion_42_315.png,143,188
sektion_42_316.png,141,192
sektion_42_317.png,138,195
sektion_42_318.png,140,195
sektion_42_319.png,148,192
sektion_42_32.png,152,193
sektion_42_320.png,115,100
sektion_42_321.png,145,197
sektion_42_322.png,138,200
sektion_42_323.png,131,202
sektion_42_324.png,126,205
sektion_42_325.png,123,206
sektion_42_326.png,119,208
sektion_42_327.png,118,210
sektion_42_328.png,118,212
sektion_42_329.png,119,212
sektion_42_33.png,118,213
sektion_42_330.png,113,105
sektion_42_331.png,116,213
sektion_42_332.png,115,213
sektion_42_333.png,118,213
sektion_42_334.png,123,211
sektion_42_335.png,129,210
sektion_42_336.png,133,209
sektion_42_337.png,133,209
sektion_42_338.png,129,210
sektion_42_339.png,125,212
sektion_42_34.png,120,214
sektion_42_340.png,115,112
sektion_42_341.png,118,215
sektion_42_342.png,115,216
sektion_42_343.png,114,216
sektion_42_344.png,114,217
sektion_42_345.png,114,217
sektion_42_346.png,114,217
sektion_42_347.png,113,217
sektion_42_348.png,113,218
sektion_42_349.png,113,218
sektion_42_35.png,112,218
sektion_42_350.png,112,122
sektion_42_351.png,112,218
sektion_42_352.png,112,218
sektion_42_353.png,112,218
sektion_42_354.png,112,218
sektion_42_355.png,112,218
sektion_42_356.png,112,218
sektion_42_357.png,112,218
sektion_42_358.png,112,218
sektion_42_359.png,112,218
sektion_42_36.png,112,218
sektion_42_360.png,112,136
sektion_42_361.png,113,218
sektion_42_362.png,113,218
sektion_42_363.png,112,218
sektion_42_364.png,112,217
sektion_42_365.png,114,217
sektion_42_366.png,117,216
sektion_42_367.png,121,214
sektion_42_368.png,125,212
sektion_42_369.png,127,211
sektion_42_37.png,124,213
sektion_42_370.png,121,149
sektion_42_371.png,120,215
sektion_42_372.png,116,215
sektion_42_373.png,113,216
sektion_42_374.png,112,216
sektion_42_375.png,112,215
sektion_42_376.png,112,212
sektion_42_377.png,112,210
sektion_42_378.png,112,208
sektion_42_379.png,111,208
sektion_42_38.png,111,205
sektion_42_380.png,129,160
sektion_42_381.png,112,200
sektion_42_382.png,113,198
sektion_42_383.png,112,201
sektion_42_384.png,110,204
sektion_42_385.png,111,206
sektion_42_386.png,111,208
sektion_42_387.png,111,211
sektion_42_388.png,111,213
sektion_42_389.png,114,214
sektion_42_39.png,115,213
sektion_42_390.png,141,168
sektion_42_391.png,116,212
sektion_42_392.png,115,212
sektion_42_393.png,116,210
sektion_42_394.png,119,205
sektion_42_395.png,124,196
sektion_42_396.png,134,180
sektion_42_397.png,145,154
sektion_42_398.png,153,134
sektion_42_399.png,153,130
sektion_42_4.png,153,130
sektion_42_40.png,134,135
sektion_42_400.png,154,172
sektion_42_401.png,152,133
sektion_42_402.png,150,139
sektion_42_403.png,146,146
sektion_42_404.png,139,151
sektion_42_405.png,134,157
sektion_42_406.png,130,160
sektion_42_407.png,128,161
sektion_42_408.png,131,161
sektion_42_409.png,133,161
sektion_42_41.png,133,161
sektion_42_410.png,148,172
sektion_42_411.png,130,158
sektion_42_412.png,127,154
sektion_42_413.png,125,151
sektion_42_414.png,126,151
sektion_42_415.png,130,152
sektion_42_416.png,134,153
sektion_42_417.png,142,167
sektion_42_418.png,144,172
sektion_42_419.png,147,179
sektion_42_42.png,152,180
sektion_42_420.png,141,178
sektion_42_421.png,159,180
sektion_42_422.png,164,177
sektion_42_423.png,170,173
sektion_42_424.png,174,168
sektion_42_425.png,174,166
sektion_42_426.png,175,165
sektion_42_427.png,175,164
sektion_42_428.png,174,164
sektion_42_429.png,173,163
sektion_42_43.png,173,162
sektion_42_430.png,136,185
sektion_42_431.png,172,160
sektion_42_432.png,169,156
sektion_42_433.png,164,153
sektion_42_434.png,159,150
sektion_42_435.png,155,147
sektion_42_436.png,151,144
sektion_42_437.png,149,143
sektion_42_438.png,148,141
sektion_42_439.png,147,141
sektion_42_44.png,145,140
sektion_42_440.png,135,188
sektion_42_441.png,145,138
sektion_42_442.png,143,137
sektion_42_443.png,142,136
sektion_42_444.png,142,136
sektion_42_445.png,142,135
sektion_42_446.png,143,136
sektion_42_447.png,146,136
sektion_42_448.png,147,136
sektion_42_449.png,147,135
sektion_42_45.png,145,136
sektion_42_450.png,142,186
sektion_42_451.png,145,136
sektion_42_452.png,146,136
sektion_42_453.png,150,136
sektion_42_454.png,150,139
sektion_42_455.png,152,144
sektion_42_456.png,160,148
sektion_42_457.png,167,156
sektion_42_458.png,172,163
sektion_42_459.png,175,167
sektion_42_46.png,177,170
sektion_42_460.png,151,184
sektion_42_461.png,179,171
sektion_42_462.png,180,173
sektion_42_463.png,182,173
sektion_42_464.png,181,173
sektion_42_465.png,180,172
sektion_42_466.png,179,172
sektion_42_467.png,177,172
sektion_42_468.png,176,170
sektion_42_469.png,174,167
sektion_42_47.png,171,163
sektion_42_470.png,162,186
sektion_42_471.png,167,159
sektion_42_472.png,163,157
sektion_42_473.png,161,152
sektion_42_474.png,158,150
sektion_42_475.png,158,146
sektion_42_476.png,155,146
sektion_42_477.png,155,146
sektion_42_478.png,156,148
sektion_42_479.png,156,150
sektion_42_48.png,157,151
sektion_42_480.png,170,188
sektion_42_481.png,157,151
sektion_42_482.png,157,150
sektion_42_483.png,158,148
sektion_42_484.png,158,149
sektion_42_485.png,158,151
sektion_42_486.png,159,152
sektion_42_487.png,160,152
sektion_42_49.png,161,153
sektion_42_5.png,174,189
sektion_42_50.png,140,139
sektion_42_51.png,180,190
sektion_42_52.png,182,191
sektion_42_53.png,182,191
sektion_42_54.png,181,191
sektion_42_55.png,178,190
sektion_42_56.png,173,189
sektion_42_57.png,166,189
sektion_42_58.png,160,186
sektion_42_59.png,154,185
sektion_42_6.png,146,183
sektion_42_60.png,139,139
sektion_42_61.png,133,179
sektion_42_62.png,129,170
sektion_42_63.png,124,159
sektion_42_64.png,119,150
sektion_42_65.png,116,147
sektion_42_66.png,115,149
sektion_42_67.png,117,157
sektion_42_68.png,121,165
sektion_42_69.png,125,172
sektion_42_7.png,139,182
sektion_42_70.png,135,137
sektion_42_71.png,149,182
sektion_42_72.png,162,182
sektion_42_73.png,175,186
sektion_42_74.png,185,190
sektion_42_75.png,191,193
sektion_42_76.png,192,194
sektion_42_77.png,190,193
sektion_42_78.png,186,191
sektion_42_79.png,189,189
sektion_42_8.png,191,191
sektion_42_80.png,133,130
sektion_42_81.png,192,193
sektion_42_82.png,192,194
sektion_42_83.png,194,194
sektion_42_84.png,195,195
sektion_42_85.png,194,195
sektion_42_86.png,192,195
sektion_42_87.png,190,194
sektion_42_88.png,189,192
sektion_42_89.png,186,190
sektion_42_9.png,188,190
sektion_42_90.png,129,119
sektion_42_91.png,188,189
sektion_42_92.png,168,191
sektion_42_93.png,139,192
sektion_42_94.png,135,194
sektion_42_95.png,154,186
sektion_42_96.png,176,171
sektion_42_97.png,182,168
sektion_42_98.png,179,169
sektion_42_99.png,175,165
sektion_43_0.png,173,163
sektion_43_1.png,119,104
sektion_43_10.png,118,107
sektion_43_100.png,121,115
sektion_43_101.png,171,161
sektion_43_102.png,166,156
sektion_43_103.png,161,147
sektion_43_104.png,156,136
sektion_43_105.png,150,136
sektion_43_106.png,154,139
sektion_43_107.png,157,161
sektion_43_108.png,156,180
sektion_43_109.png,145,190
sektion_43_11.png,138,194
sektion_43_110.png,121,112
sektion_43_111.png,132,197
sektion_43_112.png,129,202
sektion_43_113.png,129,201
sektion_43_114.png,131,200
sektion_43_115.png,133,200
sektion_43_116.png,135,197
sektion_43_117.png,145,196
sektion_43_118.png,145,193
sektion_43_119.png,146,190
sektion_43_12.png,146,192
sektion_43_120.png,123,111
sektion_43_121.png,144,193
sektion_43_122.png,141,195
sektion_43_123.png,135,200
sektion_43_124.png,131,201
sektion_43_125.png,126,203
sektion_43_126.png,124,206
sektion_43_127.png,123,207
sektion_43_128.png,123,208
sektion_43_129.png,121,210
sektion_43_13.png,121,210
sektion_43_130.png,123,114
sektion_43_131.png,123,208
sektion_43_132.png,127,206
sektion_43_133.png,131,204
sektion_43_134.png,133,201
sektion_43_135.png,140,196
sektion_43_136.png,155,177
sektion_43_137.png,161,150
sektion_43_138.png,161,147
sektion_43_139.png,162,152
sektion_43_14.png,165,152
sektion_43_140.png,123,121
sektion_43_141.png,164,151
sektion_43_142.png,164,152
sektion_43_143.png,165,153
sektion_43_144.png,166,154
sektion_43_145.png,163,148
sektion_43_146.png,161,148
sektion_43_147.png,163,151
sektion_43_148.png,166,154
sektion_43_149.png,166,154
sektion_43_15.png,164,152
sektion_43_150.png,124,127
sektion_43_151.png,164,152
sektion_43_152.png,166,153
sektion_43_153.png,165,152
sektion_43_154.png,164,152
sektion_43_155.png,163,152
sektion_43_156.png,164,152
sektion_43_157.png,161,150
sektion_43_158.png,160,147
sektion_43_159.png,157,144
sektion_43_16.png,156,144
sektion_43_160.png,126,127
sektion_43_161.png,159,146
sektion_43_162.png,162,151
sektion_43_163.png,163,152
sektion_43_164.png,160,145
sektion_43_165.png,156,142
sektion_43_166.png,150,138
sektion_43_167.png,141,135
sektion_43_168.png,138,132
sektion_43_169.png,138,131
sektion_43_17.png,141,132
sektion_43_170.png,124,120
sektion_43_171.png,143,135
sektion_43_172.png,145,135
sektion_43_173.png,149,134
sektion_43_174.png,147,138
sektion_43_175.png,143,139
sektion_43_176.png,146,140
sektion_43_177.png,155,145
sektion_43_178.png,160,161
sektion_43_179.png,167,172
sektion_43_18.png,173,173
sektion_43_180.png,124,111
sektion_43_181.png,176,167
sektion_43_182.png,176,164
sektion_43_183.png,171,160
sektion_43_184.png,166,152
sektion_43_185.png,165,148
sektion_43_186.png,163,154
sektion_43_187.png,144,157
sektion_43_188.png,124,150
sektion_43_189.png,120,139
sektion_43_19.png,121,149
sektion_43_190.png,123,107
sektion_43_191.png,118,166
sektion_43_192.png,115,165
sektion_43_193.png,116,166
sektion_43_194.png,116,166
sektion_43_195.png,116,159
sektion_43_196.png,118,144
sektion_43_197.png,118,129
sektion_43_198.png,122,119
sektion_43_199.png,121,121
sektion_43_2.png,115,135
sektion_43_20.png,121,109
sektion_43_200.png,121,106
sektion_43_201.png,119,139
sektion_43_202.png,122,137
sektion_43_203.png,121,135
sektion_43_204.png,121,130
sektion_43_205.png,120,126
sektion_43_206.png,119,125
sektion_43_207.png,119,122
sektion_43_208.png,120,121
sektion_43_209.png,119,122
sektion_43_21.png,120,123
sektion_43_210.png,120,107
sektion_43_211.png,124,121
sektion_43_212.png,126,120
sektion_43_213.png,127,121
sektion_43_214.png,128,121
sektion_43_215.png,130,122
sektion_43_216.png,131,125
sektion_43_217.png,132,129
sektion_43_218.png,130,133
sektion_43_219.png,129,136
sektion_43_22.png,123,148
sektion_43_220.png,120,112
sektion_43_221.png,121,149
sektion_43_222.png,118,151
sektion_43_223.png,118,155
sektion_43_224.png,120,161
sektion_43_225.png,125,168
sektion_43_226.png,130,170
sektion_43_227.png,134,169
sektion_43_228.png,136,167
sektion_43_229.png,135,164
sektion_43_23.png,133,162
sektion_43_230.png,121,120
sektion_43_231.png,135,157
sektion_43_232.png,135,152
sektion_43_233.png,136,148
sektion_43_234.png,135,145
sektion_43_235.png,134,144
sektion_43_236.png,134,143
sektion_43_237.png,135,141
sektion_43_238.png,136,140
sektion_43_239.png,136,137
sektion_43_24.png,135,141
sektion_43_240.png,123,133
sektion_43_241.png,137,144
sektion_43_242.png,141,146
sektion_43_243.png,146,145
sektion_43_244.png,147,143
sektion_43_245.png,145,141
sektion_43_246.png,143,142
sektion_43_247.png,143,143
sektion_43_248.png,141,147
sektion_43_249.png,139,150
sektion_43_25.png,134,151
sektion_43_250.png,124,141
sektion_43_251.png,129,149
sektion_43_252.png,125,142
sektion_43_253.png,123,133
sektion_43_254.png,122,125
sektion_43_255.png,119,122
sektion_43_256.png,116,123
sektion_43_257.png,115,125
sektion_43_258.png,115,124
sektion_43_259.png,114,123
sektion_43_26.png,112,121
sektion_43_260.png,122,137
sektion_43_261.png,112,121
sektion_43_262.png,112,120
sektion_43_263.png,112,120
sektion_43_264.png,111,120
sektion_43_265.png,111,118
sektion_43_266.png,110,117
sektion_43_267.png,111,119
sektion_43_268.png,111,119
sektion_43_269.png,111,118
sektion_43_27.png,110,118
sektion_43_270.png,118,125
sektion_43_271.png,110,120
sektion_43_272.png,109,123
sektion_43_273.png,111,125
sektion_43_274.png,112,125
sektion_43_275.png,113,122
sektion_43_276.png,113,121
sektion_43_277.png,113,122
sektion_43_278.png,115,124
sektion_43_279.png,116,128
sektion_43_28.png,117,131
sektion_43_280.png,116,114
sektion_43_281.png,120,133
sektion_43_282.png,125,134
sektion_43_283.png,131,140
sektion_43_284.png,135,147
sektion_43_285.png,139,153
sektion_43_286.png,144,155
sektion_43_287.png,144,154
sektion_43_288.png,144,154
sektion_43_289.png,143,156
sektion_43_29.png,141,158
sektion_43_290.png,116,106
sektion_43_291.png,140,161
sektion_43_292.png,138,161
sektion_43_293.png,137,160
sektion_43_294.png,138,157
sektion_43_295.png,142,153
sektion_43_296.png,143,155
sektion_43_297.png,141,158
sektion_43_298.png,140,155
sektion_43_299.png,137,153
sektion_43_3.png,134,155
sektion_43_30.png,123,120
sektion_43_300.png,116,102
sektion_43_301.png,137,140
sektion_43_302.png,141,127
sektion_43_303.png,136,147
sektion_43_304.png,128,170
sektion_43_305.png,125,181
sektion_43_306.png,128,181
sektion_43_307.png,133,177
sektion_43_308.png,138,174
sektion_43_309.png,145,168
sektion_43_31.png,147,168
sektion_43_310.png,117,100
sektion_43_311.png,145,174
sektion_43_312.png,141,181
sektion_43_313.png,138,187
sektion_43_314.png,139,189
sektion_43_315.png,139,192
sektion_43_316.png,136,195
sektion_43_317.png,131,198
sektion_43_318.png,131,200
sektion_43_319.png,139,197
sektion_43_32.png,147,196
sektion_43_320.png,115,102
sektion_43_321.png,146,197
sektion_43_322.png,140,200
sektion_43_323.png,131,203
sektion_43_324.png,125,206
sektion_43_325.png,121,208
sektion_43_326.png,118,210
sektion_43_327.png,117,211
sektion_43_328.png,118,212
sektion_43_329.png,119,214
sektion_43_33.png,118,214
sektion_43_330.png,113,108
sektion_43_331.png,115,214
sektion_43_332.png,114,214
sektion_43_333.png,115,214
sektion_43_334.png,120,214
sektion_43_335.png,127,212
sektion_43_336.png,132,209
sektion_43_337.png,133,209
sektion_43_338.png,131,210
sektion_43_339.png,127,211
sektion_43_34.png,122,214
sektion_43_340.png,114,116
sektion_43_341.png,119,215
sektion_43_342.png,116,216
sektion_43_343.png,115,217
sektion_43_344.png,114,217
sektion_43_345.png,114,217
sektion_43_346.png,113,218
sektion_43_347.png,113,218
sektion_43_348.png,113,218
sektion_43_349.png,113,218
sektion_43_35.png,112,218
sektion_43_350.png,111,129
sektion_43_351.png,112,218
sektion_43_352.png,112,218
sektion_43_353.png,112,218
sektion_43_354.png,112,218
sektion_43_355.png,111,218
sektion_43_356.png,111,218
sektion_43_357.png,112,218
sektion_43_358.png,112,218
sektion_43_359.png,112,218
sektion_43_36.png,112,218
sektion_43_360.png,110,144
sektion_43_361.png,113,218
sektion_43_362.png,112,218
sektion_43_363.png,111,218
sektion_43_364.png,111,218
sektion_43_365.png,113,217
sektion_43_366.png,116,217
sektion_43_367.png,120,215
sektion_43_368.png,124,212
sektion_43_369.png,127,212
sektion_43_37.png,124,213
sektion_43_370.png,122,156
sektion_43_371.png,120,215
sektion_43_372.png,116,215
sektion_43_373.png,112,216
sektion_43_374.png,112,216
sektion_43_375.png,112,214
sektion_43_376.png,112,212
sektion_43_377.png,112,209
sektion_43_378.png,112,208
sektion_43_379.png,110,207
sektion_43_38.png,111,205
sektion_43_380.png,132,164
sektion_43_381.png,112,200
sektion_43_382.png,113,197
sektion_43_383.png,112,200
sektion_43_384.png,111,204
sektion_43_385.png,110,206
sektion_43_386.png,111,208
sektion_43_387.png,111,211
sektion_43_388.png,111,213
sektion_43_389.png,111,215
sektion_43_39.png,114,213
sektion_43_390.png,138,167
sektion_43_391.png,116,212
sektion_43_392.png,116,212
sektion_43_393.png,118,211
sektion_43_394.png,119,208
sektion_43_395.png,122,201
sektion_43_396.png,130,189
sektion_43_397.png,142,167
sektion_43_398.png,151,141
sektion_43_399.png,153,131
sektion_43_4.png,155,126
sektion_43_40.png,128,131
sektion_43_400.png,142,169
sektion_43_401.png,156,123
sektion_43_402.png,154,126
sektion_43_403.png,150,134
sektion_43_404.png,148,136
sektion_43_405.png,141,136
sektion_43_406.png,140,137
sektion_43_407.png,136,144
sektion_43_408.png,133,154
sektion_43_409.png,134,157
sektion_43_41.png,133,158
sektion_43_410.png,138,174
sektion_43_411.png,130,157
sektion_43_412.png,127,154
sektion_43_413.png,125,152
sektion_43_414.png,127,151
sektion_43_415.png,133,153
sektion_43_416.png,138,158
sektion_43_417.png,145,171
sektion_43_418.png,144,180
sektion_43_419.png,145,185
sektion_43_42.png,149,187
sektion_43_420.png,146,180
sektion_43_421.png,153,185
sektion_43_422.png,159,181
sektion_43_423.png,167,175
sektion_43_424.png,172,169
sektion_43_425.png,173,165
sektion_43_426.png,174,164
sektion_43_427.png,175,164
sektion_43_428.png,175,164
sektion_43_429.png,175,164
sektion_43_43.png,174,164
sektion_43_430.png,164,183
sektion_43_431.png,173,162
sektion_43_432.png,170,159
sektion_43_433.png,166,154
sektion_43_434.png,162,151
sektion_43_435.png,157,147
sektion_43_436.png,151,142
sektion_43_437.png,150,143
sektion_43_438.png,148,141
sektion_43_439.png,147,140
sektion_43_44.png,146,139
sektion_43_440.png,178,185
sektion_43_441.png,145,139
sektion_43_442.png,144,139
sektion_43_443.png,143,137
sektion_43_444.png,142,138
sektion_43_445.png,143,137
sektion_43_446.png,144,137
sektion_43_447.png,147,136
sektion_43_448.png,148,137
sektion_43_449.png,148,136
sektion_43_45.png,147,136
sektion_43_450.png,187,185
sektion_43_451.png,147,136
sektion_43_452.png,147,136
sektion_43_453.png,149,136
sektion_43_454.png,147,138
sektion_43_455.png,147,141
sektion_43_456.png,154,145
sektion_43_457.png,163,152
sektion_43_458.png,168,159
sektion_43_459.png,172,165
sektion_43_46.png,174,168
sektion_43_460.png,191,187
sektion_43_461.png,175,169
sektion_43_462.png,177,171
sektion_43_463.png,179,172
sektion_43_464.png,181,174
sektion_43_465.png,182,173
sektion_43_466.png,181,172
sektion_43_467.png,179,171
sektion_43_468.png,178,168
sektion_43_469.png,175,166
sektion_43_47.png,172,162
sektion_43_470.png,193,188
sektion_43_471.png,167,158
sektion_43_472.png,165,154
sektion_43_473.png,162,151
sektion_43_474.png,160,147
sektion_43_475.png,157,145
sektion_43_476.png,156,142
sektion_43_477.png,154,142
sektion_43_478.png,155,145
sektion_43_479.png,158,147
sektion_43_48.png,158,151
sektion_43_480.png,195,189
sektion_43_481.png,158,151
sektion_43_482.png,158,151
sektion_43_483.png,158,150
sektion_43_484.png,158,151
sektion_43_485.png,158,153
sektion_43_486.png,159,154
sektion_43_487.png,160,154
sektion_43_49.png,161,155
sektion_43_5.png,196,191
sektion_43_50.png,131,137
sektion_43_51.png,194,189
sektion_43_52.png,193,189
sektion_43_53.png,193,189
sektion_43_54.png,193,189
sektion_43_55.png,193,190
sektion_43_56.png,193,191
sektion_43_57.png,193,192
sektion_43_58.png,193,192
sektion_43_59.png,193,192
sektion_43_6.png,191,192
sektion_43_60.png,132,142
sektion_43_61.png,186,192
sektion_43_62.png,182,192
sektion_43_63.png,172,190
sektion_43_64.png,160,185
sektion_43_65.png,145,177
sektion_43_66.png,133,167
sektion_43_67.png,125,158
sektion_43_68.png,121,149
sektion_43_69.png,120,144
sektion_43_7.png,121,150
sektion_43_70.png,129,139
sektion_43_71.png,120,151
sektion_43_72.png,121,153
sektion_43_73.png,130,158
sektion_43_74.png,149,167
sektion_43_75.png,172,183
sektion_43_76.png,185,190
sektion_43_77.png,188,192
sektion_43_78.png,186,191
sektion_43_79.png,185,186
sektion_43_8.png,184,184
sektion_43_80.png,130,131
sektion_43_81.png,183,187
sektion_43_82.png,183,190
sektion_43_83.png,187,194
sektion_43_84.png,192,194
sektion_43_85.png,195,194
sektion_43_86.png,194,194
sektion_43_87.png,191,192
sektion_43_88.png,190,192
sektion_43_89.png,193,194
sektion_43_9.png,190,189
sektion_43_90.png,127,121
sektion_43_91.png,188,189
sektion_43_92.png,187,187
sektion_43_93.png,178,185
sektion_43_94.png,154,187
sektion_43_95.png,148,177
sektion_43_96.png,167,165
sektion_43_97.png,176,164
sektion_43_98.png,176,166
sektion_43_99.png,176,166
sektion_44_0.png,174,163
sektion_44_1.png,122,102
sektion_44_10.png,121,105
sektion_44_100.png,123,117
sektion_44_101.png,169,157
sektion_44_102.png,165,153
sektion_44_103.png,161,148
sektion_44_104.png,161,149
sektion_44_105.png,161,158
sektion_44_106.png,160,168
sektion_44_107.png,159,177
sektion_44_108.png,161,180
sektion_44_109.png,160,178
sektion_44_11.png,156,177
sektion_44_110.png,121,114
sektion_44_111.png,149,180
sektion_44_112.png,139,188
sektion_44_113.png,134,192
sektion_44_114.png,136,189
sektion_44_115.png,140,186
sektion_44_116.png,141,185
sektion_44_117.png,138,178
sektion_44_118.png,136,182
sektion_44_119.png,136,186
sektion_44_12.png,137,187
sektion_44_120.png,121,112
sektion_44_121.png,138,189
sektion_44_122.png,138,193
sektion_44_123.png,136,197
sektion_44_124.png,134,197
sektion_44_125.png,132,195
sektion_44_126.png,132,195
sektion_44_127.png,132,195
sektion_44_128.png,133,194
sektion_44_129.png,134,194
sektion_44_13.png,133,193
sektion_44_130.png,124,113
sektion_44_131.png,133,196
sektion_44_132.png,134,198
sektion_44_133.png,138,198
sektion_44_134.png,143,196
sektion_44_135.png,148,186
sektion_44_136.png,157,165
sektion_44_137.png,163,148
sektion_44_138.png,162,147
sektion_44_139.png,162,149
sektion_44_14.png,163,152
sektion_44_140.png,124,119
sektion_44_141.png,164,151
sektion_44_142.png,165,152
sektion_44_143.png,165,153
sektion_44_144.png,166,154
sektion_44_145.png,166,155
sektion_44_146.png,166,156
sektion_44_147.png,166,156
sektion_44_148.png,166,154
sektion_44_149.png,165,152
sektion_44_15.png,162,149
sektion_44_150.png,125,125
sektion_44_151.png,164,149
sektion_44_152.png,166,153
sektion_44_153.png,166,156
sektion_44_154.png,167,154
sektion_44_155.png,165,152
sektion_44_156.png,164,151
sektion_44_157.png,162,147
sektion_44_158.png,158,145
sektion_44_159.png,155,142
sektion_44_16.png,156,144
sektion_44_160.png,123,127
sektion_44_161.png,161,154
sektion_44_162.png,168,161
sektion_44_163.png,169,161
sektion_44_164.png,157,142
sektion_44_165.png,155,140
sektion_44_166.png,149,135
sektion_44_167.png,141,133
sektion_44_168.png,138,131
sektion_44_169.png,136,131
sektion_44_17.png,141,132
sektion_44_170.png,122,121
sektion_44_171.png,143,133
sektion_44_172.png,149,134
sektion_44_173.png,148,139
sektion_44_174.png,146,139
sektion_44_175.png,145,139
sektion_44_176.png,149,136
sektion_44_177.png,154,140
sektion_44_178.png,159,151
sektion_44_179.png,166,165
sektion_44_18.png,172,170
sektion_44_180.png,122,114
sektion_44_181.png,176,168
sektion_44_182.png,177,166
sektion_44_183.png,170,159
sektion_44_184.png,164,151
sektion_44_185.png,164,151
sektion_44_186.png,147,147
sektion_44_187.png,122,146
sektion_44_188.png,116,136
sektion_44_189.png,116,129
sektion_44_19.png,117,138
sektion_44_190.png,122,106
sektion_44_191.png,116,153
sektion_44_192.png,119,157
sektion_44_193.png,116,161
sektion_44_194.png,117,151
sektion_44_195.png,122,129
sektion_44_196.png,121,124
sektion_44_197.png,117,127
sektion_44_198.png,122,123
sektion_44_199.png,124,126
sektion_44_2.png,117,148
sektion_44_20.png,122,106
sektion_44_200.png,122,103
sektion_44_201.png,118,168
sektion_44_202.png,120,166
sektion_44_203.png,120,153
sektion_44_204.png,122,142
sektion_44_205.png,123,138
sektion_44_206.png,126,134
sektion_44_207.png,126,130
sektion_44_208.png,128,124
sektion_44_209.png,122,125
sektion_44_21.png,119,126
sektion_44_210.png,122,102
sektion_44_211.png,120,121
sektion_44_212.png,120,125
sektion_44_213.png,122,125
sektion_44_214.png,125,123
sektion_44_215.png,131,118
sektion_44_216.png,133,118
sektion_44_217.png,129,127
sektion_44_218.png,123,139
sektion_44_219.png,120,147
sektion_44_22.png,118,151
sektion_44_220.png,118,111
sektion_44_221.png,118,152
sektion_44_222.png,119,154
sektion_44_223.png,120,156
sektion_44_224.png,121,161
sektion_44_225.png,125,165
sektion_44_226.png,131,168
sektion_44_227.png,136,168
sektion_44_228.png,140,169
sektion_44_229.png,140,166
sektion_44_23.png,138,163
sektion_44_230.png,118,119
sektion_44_231.png,138,159
sektion_44_232.png,137,153
sektion_44_233.png,138,147
sektion_44_234.png,140,143
sektion_44_235.png,141,141
sektion_44_236.png,140,141
sektion_44_237.png,140,144
sektion_44_238.png,139,145
sektion_44_239.png,135,141
sektion_44_24.png,136,142
sektion_44_240.png,120,129
sektion_44_241.png,137,142
sektion_44_242.png,140,141
sektion_44_243.png,142,141
sektion_44_244.png,144,141
sektion_44_245.png,144,142
sektion_44_246.png,145,143
sektion_44_247.png,146,143
sektion_44_248.png,140,149
sektion_44_249.png,140,149
sektion_44_25.png,141,148
sektion_44_250.png,124,137
sektion_44_251.png,140,151
sektion_44_252.png,135,152
sektion_44_253.png,128,147
sektion_44_254.png,123,137
sektion_44_255.png,118,129
sektion_44_256.png,115,125
sektion_44_257.png,114,124
sektion_44_258.png,115,122
sektion_44_259.png,114,122
sektion_44_26.png,114,121
sektion_44_260.png,127,138
sektion_44_261.png,114,119
sektion_44_262.png,115,119
sektion_44_263.png,115,118
sektion_44_264.png,113,119
sektion_44_265.png,111,119
sektion_44_266.png,109,119
sektion_44_267.png,110,119
sektion_44_268.png,111,120
sektion_44_269.png,111,119
sektion_44_27.png,111,120
sektion_44_270.png,122,129
sektion_44_271.png,111,120
sektion_44_272.png,112,121
sektion_44_273.png,113,121
sektion_44_274.png,113,122
sektion_44_275.png,113,122
sektion_44_276.png,112,123
sektion_44_277.png,112,122
sektion_44_278.png,112,123
sektion_44_279.png,112,124
sektion_44_28.png,113,125
sektion_44_280.png,120,118
sektion_44_281.png,115,127
sektion_44_282.png,119,130
sektion_44_283.png,124,133
sektion_44_284.png,130,137
sektion_44_285.png,136,142
sektion_44_286.png,143,151
sektion_44_287.png,143,155
sektion_44_288.png,142,160
sektion_44_289.png,140,163
sektion_44_29.png,139,162
sektion_44_290.png,117,112
sektion_44_291.png,139,161
sektion_44_292.png,139,159
sektion_44_293.png,140,160
sektion_44_294.png,141,159
sektion_44_295.png,143,154
sektion_44_296.png,141,155
sektion_44_297.png,141,159
sektion_44_298.png,141,160
sektion_44_299.png,137,158
sektion_44_3.png,135,155
sektion_44_30.png,123,116
sektion_44_300.png,114,109
sektion_44_301.png,133,150
sektion_44_302.png,132,141
sektion_44_303.png,131,140
sektion_44_304.png,137,151
sektion_44_305.png,140,165
sektion_44_306.png,135,174
sektion_44_307.png,132,182
sektion_44_308.png,132,182
sektion_44_309.png,134,180
sektion_44_31.png,137,180
sektion_44_310.png,115,108
sektion_44_311.png,138,184
sektion_44_312.png,137,188
sektion_44_313.png,137,190
sektion_44_314.png,141,190
sektion_44_315.png,134,194
sektion_44_316.png,128,197
sektion_44_317.png,125,201
sektion_44_318.png,128,202
sektion_44_319.png,136,200
sektion_44_32.png,141,199
sektion_44_320.png,114,110
sektion_44_321.png,141,199
sektion_44_322.png,138,201
sektion_44_323.png,130,204
sektion_44_324.png,124,208
sektion_44_325.png,121,209
sektion_44_326.png,117,211
sektion_44_327.png,116,213
sektion_44_328.png,116,214
sektion_44_329.png,116,214
sektion_44_33.png,115,214
sektion_44_330.png,113,114
sektion_44_331.png,114,215
sektion_44_332.png,115,215
sektion_44_333.png,117,215
sektion_44_334.png,116,215
sektion_44_335.png,119,214
sektion_44_336.png,126,211
sektion_44_337.png,132,209
sektion_44_338.png,136,209
sektion_44_339.png,133,210
sektion_44_34.png,126,212
sektion_44_340.png,110,126
sektion_44_341.png,121,215
sektion_44_342.png,117,216
sektion_44_343.png,115,217
sektion_44_344.png,113,217
sektion_44_345.png,112,218
sektion_44_346.png,112,218
sektion_44_347.png,113,218
sektion_44_348.png,113,218
sektion_44_349.png,112,218
sektion_44_35.png,111,218
sektion_44_350.png,111,144
sektion_44_351.png,111,218
sektion_44_352.png,112,218
sektion_44_353.png,111,219
sektion_44_354.png,110,219
sektion_44_355.png,110,219
sektion_44_356.png,110,219
sektion_44_357.png,110,219
sektion_44_358.png,110,219
sektion_44_359.png,110,219
sektion_44_36.png,110,219
sektion_44_360.png,115,156
sektion_44_361.png,111,219
sektion_44_362.png,111,219
sektion_44_363.png,112,219
sektion_44_364.png,113,218
sektion_44_365.png,113,218
sektion_44_366.png,114,217
sektion_44_367.png,118,216
sektion_44_368.png,123,213
sektion_44_369.png,126,212
sektion_44_37.png,124,213
sektion_44_370.png,118,159
sektion_44_371.png,120,215
sektion_44_372.png,117,216
sektion_44_373.png,114,217
sektion_44_374.png,112,215
sektion_44_375.png,111,213
sektion_44_376.png,110,212
sektion_44_377.png,110,210
sektion_44_378.png,110,208
sektion_44_379.png,111,206
sektion_44_38.png,111,206
sektion_44_380.png,124,161
sektion_44_381.png,110,205
sektion_44_382.png,110,204
sektion_44_383.png,110,204
sektion_44_384.png,110,204
sektion_44_385.png,111,205
sektion_44_386.png,110,208
sektion_44_387.png,110,211
sektion_44_388.png,110,212
sektion_44_389.png,113,214
sektion_44_39.png,114,214
sektion_44_390.png,132,163
sektion_44_391.png,116,213
sektion_44_392.png,117,212
sektion_44_393.png,116,212
sektion_44_394.png,117,210
sektion_44_395.png,120,204
sektion_44_396.png,127,194
sektion_44_397.png,138,177
sektion_44_398.png,148,143
sektion_44_399.png,152,129
sektion_44_4.png,151,129
sektion_44_40.png,124,123
sektion_44_400.png,138,169
sektion_44_401.png,152,127
sektion_44_402.png,155,124
sektion_44_403.png,154,128
sektion_44_404.png,151,138
sektion_44_405.png,145,132
sektion_44_406.png,136,130
sektion_44_407.png,136,133
sektion_44_408.png,143,136
sektion_44_409.png,145,142
sektion_44_41.png,139,141
sektion_44_410.png,149,178
sektion_44_411.png,137,142
sektion_44_412.png,140,145
sektion_44_413.png,137,146
sektion_44_414.png,131,147
sektion_44_415.png,135,152
sektion_44_416.png,144,164
sektion_44_417.png,146,177
sektion_44_418.png,142,187
sektion_44_419.png,142,191
sektion_44_42.png,145,192
sektion_44_420.png,172,183
sektion_44_421.png,151,189
sektion_44_422.png,157,185
sektion_44_423.png,165,179
sektion_44_424.png,171,169
sektion_44_425.png,172,163
sektion_44_426.png,172,161
sektion_44_427.png,174,162
sektion_44_428.png,175,164
sektion_44_429.png,175,165
sektion_44_43.png,175,165
sektion_44_430.png,185,185
sektion_44_431.png,174,163
sektion_44_432.png,171,159
sektion_44_433.png,167,155
sektion_44_434.png,164,150
sektion_44_435.png,159,147
sektion_44_436.png,152,141
sektion_44_437.png,151,141
sektion_44_438.png,148,140
sektion_44_439.png,147,138
sektion_44_44.png,145,137
sektion_44_440.png,190,186
sektion_44_441.png,144,136
sektion_44_442.png,144,136
sektion_44_443.png,144,137
sektion_44_444.png,144,137
sektion_44_445.png,145,137
sektion_44_446.png,147,137
sektion_44_447.png,148,137
sektion_44_448.png,148,138
sektion_44_449.png,150,137
sektion_44_45.png,149,137
sektion_44_450.png,195,186
sektion_44_451.png,148,136
sektion_44_452.png,147,136
sektion_44_453.png,147,137
sektion_44_454.png,148,136
sektion_44_455.png,148,137
sektion_44_456.png,149,143
sektion_44_457.png,155,150
sektion_44_458.png,162,160
sektion_44_459.png,168,167
sektion_44_46.png,169,171
sektion_44_460.png,193,186
sektion_44_461.png,171,172
sektion_44_462.png,174,173
sektion_44_463.png,177,173
sektion_44_464.png,180,173
sektion_44_465.png,180,173
sektion_44_466.png,180,173
sektion_44_467.png,179,172
sektion_44_468.png,178,169
sektion_44_469.png,175,166
sektion_44_47.png,171,161
sektion_44_470.png,190,188
sektion_44_471.png,167,155
sektion_44_472.png,165,152
sektion_44_473.png,160,148
sektion_44_474.png,159,146
sektion_44_475.png,157,144
sektion_44_476.png,156,142
sektion_44_477.png,155,143
sektion_44_478.png,155,145
sektion_44_479.png,156,146
sektion_44_48.png,157,148
sektion_44_480.png,191,189
sektion_44_481.png,157,150
sektion_44_482.png,156,151
sektion_44_483.png,158,151
sektion_44_484.png,159,151
sektion_44_485.png,158,152
sektion_44_486.png,158,155
sektion_44_487.png,159,157
sektion_44_49.png,159,160
sektion_44_5.png,192,189
sektion_44_50.png,125,125
sektion_44_51.png,192,190
sektion_44_52.png,192,191
sektion_44_53.png,191,190
sektion_44_54.png,191,190
sektion_44_55.png,190,191
sektion_44_56.png,191,191
sektion_44_57.png,191,191
sektion_44_58.png,192,192
sektion_44_59.png,192,192
sektion_44_6.png,191,192
sektion_44_60.png,125,130
sektion_44_61.png,191,192
sektion_44_62.png,191,192
sektion_44_63.png,191,193
sektion_44_64.png,191,193
sektion_44_65.png,189,193
sektion_44_66.png,182,192
sektion_44_67.png,169,188
sektion_44_68.png,153,181
sektion_44_69.png,142,177
sektion_44_7.png,130,157
sektion_44_70.png,126,130
sektion_44_71.png,126,146
sektion_44_72.png,123,137
sektion_44_73.png,122,136
sektion_44_74.png,122,144
sektion_44_75.png,126,158
sektion_44_76.png,137,168
sektion_44_77.png,157,172
sektion_44_78.png,176,173
sektion_44_79.png,185,177
sektion_44_8.png,185,176
sektion_44_80.png,126,126
sektion_44_81.png,182,173
sektion_44_82.png,180,182
sektion_44_83.png,186,193
sektion_44_84.png,194,195
sektion_44_85.png,196,194
sektion_44_86.png,192,191
sektion_44_87.png,190,192
sektion_44_88.png,192,193
sektion_44_89.png,194,192
sektion_44_9.png,191,192
sektion_44_90.png,125,121
sektion_44_91.png,189,190
sektion_44_92.png,188,184
sektion_44_93.png,185,178
sektion_44_94.png,176,170
sektion_44_95.png,167,163
sektion_44_96.png,164,161
sektion_44_97.png,165,157
sektion_44_98.png,172,161
sektion_44_99.png,173,163
sektion_45_0.png,172,161
sektion_45_1.png,121,103
sektion_45_10.png,121,104
sektion_45_100.png,123,124
sektion_45_101.png,172,161
sektion_45_102.png,174,171
sektion_45_103.png,173,179
sektion_45_104.png,169,179
sektion_45_105.png,165,175
sektion_45_106.png,163,175
sektion_45_107.png,154,177
sektion_45_108.png,143,178
sektion_45_109.png,141,175
sektion_45_11.png,139,173
sektion_45_110.png,122,123
sektion_45_111.png,136,173
sektion_45_112.png,136,175
sektion_45_113.png,138,175
sektion_45_114.png,133,175
sektion_45_115.png,131,183
sektion_45_116.png,128,189
sektion_45_117.png,129,179
sektion_45_118.png,128,184
sektion_45_119.png,131,186
sektion_45_12.png,132,188
sektion_45_120.png,120,123
sektion_45_121.png,136,191
sektion_45_122.png,138,191
sektion_45_123.png,138,191
sektion_45_124.png,133,197
sektion_45_125.png,132,196
sektion_45_126.png,131,188
sektion_45_127.png,132,185
sektion_45_128.png,135,186
sektion_45_129.png,137,187
sektion_45_13.png,138,186
sektion_45_130.png,120,123
sektion_45_131.png,139,186
sektion_45_132.png,140,185
sektion_45_133.png,143,185
sektion_45_134.png,147,184
sektion_45_135.png,151,181
sektion_45_136.png,160,170
sektion_45_137.png,163,156
sektion_45_138.png,163,148
sektion_45_139.png,162,147
sektion_45_14.png,162,151
sektion_45_140.png,121,126
sektion_45_141.png,163,152
sektion_45_142.png,165,153
sektion_45_143.png,167,155
sektion_45_144.png,167,156
sektion_45_145.png,164,154
sektion_45_146.png,166,155
sektion_45_147.png,167,155
sektion_45_148.png,166,156
sektion_45_149.png,166,155
sektion_45_15.png,166,154
sektion_45_150.png,122,127
sektion_45_151.png,166,153
sektion_45_152.png,166,154
sektion_45_153.png,166,154
sektion_45_154.png,163,152
sektion_45_155.png,160,152
sektion_45_156.png,161,151
sektion_45_157.png,161,147
sektion_45_158.png,162,145
sektion_45_159.png,161,145
sektion_45_16.png,158,143
sektion_45_160.png,123,124
sektion_45_161.png,157,141
sektion_45_162.png,151,139
sektion_45_163.png,148,138
sektion_45_164.png,139,134
sektion_45_165.png,139,134
sektion_45_166.png,139,133
sektion_45_167.png,143,134
sektion_45_168.png,143,133
sektion_45_169.png,145,134
sektion_45_17.png,146,136
sektion_45_170.png,122,116
sektion_45_171.png,147,137
sektion_45_172.png,146,139
sektion_45_173.png,150,139
sektion_45_174.png,149,138
sektion_45_175.png,146,134
sektion_45_176.png,148,136
sektion_45_177.png,153,144
sektion_45_178.png,162,154
sektion_45_179.png,170,164
sektion_45_18.png,173,164
sektion_45_180.png,123,109
sektion_45_181.png,173,161
sektion_45_182.png,173,161
sektion_45_183.png,169,159
sektion_45_184.png,167,150
sektion_45_185.png,161,148
sektion_45_186.png,127,148
sektion_45_187.png,111,139
sektion_45_188.png,113,123
sektion_45_189.png,114,116
sektion_45_19.png,115,115
sektion_45_190.png,124,104
sektion_45_191.png,114,116
sektion_45_192.png,116,126
sektion_45_193.png,124,116
sektion_45_194.png,128,115
sektion_45_195.png,120,130
sektion_45_196.png,116,137
sektion_45_197.png,118,130
sektion_45_198.png,120,125
sektion_45_199.png,119,127
sektion_45_2.png,119,130
sektion_45_20.png,121,105
sektion_45_200.png,124,102
sektion_45_201.png,122,146
sektion_45_202.png,123,157
sektion_45_203.png,121,164
sektion_45_204.png,120,172
sektion_45_205.png,120,168
sektion_45_206.png,125,156
sektion_45_207.png,128,143
sektion_45_208.png,126,135
sektion_45_209.png,124,130
sektion_45_21.png,126,126
sektion_45_210.png,125,101
sektion_45_211.png,126,126
sektion_45_212.png,126,126
sektion_45_213.png,125,124
sektion_45_214.png,127,122
sektion_45_215.png,127,123
sektion_45_216.png,126,129
sektion_45_217.png,124,139
sektion_45_218.png,123,148
sektion_45_219.png,122,154
sektion_45_22.png,117,155
sektion_45_220.png,122,109
sektion_45_221.png,117,153
sektion_45_222.png,120,150
sektion_45_223.png,122,150
sektion_45_224.png,123,152
sektion_45_225.png,125,156
sektion_45_226.png,130,159
sektion_45_227.png,134,158
sektion_45_228.png,138,156
sektion_45_229.png,140,150
sektion_45_23.png,141,146
sektion_45_230.png,121,117
sektion_45_231.png,139,144
sektion_45_232.png,138,142
sektion_45_233.png,137,139
sektion_45_234.png,137,137
sektion_45_235.png,138,137
sektion_45_236.png,138,141
sektion_45_237.png,138,145
sektion_45_238.png,138,147
sektion_45_239.png,136,142
sektion_45_24.png,137,141
sektion_45_240.png,120,129
sektion_45_241.png,139,140
sektion_45_242.png,141,139
sektion_45_243.png,143,139
sektion_45_244.png,145,139
sektion_45_245.png,146,140
sektion_45_246.png,147,142
sektion_45_247.png,148,143
sektion_45_248.png,148,156
sektion_45_249.png,148,156
sektion_45_25.png,147,151
sektion_45_250.png,121,139
sektion_45_251.png,148,147
sektion_45_252.png,148,148
sektion_45_253.png,144,154
sektion_45_254.png,135,157
sektion_45_255.png,126,149
sektion_45_256.png,122,136
sektion_45_257.png,119,128
sektion_45_258.png,114,125
sektion_45_259.png,116,124
sektion_45_26.png,116,122
sektion_45_260.png,122,139
sektion_45_261.png,113,121
sektion_45_262.png,109,121
sektion_45_263.png,108,121
sektion_45_264.png,108,121
sektion_45_265.png,110,121
sektion_45_266.png,112,120
sektion_45_267.png,111,118
sektion_45_268.png,111,118
sektion_45_269.png,110,119
sektion_45_27.png,111,119
sektion_45_270.png,120,135
sektion_45_271.png,111,120
sektion_45_272.png,112,120
sektion_45_273.png,112,121
sektion_45_274.png,113,121
sektion_45_275.png,112,122
sektion_45_276.png,111,123
sektion_45_277.png,111,123
sektion_45_278.png,111,123
sektion_45_279.png,112,122
sektion_45_28.png,112,122
sektion_45_280.png,117,126
sektion_45_281.png,114,124
sektion_45_282.png,116,127
sektion_45_283.png,120,130
sektion_45_284.png,125,131
sektion_45_285.png,130,135
sektion_45_286.png,137,148
sektion_45_287.png,137,154
sektion_45_288.png,139,161
sektion_45_289.png,140,165
sektion_45_29.png,141,165
sektion_45_290.png,117,118
sektion_45_291.png,141,163
sektion_45_292.png,141,162
sektion_45_293.png,140,162
sektion_45_294.png,142,162
sektion_45_295.png,141,156
sektion_45_296.png,141,156
sektion_45_297.png,142,161
sektion_45_298.png,141,163
sektion_45_299.png,142,163
sektion_45_3.png,140,160
sektion_45_30.png,121,110
sektion_45_300.png,117,114
sektion_45_301.png,140,156
sektion_45_302.png,139,154
sektion_45_303.png,138,157
sektion_45_304.png,142,155
sektion_45_305.png,144,157
sektion_45_306.png,142,163
sektion_45_307.png,139,170
sektion_45_308.png,137,176
sektion_45_309.png,137,181
sektion_45_31.png,137,185
sektion_45_310.png,115,115
sektion_45_311.png,137,189
sektion_45_312.png,135,192
sektion_45_313.png,137,191
sektion_45_314.png,139,191
sektion_45_315.png,132,195
sektion_45_316.png,125,199
sektion_45_317.png,122,203
sektion_45_318.png,126,204
sektion_45_319.png,131,204
sektion_45_32.png,136,202
sektion_45_320.png,114,116
sektion_45_321.png,136,202
sektion_45_322.png,135,203
sektion_45_323.png,127,206
sektion_45_324.png,123,209
sektion_45_325.png,119,211
sektion_45_326.png,116,213
sektion_45_327.png,115,214
sektion_45_328.png,115,214
sektion_45_329.png,116,215
sektion_45_33.png,115,215
sektion_45_330.png,112,122
sektion_45_331.png,114,216
sektion_45_332.png,115,216
sektion_45_333.png,116,216
sektion_45_334.png,116,216
sektion_45_335.png,117,215
sektion_45_336.png,123,213
sektion_45_337.png,131,211
sektion_45_338.png,135,209
sektion_45_339.png,134,209
sektion_45_34.png,129,212
sektion_45_340.png,110,135
sektion_45_341.png,124,214
sektion_45_342.png,119,215
sektion_45_343.png,116,216
sektion_45_344.png,113,218
sektion_45_345.png,111,218
sektion_45_346.png,111,219
sektion_45_347.png,112,219
sektion_45_348.png,113,219
sektion_45_349.png,111,218
sektion_45_35.png,110,218
sektion_45_350.png,112,150
sektion_45_351.png,111,218
sektion_45_352.png,111,218
sektion_45_353.png,110,218
sektion_45_354.png,110,219
sektion_45_355.png,110,219
sektion_45_356.png,110,219
sektion_45_357.png,110,219
sektion_45_358.png,109,219
sektion_45_359.png,109,219
sektion_45_36.png,109,219
sektion_45_360.png,116,159
sektion_45_361.png,110,219
sektion_45_362.png,111,219
sektion_45_363.png,111,219
sektion_45_364.png,111,219
sektion_45_365.png,112,219
sektion_45_366.png,113,218
sektion_45_367.png,116,217
sektion_45_368.png,122,214
sektion_45_369.png,125,213
sektion_45_37.png,123,213
sektion_45_370.png,117,160
sektion_45_371.png,120,215
sektion_45_372.png,117,216
sektion_45_373.png,113,217
sektion_45_374.png,111,215
sektion_45_375.png,110,213
sektion_45_376.png,109,211
sektion_45_377.png,109,210
sektion_45_378.png,110,207
sektion_45_379.png,111,205
sektion_45_38.png,111,205
sektion_45_380.png,118,159
sektion_45_381.png,110,205
sektion_45_382.png,110,205
sektion_45_383.png,109,204
sektion_45_384.png,109,204
sektion_45_385.png,110,205
sektion_45_386.png,110,208
sektion_45_387.png,110,211
sektion_45_388.png,110,212
sektion_45_389.png,113,215
sektion_45_39.png,114,215
sektion_45_390.png,125,158
sektion_45_391.png,116,213
sektion_45_392.png,117,213
sektion_45_393.png,116,212
sektion_45_394.png,116,211
sektion_45_395.png,119,207
sektion_45_396.png,124,199
sektion_45_397.png,135,182
sektion_45_398.png,144,148
sektion_45_399.png,150,132
sektion_45_4.png,151,129
sektion_45_40.png,121,115
sektion_45_400.png,132,164
sektion_45_401.png,151,129
sektion_45_402.png,156,125
sektion_45_403.png,155,128
sektion_45_404.png,151,136
sektion_45_405.png,149,134
sektion_45_406.png,141,132
sektion_45_407.png,138,132
sektion_45_408.png,141,130
sektion_45_409.png,146,133
sektion_45_41.png,143,133
sektion_45_410.png,158,180
sektion_45_411.png,141,131
sektion_45_412.png,145,134
sektion_45_413.png,141,134
sektion_45_414.png,139,133
sektion_45_415.png,144,142
sektion_45_416.png,149,160
sektion_45_417.png,147,179
sektion_45_418.png,142,189
sektion_45_419.png,141,193
sektion_45_42.png,145,193
sektion_45_420.png,173,185
sektion_45_421.png,149,191
sektion_45_422.png,155,186
sektion_45_423.png,163,177
sektion_45_424.png,169,167
sektion_45_425.png,170,160
sektion_45_426.png,171,160
sektion_45_427.png,173,162
sektion_45_428.png,174,163
sektion_45_429.png,176,165
sektion_45_43.png,175,165
sektion_45_430.png,183,186
sektion_45_431.png,175,164
sektion_45_432.png,171,160
sektion_45_433.png,167,155
sektion_45_434.png,163,151
sektion_45_435.png,160,147
sektion_45_436.png,152,139
sektion_45_437.png,154,138
sektion_45_438.png,149,136
sektion_45_439.png,145,133
sektion_45_44.png,143,133
sektion_45_440.png,188,187
sektion_45_441.png,142,135
sektion_45_442.png,143,136
sektion_45_443.png,144,136
sektion_45_444.png,145,136
sektion_45_445.png,143,136
sektion_45_446.png,144,136
sektion_45_447.png,146,137
sektion_45_448.png,148,138
sektion_45_449.png,148,138
sektion_45_45.png,149,139
sektion_45_450.png,192,189
sektion_45_451.png,150,139
sektion_45_452.png,149,140
sektion_45_453.png,148,140
sektion_45_454.png,149,139
sektion_45_455.png,149,138
sektion_45_456.png,149,143
sektion_45_457.png,152,151
sektion_45_458.png,159,161
sektion_45_459.png,163,169
sektion_45_46.png,165,173
sektion_45_460.png,191,187
sektion_45_461.png,166,175
sektion_45_462.png,171,177
sektion_45_463.png,175,177
sektion_45_464.png,176,175
sektion_45_465.png,177,175
sektion_45_466.png,178,174
sektion_45_467.png,178,172
sektion_45_468.png,177,169
sektion_45_469.png,174,166
sektion_45_47.png,170,159
sektion_45_470.png,192,186
sektion_45_471.png,166,155
sektion_45_472.png,164,152
sektion_45_473.png,160,148
sektion_45_474.png,160,146
sektion_45_475.png,159,144
sektion_45_476.png,156,142
sektion_45_477.png,156,142
sektion_45_478.png,156,144
sektion_45_479.png,156,146
sektion_45_48.png,156,146
sektion_45_480.png,195,189
sektion_45_481.png,156,147
sektion_45_482.png,157,149
sektion_45_483.png,157,150
sektion_45_484.png,158,150
sektion_45_485.png,158,152
sektion_45_486.png,158,154
sektion_45_487.png,158,159
sektion_45_49.png,158,161
sektion_45_5.png,193,189
sektion_45_50.png,121,119
sektion_45_51.png,191,189
sektion_45_52.png,191,189
sektion_45_53.png,192,190
sektion_45_54.png,191,190
sektion_45_55.png,192,191
sektion_45_56.png,192,191
sektion_45_57.png,192,192
sektion_45_58.png,191,192
sektion_45_59.png,191,193
sektion_45_6.png,191,194
sektion_45_60.png,122,124
sektion_45_61.png,191,194
sektion_45_62.png,190,193
sektion_45_63.png,190,193
sektion_45_64.png,191,194
sektion_45_65.png,193,194
sektion_45_66.png,194,195
sektion_45_67.png,193,194
sektion_45_68.png,190,194
sektion_45_69.png,186,194
sektion_45_7.png,169,191
sektion_45_70.png,124,127
sektion_45_71.png,153,179
sektion_45_72.png,138,158
sektion_45_73.png,132,141
sektion_45_74.png,127,135
sektion_45_75.png,121,137
sektion_45_76.png,118,145
sektion_45_77.png,125,153
sektion_45_78.png,140,160
sektion_45_79.png,158,170
sektion_45_8.png,170,168
sektion_45_80.png,125,126
sektion_45_81.png,170,160
sektion_45_82.png,162,166
sektion_45_83.png,173,179
sektion_45_84.png,192,191
sektion_45_85.png,195,194
sektion_45_86.png,188,190
sektion_45_87.png,187,189
sektion_45_88.png,192,192
sektion_45_89.png,190,192
sektion_45_9.png,191,190
sektion_45_90.png,125,125
sektion_45_91.png,190,184
sektion_45_92.png,186,179
sektion_45_93.png,182,174
sektion_45_94.png,178,170
sektion_45_95.png,174,164
sektion_45_96.png,166,156
sektion_45_97.png,156,147
sektion_45_98.png,159,150
sektion_45_99.png,163,153
sektion_46_0.png,167,155
sektion_46_1.png,119,106
sektion_46_10.png,119,105
sektion_46_100.png,124,128
sektion_46_101.png,170,186
sektion_46_102.png,171,186
sektion_46_103.png,167,183
sektion_46_104.png,159,177
sektion_46_105.png,153,169
sektion_46_106.png,143,167
sektion_46_107.png,139,170
sektion_46_108.png,144,169
sektion_46_109.png,143,173
sektion_46_11.png,139,184
sektion_46_110.png,122,130
sektion_46_111.png,135,188
sektion_46_112.png,135,181
sektion_46_113.png,135,172
sektion_46_114.png,131,173
sektion_46_115.png,129,177
sektion_46_116.png,129,178
sektion_46_117.png,129,188
sektion_46_118.png,129,186
sektion_46_119.png,129,189
sektion_46_12.png,130,187
sektion_46_120.png,123,131
sektion_46_121.png,133,185
sektion_46_122.png,133,190
sektion_46_123.png,135,190
sektion_46_124.png,134,193
sektion_46_125.png,131,197
sektion_46_126.png,134,194
sektion_46_127.png,135,193
sektion_46_128.png,132,192
sektion_46_129.png,130,189
sektion_46_13.png,126,188
sektion_46_130.png,126,131
sektion_46_131.png,126,187
sektion_46_132.png,129,187
sektion_46_133.png,137,186
sektion_46_134.png,145,184
sektion_46_135.png,150,182
sektion_46_136.png,152,182
sektion_46_137.png,152,182
sektion_46_138.png,158,171
sektion_46_139.png,164,159
sektion_46_14.png,164,152
sektion_46_140.png,126,132
sektion_46_141.png,165,152
sektion_46_142.png,166,150
sektion_46_143.png,166,152
sektion_46_144.png,166,155
sektion_46_145.png,169,156
sektion_46_146.png,168,156
sektion_46_147.png,166,155
sektion_46_148.png,167,155
sektion_46_149.png,166,156
sektion_46_15.png,166,157
sektion_46_150.png,126,131
sektion_46_151.png,168,157
sektion_46_152.png,168,157
sektion_46_153.png,169,156
sektion_46_154.png,163,148
sektion_46_155.png,157,141
sektion_46_156.png,148,136
sektion_46_157.png,141,135
sektion_46_158.png,149,136
sektion_46_159.png,158,140
sektion_46_16.png,161,142
sektion_46_160.png,125,126
sektion_46_161.png,154,139
sektion_46_162.png,139,133
sektion_46_163.png,134,133
sektion_46_164.png,143,134
sektion_46_165.png,143,134
sektion_46_166.png,145,135
sektion_46_167.png,143,136
sektion_46_168.png,143,136
sektion_46_169.png,144,137
sektion_46_17.png,148,136
sektion_46_170.png,123,120
sektion_46_171.png,149,137
sektion_46_172.png,148,136
sektion_46_173.png,150,140
sektion_46_174.png,150,139
sektion_46_175.png,148,133
sektion_46_176.png,154,136
sektion_46_177.png,160,146
sektion_46_178.png,166,155
sektion_46_179.png,171,161
sektion_46_18.png,173,161
sektion_46_180.png,122,112
sektion_46_181.png,172,162
sektion_46_182.png,172,162
sektion_46_183.png,171,159
sektion_46_184.png,169,155
sektion_46_185.png,161,147
sektion_46_186.png,135,147
sektion_46_187.png,116,145
sektion_46_188.png,108,134
sektion_46_189.png,106,118
sektion_46_19.png,113,105
sektion_46_190.png,122,107
sektion_46_191.png,119,101
sektion_46_192.png,113,101
sektion_46_193.png,116,100
sektion_46_194.png,121,99
sektion_46_195.png,124,102
sektion_46_196.png,125,108
sektion_46_197.png,124,116
sektion_46_198.png,121,125
sektion_46_199.png,121,127
sektion_46_2.png,124,123
sektion_46_20.png,118,106
sektion_46_200.png,122,104
sektion_46_201.png,127,118
sektion_46_202.png,122,128
sektion_46_203.png,116,143
sektion_46_204.png,118,150
sektion_46_205.png,120,160
sektion_46_206.png,120,172
sektion_46_207.png,119,178
sektion_46_208.png,119,171
sektion_46_209.png,118,160
sektion_46_21.png,119,154
sektion_46_210.png,122,104
sektion_46_211.png,123,146
sektion_46_212.png,123,140
sektion_46_213.png,123,134
sektion_46_214.png,120,134
sektion_46_215.png,117,140
sektion_46_216.png,115,147
sektion_46_217.png,115,150
sektion_46_218.png,117,149
sektion_46_219.png,119,148
sektion_46_22.png,113,153
sektion_46_220.png,123,107
sektion_46_221.png,115,148
sektion_46_222.png,118,141
sektion_46_223.png,121,136
sektion_46_224.png,121,137
sektion_46_225.png,121,140
sektion_46_226.png,122,141
sektion_46_227.png,125,138
sektion_46_228.png,129,133
sektion_46_229.png,132,127
sektion_46_23.png,133,124
sektion_46_230.png,122,114
sektion_46_231.png,131,125
sektion_46_232.png,129,125
sektion_46_233.png,128,125
sektion_46_234.png,129,125
sektion_46_235.png,129,127
sektion_46_236.png,131,131
sektion_46_237.png,130,136
sektion_46_238.png,131,138
sektion_46_239.png,131,133
sektion_46_24.png,133,133
sektion_46_240.png,121,125
sektion_46_241.png,134,133
sektion_46_242.png,136,132
sektion_46_243.png,139,133
sektion_46_244.png,141,135
sektion_46_245.png,143,136
sektion_46_246.png,146,137
sektion_46_247.png,146,138
sektion_46_248.png,155,142
sektion_46_249.png,155,149
sektion_46_25.png,152,156
sektion_46_250.png,121,136
sektion_46_251.png,150,155
sektion_46_252.png,148,150
sektion_46_253.png,146,148
sektion_46_254.png,144,153
sektion_46_255.png,143,156
sektion_46_256.png,145,157
sektion_46_257.png,135,151
sektion_46_258.png,121,145
sektion_46_259.png,118,139
sektion_46_26.png,114,133
sektion_46_260.png,124,138
sektion_46_261.png,111,126
sektion_46_262.png,111,121
sektion_46_263.png,111,119
sektion_46_264.png,111,117
sektion_46_265.png,112,118
sektion_46_266.png,111,119
sektion_46_267.png,110,118
sektion_46_268.png,111,118
sektion_46_269.png,110,119
sektion_46_27.png,110,120
sektion_46_270.png,123,137
sektion_46_271.png,110,120
sektion_46_272.png,110,121
sektion_46_273.png,111,121
sektion_46_274.png,111,121
sektion_46_275.png,112,121
sektion_46_276.png,111,122
sektion_46_277.png,110,122
sektion_46_278.png,111,122
sektion_46_279.png,111,121
sektion_46_28.png,111,121
sektion_46_280.png,121,130
sektion_46_281.png,111,123
sektion_46_282.png,113,124
sektion_46_283.png,116,125
sektion_46_284.png,119,126
sektion_46_285.png,123,129
sektion_46_286.png,129,139
sektion_46_287.png,131,148
sektion_46_288.png,136,158
sektion_46_289.png,141,164
sektion_46_29.png,142,167
sektion_46_290.png,119,123
sektion_46_291.png,142,166
sektion_46_292.png,142,166
sektion_46_293.png,141,167
sektion_46_294.png,141,167
sektion_46_295.png,138,164
sektion_46_296.png,141,161
sektion_46_297.png,142,163
sektion_46_298.png,142,166
sektion_46_299.png,143,165
sektion_46_3.png,143,164
sektion_46_30.png,119,107
sektion_46_300.png,117,120
sektion_46_301.png,143,163
sektion_46_302.png,142,164
sektion_46_303.png,142,165
sektion_46_304.png,143,162
sektion_46_305.png,142,162
sektion_46_306.png,143,163
sektion_46_307.png,144,166
sektion_46_308.png,145,170
sektion_46_309.png,145,172
sektion_46_31.png,143,179
sektion_46_310.png,116,119
sektion_46_311.png,140,187
sektion_46_312.png,139,189
sektion_46_313.png,139,190
sektion_46_314.png,136,193
sektion_46_315.png,131,196
sektion_46_316.png,124,200
sektion_46_317.png,121,203
sektion_46_318.png,122,206
sektion_46_319.png,126,206
sektion_46_32.png,131,204
sektion_46_320.png,114,122
sektion_46_321.png,132,204
sektion_46_322.png,132,205
sektion_46_323.png,125,207
sektion_46_324.png,122,210
sektion_46_325.png,118,212
sektion_46_326.png,115,214
sektion_46_327.png,114,214
sektion_46_328.png,114,215
sektion_46_329.png,116,215
sektion_46_33.png,115,216
sektion_46_330.png,111,133
sektion_46_331.png,114,216
sektion_46_332.png,114,216
sektion_46_333.png,114,216
sektion_46_334.png,114,216
sektion_46_335.png,116,216
sektion_46_336.png,121,215
sektion_46_337.png,127,213
sektion_46_338.png,132,210
sektion_46_339.png,133,209
sektion_46_34.png,132,211
sektion_46_340.png,111,146
sektion_46_341.png,129,212
sektion_46_342.png,120,215
sektion_46_343.png,117,216
sektion_46_344.png,114,218
sektion_46_345.png,111,218
sektion_46_346.png,110,219
sektion_46_347.png,111,219
sektion_46_348.png,111,219
sektion_46_349.png,110,218
sektion_46_35.png,109,218
sektion_46_350.png,114,158
sektion_46_351.png,110,218
sektion_46_352.png,110,218
sektion_46_353.png,109,218
sektion_46_354.png,109,218
sektion_46_355.png,108,218
sektion_46_356.png,109,218
sektion_46_357.png,109,218
sektion_46_358.png,109,218
sektion_46_359.png,108,218
sektion_46_36.png,108,219
sektion_46_360.png,117,162
sektion_46_361.png,109,219
sektion_46_362.png,110,219
sektion_46_363.png,110,219
sektion_46_364.png,110,219
sektion_46_365.png,110,219
sektion_46_366.png,111,218
sektion_46_367.png,115,218
sektion_46_368.png,120,215
sektion_46_369.png,124,214
sektion_46_37.png,122,214
sektion_46_370.png,116,162
sektion_46_371.png,120,215
sektion_46_372.png,116,217
sektion_46_373.png,113,217
sektion_46_374.png,111,215
sektion_46_375.png,110,212
sektion_46_376.png,109,210
sektion_46_377.png,109,209
sektion_46_378.png,110,207
sektion_46_379.png,110,204
sektion_46_38.png,111,204
sektion_46_380.png,116,160
sektion_46_381.png,110,204
sektion_46_382.png,110,204
sektion_46_383.png,110,203
sektion_46_384.png,110,203
sektion_46_385.png,110,205
sektion_46_386.png,110,208
sektion_46_387.png,110,210
sektion_46_388.png,110,212
sektion_46_389.png,113,215
sektion_46_39.png,113,215
sektion_46_390.png,118,158
sektion_46_391.png,116,213
sektion_46_392.png,117,213
sektion_46_393.png,116,212
sektion_46_394.png,116,211
sektion_46_395.png,117,209
sektion_46_396.png,123,202
sektion_46_397.png,132,188
sektion_46_398.png,143,160
sektion_46_399.png,150,138
sektion_46_4.png,153,131
sektion_46_40.png,119,109
sektion_46_400.png,123,161
sektion_46_401.png,152,131
sektion_46_402.png,154,128
sektion_46_403.png,155,128
sektion_46_404.png,152,133
sektion_46_405.png,151,133
sektion_46_406.png,149,134
sektion_46_407.png,143,132
sektion_46_408.png,138,132
sektion_46_409.png,139,133
sektion_46_41.png,141,133
sektion_46_410.png,157,176
sektion_46_411.png,145,132
sektion_46_412.png,148,134
sektion_46_413.png,147,133
sektion_46_414.png,145,133
sektion_46_415.png,150,144
sektion_46_416.png,153,163
sektion_46_417.png,148,180
sektion_46_418.png,142,190
sektion_46_419.png,142,194
sektion_46_42.png,144,194
sektion_46_420.png,172,177
sektion_46_421.png,147,191
sektion_46_422.png,153,185
sektion_46_423.png,160,176
sektion_46_424.png,166,165
sektion_46_425.png,166,157
sektion_46_426.png,169,158
sektion_46_427.png,171,161
sektion_46_428.png,173,162
sektion_46_429.png,175,164
sektion_46_43.png,175,165
sektion_46_430.png,182,182
sektion_46_431.png,175,164
sektion_46_432.png,172,162
sektion_46_433.png,169,157
sektion_46_434.png,165,152
sektion_46_435.png,162,148
sektion_46_436.png,154,139
sektion_46_437.png,152,137
sektion_46_438.png,145,133
sektion_46_439.png,138,132
sektion_46_44.png,136,130
sektion_46_440.png,186,186
sektion_46_441.png,132,131
sektion_46_442.png,134,132
sektion_46_443.png,138,131
sektion_46_444.png,139,131
sektion_46_445.png,138,132
sektion_46_446.png,138,132
sektion_46_447.png,143,133
sektion_46_448.png,145,135
sektion_46_449.png,147,138
sektion_46_45.png,149,141
sektion_46_450.png,189,187
sektion_46_451.png,150,142
sektion_46_452.png,152,143
sektion_46_453.png,152,144
sektion_46_454.png,152,141
sektion_46_455.png,151,140
sektion_46_456.png,149,144
sektion_46_457.png,151,152
sektion_46_458.png,156,162
sektion_46_459.png,158,170
sektion_46_46.png,159,176
sektion_46_460.png,189,186
sektion_46_461.png,159,180
sektion_46_462.png,165,182
sektion_46_463.png,170,182
sektion_46_464.png,171,180
sektion_46_465.png,173,179
sektion_46_466.png,175,177
sektion_46_467.png,176,174
sektion_46_468.png,175,170
sektion_46_469.png,173,165
sektion_46_47.png,170,161
sektion_46_470.png,189,185
sektion_46_471.png,167,156
sektion_46_472.png,165,152
sektion_46_473.png,161,148
sektion_46_474.png,159,145
sektion_46_475.png,158,144
sektion_46_476.png,157,142
sektion_46_477.png,156,142
sektion_46_478.png,156,142
sektion_46_479.png,156,143
sektion_46_48.png,156,145
sektion_46_480.png,193,187
sektion_46_481.png,155,146
sektion_46_482.png,156,146
sektion_46_483.png,157,148
sektion_46_484.png,158,148
sektion_46_485.png,158,150
sektion_46_486.png,158,152
sektion_46_487.png,158,156
sektion_46_49.png,156,160
sektion_46_5.png,194,185
sektion_46_50.png,118,114
sektion_46_51.png,189,183
sektion_46_52.png,188,184
sektion_46_53.png,189,185
sektion_46_54.png,189,186
sektion_46_55.png,189,186
sektion_46_56.png,190,186
sektion_46_57.png,191,187
sektion_46_58.png,191,188
sektion_46_59.png,191,189
sektion_46_6.png,192,190
sektion_46_60.png,120,119
sektion_46_61.png,193,193
sektion_46_62.png,191,192
sektion_46_63.png,190,192
sektion_46_64.png,189,192
sektion_46_65.png,190,193
sektion_46_66.png,191,194
sektion_46_67.png,190,194
sektion_46_68.png,188,193
sektion_46_69.png,187,193
sektion_46_7.png,190,194
sektion_46_70.png,122,123
sektion_46_71.png,189,194
sektion_46_72.png,180,192
sektion_46_73.png,164,181
sektion_46_74.png,145,162
sektion_46_75.png,132,147
sektion_46_76.png,126,140
sektion_46_77.png,121,143
sektion_46_78.png,116,147
sektion_46_79.png,126,157
sektion_46_8.png,138,172
sektion_46_80.png,123,125
sektion_46_81.png,150,175
sektion_46_82.png,167,171
sektion_46_83.png,186,185
sektion_46_84.png,192,191
sektion_46_85.png,190,191
sektion_46_86.png,191,189
sektion_46_87.png,193,190
sektion_46_88.png,193,191
sektion_46_89.png,189,188
sektion_46_9.png,189,184
sektion_46_90.png,124,127
sektion_46_91.png,187,178
sektion_46_92.png,182,174
sektion_46_93.png,180,171
sektion_46_94.png,178,167
sektion_46_95.png,174,161
sektion_46_96.png,167,154
sektion_46_97.png,158,146
sektion_46_98.png,159,147
sektion_46_99.png,163,158
sektion_47_0.png,166,173
sektion_47_1.png,118,107
sektion_47_10.png,118,107
sektion_47_100.png,122,126
sektion_47_101.png,169,185
sektion_47_102.png,165,180
sektion_47_103.png,156,179
sektion_47_104.png,149,173
sektion_47_105.png,143,166
sektion_47_106.png,141,170
sektion_47_107.png,139,174
sektion_47_108.png,138,177
sektion_47_109.png,138,185
sektion_47_11.png,137,190
sektion_47_110.png,121,129
sektion_47_111.png,137,189
sektion_47_112.png,133,190
sektion_47_113.png,127,191
sektion_47_114.png,125,190
sektion_47_115.png,126,189
sektion_47_116.png,127,189
sektion_47_117.png,134,196
sektion_47_118.png,133,193
sektion_47_119.png,130,185
sektion_47_12.png,128,177
sektion_47_120.png,121,130
sektion_47_121.png,127,173
sektion_47_122.png,129,168
sektion_47_123.png,129,176
sektion_47_124.png,131,189
sektion_47_125.png,134,191
sektion_47_126.png,139,193
sektion_47_127.png,139,193
sektion_47_128.png,135,193
sektion_47_129.png,128,193
sektion_47_13.png,123,189
sektion_47_130.png,124,131
sektion_47_131.png,122,183
sektion_47_132.png,124,181
sektion_47_133.png,128,183
sektion_47_134.png,133,186
sektion_47_135.png,137,188
sektion_47_136.png,140,187
sektion_47_137.png,142,188
sektion_47_138.png,147,188
sektion_47_139.png,153,184
sektion_47_14.png,160,175
sektion_47_140.png,125,133
sektion_47_141.png,166,167
sektion_47_142.png,167,154
sektion_47_143.png,165,151
sektion_47_144.png,165,153
sektion_47_145.png,170,157
sektion_47_146.png,169,156
sektion_47_147.png,167,154
sektion_47_148.png,166,154
sektion_47_149.png,167,156
sektion_47_15.png,170,158
sektion_47_150.png,127,134
sektion_47_151.png,170,159
sektion_47_152.png,169,157
sektion_47_153.png,168,154
sektion_47_154.png,155,139
sektion_47_155.png,141,131
sektion_47_156.png,141,133
sektion_47_157.png,139,133
sektion_47_158.png,139,133
sektion_47_159.png,141,134
sektion_47_16.png,143,136
sektion_47_160.png,127,134
sektion_47_161.png,145,136
sektion_47_162.png,147,136
sektion_47_163.png,147,136
sektion_47_164.png,152,136
sektion_47_165.png,152,138
sektion_47_166.png,152,139
sektion_47_167.png,152,139
sektion_47_168.png,151,140
sektion_47_169.png,151,140
sektion_47_17.png,153,140
sektion_47_170.png,127,130
sektion_47_171.png,153,139
sektion_47_172.png,155,136
sektion_47_173.png,152,135
sektion_47_174.png,152,136
sektion_47_175.png,155,143
sektion_47_176.png,159,155
sektion_47_177.png,160,167
sektion_47_178.png,163,171
sektion_47_179.png,168,167
sektion_47_18.png,172,163
sektion_47_180.png,123,124
sektion_47_181.png,173,163
sektion_47_182.png,173,162
sektion_47_183.png,171,159
sektion_47_184.png,166,154
sektion_47_185.png,154,146
sektion_47_186.png,145,146
sektion_47_187.png,136,148
sektion_47_188.png,123,140
sektion_47_189.png,114,123
sektion_47_19.png,113,110
sektion_47_190.png,120,118
sektion_47_191.png,115,104
sektion_47_192.png,112,106
sektion_47_193.png,112,104
sektion_47_194.png,115,98
sektion_47_195.png,114,97
sektion_47_196.png,110,103
sektion_47_197.png,113,103
sektion_47_198.png,125,95
sektion_47_199.png,129,97
sektion_47_2.png,121,116
sektion_47_20.png,118,107
sektion_47_200.png,119,112
sektion_47_201.png,118,125
sektion_47_202.png,120,124
sektion_47_203.png,121,126
sektion_47_204.png,121,128
sektion_47_205.png,123,126
sektion_47_206.png,122,129
sektion_47_207.png,117,148
sektion_47_208.png,114,166
sektion_47_209.png,116,174
sektion_47_21.png,117,175
sektion_47_210.png,119,109
sektion_47_211.png,115,175
sektion_47_212.png,116,175
sektion_47_213.png,115,174
sektion_47_214.png,116,171
sektion_47_215.png,116,167
sektion_47_216.png,116,162
sektion_47_217.png,115,158
sektion_47_218.png,115,156
sektion_47_219.png,114,155
sektion_47_22.png,115,149
sektion_47_220.png,121,110
sektion_47_221.png,117,142
sektion_47_222.png,121,134
sektion_47_223.png,122,128
sektion_47_224.png,122,126
sektion_47_225.png,120,127
sektion_47_226.png,120,127
sektion_47_227.png,121,123
sektion_47_228.png,123,118
sektion_47_229.png,123,118
sektion_47_23.png,121,120
sektion_47_230.png,120,115
sektion_47_231.png,119,122
sektion_47_232.png,118,122
sektion_47_233.png,119,121
sektion_47_234.png,120,120
sektion_47_235.png,122,119
sektion_47_236.png,123,121
sektion_47_237.png,124,123
sektion_47_238.png,124,124
sektion_47_239.png,123,121
sektion_47_24.png,124,121
sektion_47_240.png,121,121
sektion_47_241.png,125,122
sektion_47_242.png,126,123
sektion_47_243.png,128,124
sektion_47_244.png,131,126
sektion_47_245.png,134,128
sektion_47_246.png,136,130
sektion_47_247.png,138,132
sektion_47_248.png,136,135
sektion_47_249.png,138,135
sektion_47_25.png,142,134
sektion_47_250.png,125,130
sektion_47_251.png,145,138
sektion_47_252.png,145,143
sektion_47_253.png,145,145
sektion_47_254.png,145,147
sektion_47_255.png,148,150
sektion_47_256.png,148,158
sektion_47_257.png,147,159
sektion_47_258.png,143,153
sektion_47_259.png,133,149
sektion_47_26.png,124,143
sektion_47_260.png,132,133
sektion_47_261.png,117,137
sektion_47_262.png,114,132
sektion_47_263.png,112,128
sektion_47_264.png,110,126
sektion_47_265.png,109,124
sektion_47_266.png,108,124
sektion_47_267.png,110,120
sektion_47_268.png,110,121
sektion_47_269.png,110,120
sektion_47_27.png,110,120
sektion_47_270.png,130,133
sektion_47_271.png,109,121
sektion_47_272.png,110,121
sektion_47_273.png,110,121
sektion_47_274.png,110,122
sektion_47_275.png,111,121
sektion_47_276.png,110,122
sektion_47_277.png,110,121
sektion_47_278.png,110,121
sektion_47_279.png,110,121
sektion_47_28.png,110,121
sektion_47_280.png,127,128
sektion_47_281.png,109,122
sektion_47_282.png,110,123
sektion_47_283.png,113,123
sektion_47_284.png,115,124
sektion_47_285.png,118,124
sektion_47_286.png,124,129
sektion_47_287.png,127,137
sektion_47_288.png,133,149
sektion_47_289.png,139,159
sektion_47_29.png,141,165
sektion_47_290.png,119,124
sektion_47_291.png,140,167
sektion_47_292.png,139,169
sektion_47_293.png,140,171
sektion_47_294.png,141,173
sektion_47_295.png,140,170
sektion_47_296.png,142,168
sektion_47_297.png,143,170
sektion_47_298.png,143,169
sektion_47_299.png,144,167
sektion_47_3.png,144,164
sektion_47_30.png,119,106
sektion_47_300.png,116,120
sektion_47_301.png,142,164
sektion_47_302.png,141,165
sektion_47_303.png,141,166
sektion_47_304.png,142,166
sektion_47_305.png,142,168
sektion_47_306.png,144,170
sektion_47_307.png,146,172
sektion_47_308.png,148,174
sektion_47_309.png,149,176
sektion_47_31.png,146,181
sektion_47_310.png,115,119
sektion_47_311.png,143,186
sektion_47_312.png,141,188
sektion_47_313.png,138,190
sektion_47_314.png,132,194
sektion_47_315.png,128,197
sektion_47_316.png,124,200
sektion_47_317.png,120,205
sektion_47_318.png,119,207
sektion_47_319.png,122,208
sektion_47_32.png,127,206
sektion_47_320.png,112,125
sektion_47_321.png,130,205
sektion_47_322.png,132,206
sektion_47_323.png,125,208
sektion_47_324.png,120,211
sektion_47_325.png,117,213
sektion_47_326.png,115,214
sektion_47_327.png,114,215
sektion_47_328.png,114,216
sektion_47_329.png,115,216
sektion_47_33.png,114,216
sektion_47_330.png,111,139
sektion_47_331.png,114,216
sektion_47_332.png,114,216
sektion_47_333.png,113,217
sektion_47_334.png,114,217
sektion_47_335.png,115,216
sektion_47_336.png,118,216
sektion_47_337.png,123,215
sektion_47_338.png,127,212
sektion_47_339.png,131,210
sektion_47_34.png,132,210
sektion_47_340.png,112,154
sektion_47_341.png,131,211
sektion_47_342.png,122,214
sektion_47_343.png,119,216
sektion_47_344.png,115,217
sektion_47_345.png,112,218
sektion_47_346.png,110,219
sektion_47_347.png,110,219
sektion_47_348.png,110,219
sektion_47_349.png,109,219
sektion_47_35.png,109,218
sektion_47_350.png,113,162
sektion_47_351.png,109,217
sektion_47_352.png,109,217
sektion_47_353.png,108,218
sektion_47_354.png,108,218
sektion_47_355.png,108,218
sektion_47_356.png,109,218
sektion_47_357.png,109,217
sektion_47_358.png,109,217
sektion_47_359.png,109,217
sektion_47_36.png,109,218
sektion_47_360.png,116,165
sektion_47_361.png,108,218
sektion_47_362.png,109,218
sektion_47_363.png,109,219
sektion_47_364.png,109,219
sektion_47_365.png,108,219
sektion_47_366.png,110,219
sektion_47_367.png,113,218
sektion_47_368.png,118,215
sektion_47_369.png,121,214
sektion_47_37.png,122,214
sektion_47_370.png,117,164
sektion_47_371.png,119,216
sektion_47_372.png,116,217
sektion_47_373.png,112,217
sektion_47_374.png,111,215
sektion_47_375.png,110,212
sektion_47_376.png,109,210
sektion_47_377.png,109,208
sektion_47_378.png,110,205
sektion_47_379.png,110,203
sektion_47_38.png,110,203
sektion_47_380.png,116,163
sektion_47_381.png,110,203
sektion_47_382.png,110,203
sektion_47_383.png,110,202
sektion_47_384.png,110,203
sektion_47_385.png,110,204
sektion_47_386.png,110,207
sektion_47_387.png,110,210
sektion_47_388.png,110,212
sektion_47_389.png,112,215
sektion_47_39.png,113,215
sektion_47_390.png,114,162
sektion_47_391.png,116,214
sektion_47_392.png,118,213
sektion_47_393.png,117,213
sektion_47_394.png,116,212
sektion_47_395.png,117,210
sektion_47_396.png,122,204
sektion_47_397.png,129,193
sektion_47_398.png,142,171
sektion_47_399.png,151,145
sektion_47_4.png,154,130
sektion_47_40.png,119,107
sektion_47_400.png,114,163
sektion_47_401.png,152,132
sektion_47_402.png,153,129
sektion_47_403.png,155,126
sektion_47_404.png,153,130
sektion_47_405.png,153,131
sektion_47_406.png,153,132
sektion_47_407.png,149,135
sektion_47_408.png,139,133
sektion_47_409.png,138,134
sektion_47_41.png,141,133
sektion_47_410.png,131,175
sektion_47_411.png,145,133
sektion_47_412.png,147,133
sektion_47_413.png,143,134
sektion_47_414.png,148,136
sektion_47_415.png,153,152
sektion_47_416.png,152,170
sektion_47_417.png,146,184
sektion_47_418.png,141,192
sektion_47_419.png,140,195
sektion_47_42.png,142,195
sektion_47_420.png,159,176
sektion_47_421.png,145,191
sektion_47_422.png,149,185
sektion_47_423.png,156,176
sektion_47_424.png,162,164
sektion_47_425.png,163,155
sektion_47_426.png,166,156
sektion_47_427.png,169,158
sektion_47_428.png,172,161
sektion_47_429.png,174,164
sektion_47_43.png,176,165
sektion_47_430.png,173,179
sektion_47_431.png,176,166
sektion_47_432.png,174,164
sektion_47_433.png,171,160
sektion_47_434.png,169,157
sektion_47_435.png,166,153
sektion_47_436.png,157,143
sektion_47_437.png,155,140
sektion_47_438.png,149,135
sektion_47_439.png,139,132
sektion_47_44.png,134,130
sektion_47_440.png,180,182
sektion_47_441.png,132,130
sektion_47_442.png,132,130
sektion_47_443.png,132,130
sektion_47_444.png,134,130
sektion_47_445.png,132,130
sektion_47_446.png,134,130
sektion_47_447.png,136,131
sektion_47_448.png,139,132
sektion_47_449.png,145,135
sektion_47_45.png,149,139
sektion_47_450.png,187,185
sektion_47_451.png,150,141
sektion_47_452.png,152,143
sektion_47_453.png,153,144
sektion_47_454.png,152,142
sektion_47_455.png,151,141
sektion_47_456.png,150,144
sektion_47_457.png,151,151
sektion_47_458.png,154,163
sektion_47_459.png,155,172
sektion_47_46.png,154,178
sektion_47_460.png,186,183
sektion_47_461.png,153,182
sektion_47_462.png,158,185
sektion_47_463.png,162,186
sektion_47_464.png,164,185
sektion_47_465.png,166,183
sektion_47_466.png,169,181
sektion_47_467.png,172,177
sektion_47_468.png,173,174
sektion_47_469.png,173,168
sektion_47_47.png,171,163
sektion_47_470.png,176,181
sektion_47_471.png,168,159
sektion_47_472.png,166,155
sektion_47_473.png,162,149
sektion_47_474.png,161,145
sektion_47_475.png,159,144
sektion_47_476.png,159,143
sektion_47_477.png,157,143
sektion_47_478.png,157,143
sektion_47_479.png,159,143
sektion_47_48.png,158,144
sektion_47_480.png,166,184
sektion_47_481.png,156,144
sektion_47_482.png,155,145
sektion_47_483.png,157,146
sektion_47_484.png,157,146
sektion_47_485.png,158,147
sektion_47_486.png,159,149
sektion_47_487.png,159,153
sektion_47_49.png,156,157
sektion_47_5.png,159,188
sektion_47_50.png,119,111
sektion_47_51.png,150,192
sektion_47_52.png,147,194
sektion_47_53.png,145,195
sektion_47_54.png,145,195
sektion_47_55.png,147,193
sektion_47_56.png,152,190
sektion_47_57.png,157,191
sektion_47_58.png,163,193
sektion_47_59.png,167,192
sektion_47_6.png,175,191
sektion_47_60.png,119,116
sektion_47_61.png,186,191
sektion_47_62.png,187,190
sektion_47_63.png,189,190
sektion_47_64.png,191,192
sektion_47_65.png,193,193
sektion_47_66.png,193,194
sektion_47_67.png,191,194
sektion_47_68.png,189,194
sektion_47_69.png,188,194
sektion_47_7.png,190,194
sektion_47_70.png,120,119
sektion_47_71.png,190,194
sektion_47_72.png,190,194
sektion_47_73.png,188,195
sektion_47_74.png,180,195
sektion_47_75.png,164,188
sektion_47_76.png,144,174
sektion_47_77.png,130,159
sektion_47_78.png,123,149
sektion_47_79.png,121,150
sektion_47_8.png,119,159
sektion_47_80.png,122,121
sektion_47_81.png,127,179
sektion_47_82.png,160,189
sektion_47_83.png,184,188
sektion_47_84.png,190,187
sektion_47_85.png,191,189
sektion_47_86.png,191,190
sektion_47_87.png,191,189
sektion_47_88.png,190,186
sektion_47_89.png,189,181
sektion_47_9.png,185,177
sektion_47_90.png,123,123
sektion_47_91.png,182,173
sektion_47_92.png,180,171
sektion_47_93.png,178,168
sektion_47_94.png,174,162
sektion_47_95.png,171,158
sektion_47_96.png,169,159
sektion_47_97.png,170,162
sektion_47_98.png,164,174
sektion_47_99.png,164,183
sektion_48_0.png,168,188
sektion_48_1.png,118,107
sektion_48_10.png,118,107
sektion_48_100.png,121,122
sektion_48_101.png,166,182
sektion_48_102.png,161,177
sektion_48_103.png,148,177
sektion_48_104.png,139,178
sektion_48_105.png,135,179
sektion_48_106.png,134,179
sektion_48_107.png,135,179
sektion_48_108.png,135,187
sektion_48_109.png,133,190
sektion_48_11.png,133,188
sektion_48_110.png,121,126
sektion_48_111.png,136,189
sektion_48_112.png,137,192
sektion_48_113.png,139,190
sektion_48_114.png,139,191
sektion_48_115.png,135,192
sektion_48_116.png,130,193
sektion_48_117.png,135,195
sektion_48_118.png,133,196
sektion_48_119.png,128,194
sektion_48_12.png,124,191
sektion_48_120.png,118,127
sektion_48_121.png,121,185
sektion_48_122.png,121,178
sektion_48_123.png,127,171
sektion_48_124.png,132,169
sektion_48_125.png,134,175
sektion_48_126.png,135,183
sektion_48_127.png,135,188
sektion_48_128.png,134,191
sektion_48_129.png,133,192
sektion_48_13.png,132,192
sektion_48_130.png,114,126
sektion_48_131.png,129,189
sektion_48_132.png,127,183
sektion_48_133.png,124,182
sektion_48_134.png,122,186
sektion_48_135.png,125,187
sektion_48_136.png,132,186
sektion_48_137.png,133,192
sektion_48_138.png,138,190
sektion_48_139.png,145,188
sektion_48_14.png,147,191
sektion_48_140.png,116,129
sektion_48_141.png,150,190
sektion_48_142.png,157,180
sektion_48_143.png,163,167
sektion_48_144.png,165,159
sektion_48_145.png,164,153
sektion_48_146.png,162,151
sektion_48_147.png,162,149
sektion_48_148.png,163,151
sektion_48_149.png,167,154
sektion_48_15.png,170,158
sektion_48_150.png,121,131
sektion_48_151.png,169,157
sektion_48_152.png,164,151
sektion_48_153.png,157,144
sektion_48_154.png,148,136
sektion_48_155.png,141,136
sektion_48_156.png,145,135
sektion_48_157.png,145,134
sektion_48_158.png,143,136
sektion_48_159.png,145,134
sektion_48_16.png,143,135
sektion_48_160.png,124,134
sektion_48_161.png,145,134
sektion_48_162.png,145,134
sektion_48_163.png,145,134
sektion_48_164.png,143,136
sektion_48_165.png,147,138
sektion_48_166.png,153,140
sektion_48_167.png,155,143
sektion_48_168.png,159,144
sektion_48_169.png,159,144
sektion_48_17.png,157,143
sektion_48_170.png,127,134
sektion_48_171.png,155,142
sektion_48_172.png,155,142
sektion_48_173.png,149,137
sektion_48_174.png,149,142
sektion_48_175.png,154,157
sektion_48_176.png,157,166
sektion_48_177.png,158,171
sektion_48_178.png,159,173
sektion_48_179.png,164,171
sektion_48_18.png,169,168
sektion_48_180.png,128,133
sektion_48_181.png,173,166
sektion_48_182.png,171,162
sektion_48_183.png,168,157
sektion_48_184.png,159,148
sektion_48_185.png,138,145
sektion_48_186.png,135,147
sektion_48_187.png,142,142
sektion_48_188.png,145,133
sektion_48_189.png,139,127
sektion_48_19.png,121,117
sektion_48_190.png,128,128
sektion_48_191.png,113,109
sektion_48_192.png,116,102
sektion_48_193.png,116,100
sektion_48_194.png,111,103
sektion_48_195.png,106,108
sektion_48_196.png,107,107
sektion_48_197.png,111,103
sektion_48_198.png,112,102
sektion_48_199.png,112,103
sektion_48_2.png,113,100
sektion_48_20.png,117,107
sektion_48_200.png,125,125
sektion_48_201.png,123,93
sektion_48_202.png,126,97
sektion_48_203.png,122,108
sektion_48_204.png,122,115
sektion_48_205.png,124,117
sektion_48_206.png,125,118
sektion_48_207.png,125,121
sektion_48_208.png,123,128
sektion_48_209.png,121,138
sektion_48_21.png,119,146
sektion_48_210.png,124,121
sektion_48_211.png,117,150
sektion_48_212.png,118,151
sektion_48_213.png,118,155
sektion_48_214.png,118,159
sektion_48_215.png,117,163
sektion_48_216.png,116,165
sektion_48_217.png,115,163
sektion_48_218.png,115,160
sektion_48_219.png,115,158
sektion_48_22.png,117,152
sektion_48_220.png,119,121
sektion_48_221.png,118,150
sektion_48_222.png,119,146
sektion_48_223.png,120,142
sektion_48_224.png,120,138
sektion_48_225.png,121,135
sektion_48_226.png,121,132
sektion_48_227.png,121,130
sektion_48_228.png,121,128
sektion_48_229.png,121,126
sektion_48_23.png,120,126
sektion_48_230.png,118,123
sektion_48_231.png,119,126
sektion_48_232.png,119,125
sektion_48_233.png,118,123
sektion_48_234.png,120,119
sektion_48_235.png,120,115
sektion_48_236.png,120,113
sektion_48_237.png,120,112
sektion_48_238.png,119,113
sektion_48_239.png,119,116
sektion_48_24.png,119,116
sektion_48_240.png,122,124
sektion_48_241.png,119,116
sektion_48_242.png,119,116
sektion_48_243.png,119,118
sektion_48_244.png,121,119
sektion_48_245.png,123,120
sektion_48_246.png,125,122
sektion_48_247.png,126,122
sektion_48_248.png,127,127
sektion_48_249.png,127,125
sektion_48_25.png,127,122
sektion_48_250.png,126,128
sektion_48_251.png,126,127
sektion_48_252.png,128,134
sektion_48_253.png,133,137
sektion_48_254.png,138,138
sektion_48_255.png,141,141
sektion_48_256.png,140,148
sektion_48_257.png,138,156
sektion_48_258.png,141,160
sektion_48_259.png,140,156
sektion_48_26.png,137,151
sektion_48_260.png,130,131
sektion_48_261.png,131,145
sektion_48_262.png,122,139
sektion_48_263.png,116,135
sektion_48_264.png,113,131
sektion_48_265.png,112,129
sektion_48_266.png,113,127
sektion_48_267.png,111,123
sektion_48_268.png,111,123
sektion_48_269.png,110,123
sektion_48_27.png,109,123
sektion_48_270.png,132,130
sektion_48_271.png,109,123
sektion_48_272.png,109,123
sektion_48_273.png,109,123
sektion_48_274.png,111,121
sektion_48_275.png,111,121
sektion_48_276.png,110,121
sektion_48_277.png,109,122
sektion_48_278.png,110,122
sektion_48_279.png,110,122
sektion_48_28.png,109,123
sektion_48_280.png,126,127
sektion_48_281.png,109,124
sektion_48_282.png,109,124
sektion_48_283.png,110,125
sektion_48_284.png,112,124
sektion_48_285.png,114,124
sektion_48_286.png,119,124
sektion_48_287.png,123,131
sektion_48_288.png,129,141
sektion_48_289.png,135,151
sektion_48_29.png,136,158
sektion_48_290.png,120,123
sektion_48_291.png,136,162
sektion_48_292.png,137,167
sektion_48_293.png,139,171
sektion_48_294.png,143,173
sektion_48_295.png,142,172
sektion_48_296.png,143,171
sektion_48_297.png,144,171
sektion_48_298.png,144,171
sektion_48_299.png,144,170
sektion_48_3.png,144,166
sektion_48_30.png,119,106
sektion_48_300.png,116,122
sektion_48_301.png,144,163
sektion_48_302.png,143,166
sektion_48_303.png,143,167
sektion_48_304.png,146,168
sektion_48_305.png,147,170
sektion_48_306.png,148,172
sektion_48_307.png,150,175
sektion_48_308.png,151,178
sektion_48_309.png,150,182
sektion_48_31.png,146,187
sektion_48_310.png,114,121
sektion_48_311.png,143,188
sektion_48_312.png,141,189
sektion_48_313.png,137,191
sektion_48_314.png,130,195
sektion_48_315.png,127,197
sektion_48_316.png,124,201
sektion_48_317.png,120,205
sektion_48_318.png,118,207
sektion_48_319.png,121,208
sektion_48_32.png,125,207
sektion_48_320.png,112,128
sektion_48_321.png,130,206
sektion_48_322.png,134,206
sektion_48_323.png,126,209
sektion_48_324.png,121,211
sektion_48_325.png,117,214
sektion_48_326.png,115,214
sektion_48_327.png,114,215
sektion_48_328.png,114,216
sektion_48_329.png,114,216
sektion_48_33.png,114,216
sektion_48_330.png,111,145
sektion_48_331.png,113,217
sektion_48_332.png,112,217
sektion_48_333.png,112,217
sektion_48_334.png,113,217
sektion_48_335.png,114,217
sektion_48_336.png,115,217
sektion_48_337.png,118,216
sektion_48_338.png,122,215
sektion_48_339.png,127,212
sektion_48_34.png,131,210
sektion_48_340.png,112,158
sektion_48_341.png,132,211
sektion_48_342.png,125,213
sektion_48_343.png,121,215
sektion_48_344.png,117,216
sektion_48_345.png,113,218
sektion_48_346.png,111,219
sektion_48_347.png,110,219
sektion_48_348.png,110,219
sektion_48_349.png,109,219
sektion_48_35.png,109,218
sektion_48_350.png,112,163
sektion_48_351.png,109,217
sektion_48_352.png,109,217
sektion_48_353.png,109,218
sektion_48_354.png,108,218
sektion_48_355.png,108,218
sektion_48_356.png,109,217
sektion_48_357.png,109,216
sektion_48_358.png,108,216
sektion_48_359.png,108,216
sektion_48_36.png,108,217
sektion_48_360.png,113,164
sektion_48_361.png,108,217
sektion_48_362.png,109,217
sektion_48_363.png,109,217
sektion_48_364.png,109,218
sektion_48_365.png,108,218
sektion_48_366.png,109,218
sektion_48_367.png,112,217
sektion_48_368.png,117,216
sektion_48_369.png,120,215
sektion_48_37.png,121,215
sektion_48_370.png,116,164
sektion_48_371.png,118,216
sektion_48_372.png,115,217
sektion_48_373.png,112,217
sektion_48_374.png,111,215
sektion_48_375.png,110,211
sektion_48_376.png,109,208
sektion_48_377.png,109,207
sektion_48_378.png,110,204
sektion_48_379.png,110,202
sektion_48_38.png,110,202
sektion_48_380.png,117,164
sektion_48_381.png,110,202
sektion_48_382.png,109,202
sektion_48_383.png,109,202
sektion_48_384.png,110,202
sektion_48_385.png,110,204
sektion_48_386.png,110,207
sektion_48_387.png,110,210
sektion_48_388.png,111,212
sektion_48_389.png,112,215
sektion_48_39.png,112,216
sektion_48_390.png,114,164
sektion_48_391.png,116,214
sektion_48_392.png,118,213
sektion_48_393.png,117,212
sektion_48_394.png,117,212
sektion_48_395.png,117,210
sektion_48_396.png,119,207
sektion_48_397.png,125,197
sektion_48_398.png,139,177
sektion_48_399.png,151,148
sektion_48_4.png,154,128
sektion_48_40.png,120,106
sektion_48_400.png,110,163
sektion_48_401.png,151,131
sektion_48_402.png,151,130
sektion_48_403.png,154,125
sektion_48_404.png,154,128
sektion_48_405.png,155,130
sektion_48_406.png,156,131
sektion_48_407.png,154,133
sektion_48_408.png,150,133
sektion_48_409.png,139,133
sektion_48_41.png,141,132
sektion_48_410.png,113,168
sektion_48_411.png,147,130
sektion_48_412.png,141,130
sektion_48_413.png,139,131
sektion_48_414.png,148,136
sektion_48_415.png,154,156
sektion_48_416.png,152,173
sektion_48_417.png,144,187
sektion_48_418.png,139,193
sektion_48_419.png,138,196
sektion_48_42.png,140,196
sektion_48_420.png,142,172
sektion_48_421.png,143,192
sektion_48_422.png,147,185
sektion_48_423.png,153,176
sektion_48_424.png,160,164
sektion_48_425.png,162,155
sektion_48_426.png,164,153
sektion_48_427.png,166,154
sektion_48_428.png,170,159
sektion_48_429.png,173,163
sektion_48_43.png,176,166
sektion_48_430.png,163,175
sektion_48_431.png,177,166
sektion_48_432.png,177,167
sektion_48_433.png,175,164
sektion_48_434.png,173,163
sektion_48_435.png,170,160
sektion_48_436.png,163,151
sektion_48_437.png,159,148
sektion_48_438.png,155,141
sektion_48_439.png,147,134
sektion_48_44.png,138,131
sektion_48_440.png,171,172
sektion_48_441.png,132,130
sektion_48_442.png,130,130
sektion_48_443.png,130,130
sektion_48_444.png,130,130
sektion_48_445.png,132,129
sektion_48_446.png,132,130
sektion_48_447.png,132,130
sektion_48_448.png,136,131
sektion_48_449.png,139,133
sektion_48_45.png,145,136
sektion_48_450.png,168,171
sektion_48_451.png,149,138
sektion_48_452.png,151,140
sektion_48_453.png,152,142
sektion_48_454.png,152,141
sektion_48_455.png,151,141
sektion_48_456.png,150,144
sektion_48_457.png,152,152
sektion_48_458.png,156,164
sektion_48_459.png,156,173
sektion_48_46.png,153,179
sektion_48_460.png,150,177
sektion_48_461.png,150,183
sektion_48_462.png,151,186
sektion_48_463.png,154,188
sektion_48_464.png,154,189
sektion_48_465.png,156,188
sektion_48_466.png,160,185
sektion_48_467.png,162,182
sektion_48_468.png,166,177
sektion_48_469.png,167,173
sektion_48_47.png,168,166
sektion_48_470.png,137,187
sektion_48_471.png,166,160
sektion_48_472.png,165,155
sektion_48_473.png,163,149
sektion_48_474.png,161,147
sektion_48_475.png,160,146
sektion_48_476.png,158,145
sektion_48_477.png,158,144
sektion_48_478.png,158,144
sektion_48_479.png,158,145
sektion_48_48.png,158,144
sektion_48_480.png,142,191
sektion_48_481.png,157,143
sektion_48_482.png,158,144
sektion_48_483.png,155,145
sektion_48_484.png,158,145
sektion_48_485.png,156,145
sektion_48_486.png,158,147
sektion_48_487.png,159,149
sektion_48_49.png,159,152
sektion_48_5.png,148,187
sektion_48_50.png,119,110
sektion_48_51.png,149,186
sektion_48_52.png,150,186
sektion_48_53.png,154,187
sektion_48_54.png,158,188
sektion_48_55.png,160,190
sektion_48_56.png,159,191
sektion_48_57.png,155,192
sektion_48_58.png,149,193
sektion_48_59.png,144,194
sektion_48_6.png,141,196
sektion_48_60.png,119,112
sektion_48_61.png,139,199
sektion_48_62.png,146,196
sektion_48_63.png,156,194
sektion_48_64.png,168,192
sektion_48_65.png,178,192
sektion_48_66.png,185,191
sektion_48_67.png,190,192
sektion_48_68.png,193,193
sektion_48_69.png,195,192
sektion_48_7.png,192,194
sektion_48_70.png,120,115
sektion_48_71.png,191,195
sektion_48_72.png,190,194
sektion_48_73.png,189,195
sektion_48_74.png,190,195
sektion_48_75.png,192,196
sektion_48_76.png,189,195
sektion_48_77.png,174,189
sektion_48_78.png,154,182
sektion_48_79.png,130,169
sektion_48_8.png,123,156
sektion_48_80.png,121,116
sektion_48_81.png,122,155
sektion_48_82.png,123,173
sektion_48_83.png,143,189
sektion_48_84.png,174,186
sektion_48_85.png,187,183
sektion_48_86.png,190,185
sektion_48_87.png,189,185
sektion_48_88.png,187,180
sektion_48_89.png,185,172
sektion_48_9.png,181,172
sektion_48_90.png,122,119
sektion_48_91.png,179,170
sektion_48_92.png,178,169
sektion_48_93.png,177,168
sektion_48_94.png,175,164
sektion_48_95.png,173,165
sektion_48_96.png,177,171
sektion_48_97.png,181,177
sektion_48_98.png,173,179
sektion_48_99.png,168,182
sektion_49_0.png,168,183
sektion_49_1.png,118,107
sektion_49_10.png,118,105
sektion_49_100.png,122,120
sektion_49_101.png,166,173
sektion_49_102.png,163,173
sektion_49_103.png,157,185
sektion_49_104.png,149,191
sektion_49_105.png,140,188
sektion_49_106.png,133,185
sektion_49_107.png,132,185
sektion_49_108.png,133,188
sektion_49_109.png,133,191
sektion_49_11.png,133,190
sektion_49_110.png,121,124
sektion_49_111.png,135,184
sektion_49_112.png,137,176
sektion_49_113.png,135,177
sektion_49_114.png,132,185
sektion_49_115.png,131,186
sektion_49_116.png,131,183
sektion_49_117.png,128,191
sektion_49_118.png,130,189
sektion_49_119.png,128,193
sektion_49_12.png,126,197
sektion_49_120.png,119,125
sektion_49_121.png,123,195
sektion_49_122.png,123,185
sektion_49_123.png,126,176
sektion_49_124.png,129,172
sektion_49_125.png,131,175
sektion_49_126.png,131,177
sektion_49_127.png,132,178
sektion_49_128.png,134,180
sektion_49_129.png,136,184
sektion_49_13.png,136,187
sektion_49_130.png,112,122
sektion_49_131.png,133,188
sektion_49_132.png,129,189
sektion_49_133.png,126,187
sektion_49_134.png,126,183
sektion_49_135.png,127,183
sektion_49_136.png,129,186
sektion_49_137.png,129,188
sektion_49_138.png,128,193
sektion_49_139.png,132,192
sektion_49_14.png,139,189
sektion_49_140.png,114,123
sektion_49_141.png,144,190
sektion_49_142.png,147,193
sektion_49_143.png,151,193
sektion_49_144.png,159,185
sektion_49_145.png,157,159
sektion_49_146.png,154,146
sektion_49_147.png,152,140
sektion_49_148.png,154,141
sektion_49_149.png,159,145
sektion_49_15.png,162,149
sektion_49_150.png,118,124
sektion_49_151.png,162,150
sektion_49_152.png,156,143
sektion_49_153.png,145,135
sektion_49_154.png,143,134
sektion_49_155.png,145,135
sektion_49_156.png,143,134
sektion_49_157.png,141,134
sektion_49_158.png,141,133
sektion_49_159.png,143,133
sektion_49_16.png,147,135
sektion_49_160.png,122,126
sektion_49_161.png,148,136
sektion_49_162.png,149,136
sektion_49_163.png,150,138
sektion_49_164.png,156,140
sektion_49_165.png,153,142
sektion_49_166.png,153,142
sektion_49_167.png,153,143
sektion_49_168.png,152,143
sektion_49_169.png,150,145
sektion_49_17.png,148,150
sektion_49_170.png,126,129
sektion_49_171.png,147,153
sektion_49_172.png,143,155
sektion_49_173.png,140,155
sektion_49_174.png,137,165
sektion_49_175.png,136,178
sektion_49_176.png,137,184
sektion_49_177.png,142,186
sektion_49_178.png,148,186
sektion_49_179.png,155,182
sektion_49_18.png,161,177
sektion_49_180.png,127,133
sektion_49_181.png,168,167
sektion_49_182.png,168,160
sektion_49_183.png,169,157
sektion_49_184.png,156,152
sektion_49_185.png,134,147
sektion_49_186.png,143,145
sektion_49_187.png,141,141
sektion_49_188.png,138,135
sektion_49_189.png,143,136
sektion_49_19.png,132,133
sektion_49_190.png,128,134
sektion_49_191.png,118,129
sektion_49_192.png,110,119
sektion_49_193.png,117,103
sektion_49_194.png,116,98
sektion_49_195.png,108,105
sektion_49_196.png,107,105
sektion_49_197.png,111,99
sektion_49_198.png,109,103
sektion_49_199.png,107,109
sektion_49_2.png,109,106
sektion_49_20.png,118,104
sektion_49_200.png,127,135
sektion_49_201.png,108,108
sektion_49_202.png,110,106
sektion_49_203.png,114,100
sektion_49_204.png,118,96
sektion_49_205.png,121,98
sektion_49_206.png,121,104
sektion_49_207.png,123,107
sektion_49_208.png,127,109
sektion_49_209.png,124,119
sektion_49_21.png,118,130
sektion_49_210.png,126,135
sektion_49_211.png,118,132
sektion_49_212.png,124,122
sektion_49_213.png,129,117
sektion_49_214.png,125,126
sektion_49_215.png,119,145
sektion_49_216.png,116,163
sektion_49_217.png,117,171
sektion_49_218.png,122,171
sektion_49_219.png,125,168
sektion_49_22.png,132,163
sektion_49_220.png,124,135
sektion_49_221.png,133,166
sektion_49_222.png,132,168
sektion_49_223.png,135,167
sektion_49_224.png,137,162
sektion_49_225.png,140,155
sektion_49_226.png,143,150
sektion_49_227.png,143,150
sektion_49_228.png,142,152
sektion_49_229.png,142,151
sektion_49_23.png,142,148
sektion_49_230.png,123,134
sektion_49_231.png,140,149
sektion_49_232.png,137,147
sektion_49_233.png,134,142
sektion_49_234.png,131,136
sektion_49_235.png,127,130
sektion_49_236.png,123,126
sektion_49_237.png,120,124
sektion_49_238.png,118,123
sektion_49_239.png,118,118
sektion_49_24.png,118,118
sektion_49_240.png,121,134
sektion_49_241.png,116,117
sektion_49_242.png,116,115
sektion_49_243.png,116,114
sektion_49_244.png,115,115
sektion_49_245.png,116,114
sektion_49_246.png,118,114
sektion_49_247.png,118,113
sektion_49_248.png,121,115
sektion_49_249.png,120,121
sektion_49_25.png,117,128
sektion_49_250.png,121,134
sektion_49_251.png,118,130
sektion_49_252.png,120,129
sektion_49_253.png,124,129
sektion_49_254.png,125,133
sektion_49_255.png,127,139
sektion_49_256.png,127,144
sektion_49_257.png,129,146
sektion_49_258.png,131,147
sektion_49_259.png,132,149
sektion_49_26.png,132,151
sektion_49_260.png,122,133
sektion_49_261.png,131,153
sektion_49_262.png,129,151
sektion_49_263.png,125,146
sektion_49_264.png,121,139
sektion_49_265.png,118,134
sektion_49_266.png,116,130
sektion_49_267.png,112,125
sektion_49_268.png,111,125
sektion_49_269.png,110,125
sektion_49_27.png,109,125
sektion_49_270.png,124,133
sektion_49_271.png,109,125
sektion_49_272.png,109,124
sektion_49_273.png,109,123
sektion_49_274.png,110,122
sektion_49_275.png,111,122
sektion_49_276.png,110,121
sektion_49_277.png,109,122
sektion_49_278.png,110,122
sektion_49_279.png,110,123
sektion_49_28.png,109,124
sektion_49_280.png,123,132
sektion_49_281.png,108,125
sektion_49_282.png,108,126
sektion_49_283.png,110,126
sektion_49_284.png,111,126
sektion_49_285.png,113,125
sektion_49_286.png,113,127
sektion_49_287.png,118,131
sektion_49_288.png,125,138
sektion_49_289.png,131,145
sektion_49_29.png,132,149
sektion_49_290.png,120,129
sektion_49_291.png,132,152
sektion_49_292.png,134,159
sektion_49_293.png,140,167
sektion_49_294.png,144,170
sektion_49_295.png,142,171
sektion_49_296.png,144,171
sektion_49_297.png,145,172
sektion_49_298.png,146,173
sektion_49_299.png,145,173
sektion_49_3.png,144,171
sektion_49_30.png,119,104
sektion_49_300.png,118,126
sektion_49_301.png,147,169
sektion_49_302.png,149,169
sektion_49_303.png,149,170
sektion_49_304.png,148,174
sektion_49_305.png,147,176
sektion_49_306.png,151,174
sektion_49_307.png,153,176
sektion_49_308.png,152,182
sektion_49_309.png,149,189
sektion_49_31.png,145,192
sektion_49_310.png,115,125
sektion_49_311.png,142,191
sektion_49_312.png,140,189
sektion_49_313.png,137,190
sektion_49_314.png,128,196
sektion_49_315.png,127,198
sektion_49_316.png,125,200
sektion_49_317.png,121,204
sektion_49_318.png,119,207
sektion_49_319.png,120,208
sektion_49_32.png,125,206
sektion_49_320.png,112,134
sektion_49_321.png,132,205
sektion_49_322.png,137,205
sektion_49_323.png,128,209
sektion_49_324.png,122,211
sektion_49_325.png,118,213
sektion_49_326.png,115,215
sektion_49_327.png,113,216
sektion_49_328.png,114,216
sektion_49_329.png,114,216
sektion_49_33.png,113,217
sektion_49_330.png,112,151
sektion_49_331.png,112,217
sektion_49_332.png,112,217
sektion_49_333.png,112,217
sektion_49_334.png,113,217
sektion_49_335.png,113,218
sektion_49_336.png,113,218
sektion_49_337.png,115,217
sektion_49_338.png,118,216
sektion_49_339.png,124,214
sektion_49_34.png,130,211
sektion_49_340.png,112,162
sektion_49_341.png,133,210
sektion_49_342.png,127,212
sektion_49_343.png,124,214
sektion_49_344.png,119,216
sektion_49_345.png,114,218
sektion_49_346.png,112,219
sektion_49_347.png,110,219
sektion_49_348.png,110,219
sektion_49_349.png,109,219
sektion_49_35.png,109,218
sektion_49_350.png,112,163
sektion_49_351.png,109,217
sektion_49_352.png,109,216
sektion_49_353.png,109,217
sektion_49_354.png,109,217
sektion_49_355.png,109,217
sektion_49_356.png,110,216
sektion_49_357.png,110,215
sektion_49_358.png,109,215
sektion_49_359.png,109,215
sektion_49_36.png,108,215
sektion_49_360.png,111,161
sektion_49_361.png,108,216
sektion_49_362.png,109,215
sektion_49_363.png,110,215
sektion_49_364.png,110,215
sektion_49_365.png,109,216
sektion_49_366.png,110,216
sektion_49_367.png,112,217
sektion_49_368.png,116,216
sektion_49_369.png,119,215
sektion_49_37.png,120,215
sektion_49_370.png,114,162
sektion_49_371.png,118,216
sektion_49_372.png,115,217
sektion_49_373.png,112,217
sektion_49_374.png,111,214
sektion_49_375.png,110,210
sektion_49_376.png,109,208
sektion_49_377.png,109,206
sektion_49_378.png,109,204
sektion_49_379.png,110,202
sektion_49_38.png,111,201
sektion_49_380.png,115,163
sektion_49_381.png,110,201
sektion_49_382.png,109,201
sektion_49_383.png,109,201
sektion_49_384.png,110,202
sektion_49_385.png,110,203
sektion_49_386.png,110,207
sektion_49_387.png,111,210
sektion_49_388.png,111,212
sektion_49_389.png,112,215
sektion_49_39.png,112,216
sektion_49_390.png,112,163
sektion_49_391.png,116,214
sektion_49_392.png,118,213
sektion_49_393.png,118,212
sektion_49_394.png,117,211
sektion_49_395.png,118,211
sektion_49_396.png,119,208
sektion_49_397.png,125,199
sektion_49_398.png,138,181
sektion_49_399.png,151,151
sektion_49_4.png,155,126
sektion_49_40.png,120,104
sektion_49_400.png,110,160
sektion_49_401.png,150,130
sektion_49_402.png,150,131
sektion_49_403.png,154,124
sektion_49_404.png,155,126
sektion_49_405.png,155,130
sektion_49_406.png,157,130
sektion_49_407.png,158,131
sektion_49_408.png,153,134
sektion_49_409.png,141,136
sektion_49_41.png,139,133
sektion_49_410.png,119,161
sektion_49_411.png,143,132
sektion_49_412.png,138,131
sektion_49_413.png,134,132
sektion_49_414.png,145,137
sektion_49_415.png,153,163
sektion_49_416.png,150,178
sektion_49_417.png,141,188
sektion_49_418.png,136,195
sektion_49_419.png,135,198
sektion_49_42.png,138,196
sektion_49_420.png,122,173
sektion_49_421.png,141,192
sektion_49_422.png,146,186
sektion_49_423.png,152,176
sektion_49_424.png,158,166
sektion_49_425.png,162,157
sektion_49_426.png,163,152
sektion_49_427.png,165,152
sektion_49_428.png,169,156
sektion_49_429.png,172,162
sektion_49_43.png,176,166
sektion_49_430.png,135,180
sektion_49_431.png,179,169
sektion_49_432.png,179,169
sektion_49_433.png,178,167
sektion_49_434.png,176,166
sektion_49_435.png,174,164
sektion_49_436.png,169,157
sektion_49_437.png,166,153
sektion_49_438.png,162,147
sektion_49_439.png,156,140
sektion_49_44.png,149,133
sektion_49_440.png,152,175
sektion_49_441.png,138,130
sektion_49_442.png,132,130
sektion_49_443.png,130,130
sektion_49_444.png,130,130
sektion_49_445.png,132,129
sektion_49_446.png,132,129
sektion_49_447.png,134,129
sektion_49_448.png,136,130
sektion_49_449.png,139,132
sektion_49_45.png,143,133
sektion_49_450.png,148,168
sektion_49_451.png,148,136
sektion_49_452.png,150,139
sektion_49_453.png,152,140
sektion_49_454.png,152,140
sektion_49_455.png,151,139
sektion_49_456.png,150,144
sektion_49_457.png,152,154
sektion_49_458.png,157,163
sektion_49_459.png,158,172
sektion_49_46.png,153,179
sektion_49_460.png,136,173
sektion_49_461.png,148,183
sektion_49_462.png,147,186
sektion_49_463.png,149,189
sektion_49_464.png,145,191
sektion_49_465.png,146,191
sektion_49_466.png,149,189
sektion_49_467.png,152,186
sektion_49_468.png,156,181
sektion_49_469.png,160,175
sektion_49_47.png,162,168
sektion_49_470.png,151,185
sektion_49_471.png,163,161
sektion_49_472.png,164,155
sektion_49_473.png,162,149
sektion_49_474.png,161,147
sektion_49_475.png,160,147
sektion_49_476.png,159,147
sektion_49_477.png,158,146
sektion_49_478.png,159,147
sektion_49_479.png,159,146
sektion_49_48.png,160,145
sektion_49_480.png,176,192
sektion_49_481.png,158,145
sektion_49_482.png,159,144
sektion_49_483.png,156,144
sektion_49_484.png,158,143
sektion_49_485.png,157,143
sektion_49_486.png,159,143
sektion_49_487.png,159,147
sektion_49_49.png,159,148
sektion_49_5.png,174,190
sektion_49_50.png,120,106
sektion_49_51.png,179,193
sektion_49_52.png,185,194
sektion_49_53.png,188,193
sektion_49_54.png,191,192
sektion_49_55.png,192,192
sektion_49_56.png,192,192
sektion_49_57.png,189,191
sektion_49_58.png,185,190
sektion_49_59.png,182,189
sektion_49_6.png,177,188
sektion_49_60.png,119,109
sektion_49_61.png,169,185
sektion_49_62.png,163,186
sektion_49_63.png,153,189
sektion_49_64.png,144,194
sektion_49_65.png,143,197
sektion_49_66.png,149,196
sektion_49_67.png,162,194
sektion_49_68.png,175,192
sektion_49_69.png,183,191
sektion_49_7.png,185,190
sektion_49_70.png,120,111
sektion_49_71.png,190,191
sektion_49_72.png,194,194
sektion_49_73.png,193,194
sektion_49_74.png,189,194
sektion_49_75.png,190,195
sektion_49_76.png,192,195
sektion_49_77.png,192,195
sektion_49_78.png,188,194
sektion_49_79.png,172,193
sektion_49_8.png,144,179
sektion_49_80.png,122,112
sektion_49_81.png,122,160
sektion_49_82.png,118,153
sektion_49_83.png,119,167
sektion_49_84.png,131,187
sektion_49_85.png,162,185
sektion_49_86.png,184,180
sektion_49_87.png,187,178
sektion_49_88.png,184,173
sektion_49_89.png,179,170
sektion_49_9.png,179,170
sektion_49_90.png,122,116
sektion_49_91.png,178,168
sektion_49_92.png,176,166
sektion_49_93.png,178,168
sektion_49_94.png,181,173
sektion_49_95.png,184,178
sektion_49_96.png,183,179
sektion_49_97.png,181,177
sektion_49_98.png,180,176
sektion_49_99.png,177,178
sektion_50_0.png,171,177
sektion_50_1.png,119,107
sektion_50_10.png,119,104
sektion_50_100.png,121,115
sektion_50_101.png,175,177
sektion_50_102.png,174,177
sektion_50_103.png,170,179
sektion_50_104.png,166,181
sektion_50_105.png,157,184
sektion_50_106.png,146,189
sektion_50_107.png,138,186
sektion_50_108.png,133,183
sektion_50_109.png,132,182
sektion_50_11.png,129,173
sektion_50_110.png,123,122
sektion_50_111.png,127,162
sektion_50_112.png,128,157
sektion_50_113.png,130,156
sektion_50_114.png,131,156
sektion_50_115.png,131,158
sektion_50_116.png,130,164
sektion_50_117.png,129,180
sektion_50_118.png,129,185
sektion_50_119.png,130,190
sektion_50_12.png,131,189
sektion_50_120.png,123,125
sektion_50_121.png,129,186
sektion_50_122.png,127,183
sektion_50_123.png,125,186
sektion_50_124.png,128,187
sektion_50_125.png,134,181
sektion_50_126.png,133,179
sektion_50_127.png,132,178
sektion_50_128.png,134,173
sektion_50_129.png,136,170
sektion_50_13.png,136,171
sektion_50_130.png,118,124
sektion_50_131.png,133,179
sektion_50_132.png,131,185
sektion_50_133.png,128,185
sektion_50_134.png,125,182
sektion_50_135.png,126,181
sektion_50_136.png,128,187
sektion_50_137.png,130,188
sektion_50_138.png,131,191
sektion_50_139.png,131,193
sektion_50_14.png,132,192
sektion_50_140.png,113,122
sektion_50_141.png,135,190
sektion_50_142.png,141,188
sektion_50_143.png,149,189
sektion_50_144.png,152,192
sektion_50_145.png,154,182
sektion_50_146.png,156,163
sektion_50_147.png,154,142
sektion_50_148.png,149,136
sektion_50_149.png,145,137
sektion_50_15.png,146,137
sektion_50_150.png,111,120
sektion_50_151.png,144,137
sektion_50_152.png,144,138
sektion_50_153.png,146,136
sektion_50_154.png,150,136
sektion_50_155.png,147,134
sektion_50_156.png,145,131
sektion_50_157.png,141,131
sektion_50_158.png,141,134
sektion_50_159.png,148,137
sektion_50_16.png,154,139
sektion_50_160.png,114,121
sektion_50_161.png,157,142
sektion_50_162.png,160,145
sektion_50_163.png,158,146
sektion_50_164.png,153,142
sektion_50_165.png,145,138
sektion_50_166.png,135,139
sektion_50_167.png,129,145
sektion_50_168.png,129,154
sektion_50_169.png,132,163
sektion_50_17.png,133,171
sektion_50_170.png,119,126
sektion_50_171.png,132,176
sektion_50_172.png,130,179
sektion_50_173.png,131,186
sektion_50_174.png,126,193
sektion_50_175.png,121,198
sektion_50_176.png,120,200
sektion_50_177.png,125,204
sektion_50_178.png,134,202
sektion_50_179.png,147,195
sektion_50_18.png,160,182
sektion_50_180.png,123,132
sektion_50_181.png,163,176
sektion_50_182.png,166,173
sektion_50_183.png,167,172
sektion_50_184.png,147,173
sektion_50_185.png,135,155
sektion_50_186.png,141,142
sektion_50_187.png,140,142
sektion_50_188.png,135,138
sektion_50_189.png,138,141
sektion_50_19.png,134,144
sektion_50_190.png,123,138
sektion_50_191.png,127,136
sektion_50_192.png,119,126
sektion_50_193.png,118,126
sektion_50_194.png,115,125
sektion_50_195.png,111,118
sektion_50_196.png,110,108
sektion_50_197.png,108,102
sektion_50_198.png,107,103
sektion_50_199.png,107,105
sektion_50_2.png,111,104
sektion_50_20.png,120,102
sektion_50_200.png,125,140
sektion_50_201.png,110,106
sektion_50_202.png,109,107
sektion_50_203.png,108,107
sektion_50_204.png,105,111
sektion_50_205.png,106,110
sektion_50_206.png,108,108
sektion_50_207.png,112,105
sektion_50_208.png,116,102
sektion_50_209.png,120,99
sektion_50_21.png,120,100
sektion_50_210.png,127,140
sektion_50_211.png,117,108
sektion_50_212.png,121,115
sektion_50_213.png,125,126
sektion_50_214.png,124,139
sektion_50_215.png,119,153
sektion_50_216.png,118,165
sektion_50_217.png,122,172
sektion_50_218.png,130,173
sektion_50_219.png,135,171
sektion_50_22.png,139,172
sektion_50_220.png,130,140
sektion_50_221.png,142,176
sektion_50_222.png,146,177
sektion_50_223.png,151,170
sektion_50_224.png,153,162
sektion_50_225.png,152,158
sektion_50_226.png,151,158
sektion_50_227.png,152,159
sektion_50_228.png,154,158
sektion_50_229.png,157,159
sektion_50_23.png,158,161
sektion_50_230.png,130,145
sektion_50_231.png,157,163
sektion_50_232.png,155,163
sektion_50_233.png,153,161
sektion_50_234.png,149,156
sektion_50_235.png,146,151
sektion_50_236.png,140,148
sektion_50_237.png,135,146
sektion_50_238.png,131,145
sektion_50_239.png,128,137
sektion_50_24.png,127,133
sektion_50_240.png,127,150
sektion_50_241.png,125,127
sektion_50_242.png,122,121
sektion_50_243.png,119,118
sektion_50_244.png,117,115
sektion_50_245.png,114,115
sektion_50_246.png,112,115
sektion_50_247.png,111,115
sektion_50_248.png,112,117
sektion_50_249.png,112,118
sektion_50_25.png,115,119
sektion_50_250.png,124,149
sektion_50_251.png,118,119
sektion_50_252.png,121,120
sektion_50_253.png,122,125
sektion_50_254.png,121,132
sektion_50_255.png,121,138
sektion_50_256.png,121,141
sektion_50_257.png,121,142
sektion_50_258.png,121,142
sektion_50_259.png,121,142
sektion_50_26.png,120,143
sektion_50_260.png,121,143
sektion_50_261.png,120,143
sektion_50_262.png,121,143
sektion_50_263.png,121,143
sektion_50_264.png,120,143
sektion_50_265.png,119,143
sektion_50_266.png,117,143
sektion_50_267.png,115,138
sektion_50_268.png,114,134
sektion_50_269.png,113,129
sektion_50_27.png,111,127
sektion_50_270.png,121,137
sektion_50_271.png,110,127
sektion_50_272.png,109,129
sektion_50_273.png,109,128
sektion_50_274.png,109,127
sektion_50_275.png,110,124
sektion_50_276.png,111,120
sektion_50_277.png,111,120
sektion_50_278.png,110,123
sektion_50_279.png,109,125
sektion_50_28.png,110,125
sektion_50_280.png,122,132
sektion_50_281.png,112,123
sektion_50_282.png,113,123
sektion_50_283.png,112,126
sektion_50_284.png,111,129
sektion_50_285.png,111,132
sektion_50_286.png,115,132
sektion_50_287.png,119,128
sektion_50_288.png,122,132
sektion_50_289.png,125,141
sektion_50_29.png,131,150
sektion_50_290.png,121,129
sektion_50_291.png,135,159
sektion_50_292.png,139,165
sektion_50_293.png,144,168
sektion_50_294.png,144,168
sektion_50_295.png,143,170
sektion_50_296.png,146,169
sektion_50_297.png,147,169
sektion_50_298.png,145,174
sektion_50_299.png,144,178
sektion_50_3.png,144,179
sektion_50_30.png,119,101
sektion_50_300.png,121,124
sektion_50_301.png,147,177
sektion_50_302.png,151,175
sektion_50_303.png,152,176
sektion_50_304.png,150,176
sektion_50_305.png,151,176
sektion_50_306.png,152,173
sektion_50_307.png,153,171
sektion_50_308.png,150,182
sektion_50_309.png,146,190
sektion_50_31.png,144,192
sektion_50_310.png,116,128
sektion_50_311.png,143,190
sektion_50_312.png,140,189
sektion_50_313.png,136,192
sektion_50_314.png,131,196
sektion_50_315.png,125,198
sektion_50_316.png,121,201
sektion_50_317.png,122,205
sektion_50_318.png,120,207
sektion_50_319.png,122,208
sektion_50_32.png,129,206
sektion_50_320.png,110,138
sektion_50_321.png,136,203
sektion_50_322.png,136,205
sektion_50_323.png,129,208
sektion_50_324.png,123,211
sektion_50_325.png,118,214
sektion_50_326.png,114,215
sektion_50_327.png,113,216
sektion_50_328.png,112,216
sektion_50_329.png,113,216
sektion_50_33.png,113,215
sektion_50_330.png,111,150
sektion_50_331.png,112,215
sektion_50_332.png,111,216
sektion_50_333.png,111,216
sektion_50_334.png,112,216
sektion_50_335.png,112,217
sektion_50_336.png,111,217
sektion_50_337.png,112,218
sektion_50_338.png,114,217
sektion_50_339.png,120,215
sektion_50_34.png,126,212
sektion_50_340.png,111,161
sektion_50_341.png,132,210
sektion_50_342.png,129,211
sektion_50_343.png,126,213
sektion_50_344.png,121,216
sektion_50_345.png,115,218
sektion_50_346.png,112,219
sektion_50_347.png,110,219
sektion_50_348.png,110,218
sektion_50_349.png,109,217
sektion_50_35.png,109,218
sektion_50_350.png,112,165
sektion_50_351.png,110,215
sektion_50_352.png,109,216
sektion_50_353.png,109,216
sektion_50_354.png,110,214
sektion_50_355.png,109,215
sektion_50_356.png,109,215
sektion_50_357.png,110,213
sektion_50_358.png,107,214
sektion_50_359.png,107,214
sektion_50_36.png,108,213
sektion_50_360.png,112,164
sektion_50_361.png,107,216
sektion_50_362.png,109,212
sektion_50_363.png,110,212
sektion_50_364.png,108,214
sektion_50_365.png,108,214
sektion_50_366.png,110,213
sektion_50_367.png,111,216
sektion_50_368.png,114,217
sektion_50_369.png,116,216
sektion_50_37.png,118,215
sektion_50_370.png,113,163
sektion_50_371.png,117,216
sektion_50_372.png,114,217
sektion_50_373.png,112,217
sektion_50_374.png,110,214
sektion_50_375.png,110,209
sektion_50_376.png,109,207
sektion_50_377.png,109,206
sektion_50_378.png,110,204
sektion_50_379.png,110,202
sektion_50_38.png,110,200
sektion_50_380.png,113,163
sektion_50_381.png,110,200
sektion_50_382.png,109,200
sektion_50_383.png,110,200
sektion_50_384.png,110,200
sektion_50_385.png,111,202
sektion_50_386.png,110,206
sektion_50_387.png,109,209
sektion_50_388.png,109,211
sektion_50_389.png,112,214
sektion_50_39.png,112,216
sektion_50_390.png,111,162
sektion_50_391.png,116,214
sektion_50_392.png,118,213
sektion_50_393.png,117,213
sektion_50_394.png,116,212
sektion_50_395.png,116,211
sektion_50_396.png,117,208
sektion_50_397.png,123,199
sektion_50_398.png,138,178
sektion_50_399.png,151,147
sektion_50_4.png,155,131
sektion_50_40.png,118,103
sektion_50_400.png,112,163
sektion_50_401.png,150,133
sektion_50_402.png,151,127
sektion_50_403.png,154,123
sektion_50_404.png,154,124
sektion_50_405.png,153,127
sektion_50_406.png,153,126
sektion_50_407.png,156,125
sektion_50_408.png,155,133
sektion_50_409.png,153,139
sektion_50_41.png,147,135
sektion_50_410.png,118,166
sektion_50_411.png,143,133
sektion_50_412.png,141,133
sektion_50_413.png,139,131
sektion_50_414.png,149,139
sektion_50_415.png,153,165
sektion_50_416.png,146,182
sektion_50_417.png,138,190
sektion_50_418.png,135,196
sektion_50_419.png,133,198
sektion_50_42.png,135,197
sektion_50_420.png,110,169
sektion_50_421.png,139,193
sektion_50_422.png,145,187
sektion_50_423.png,150,178
sektion_50_424.png,155,169
sektion_50_425.png,158,159
sektion_50_426.png,160,151
sektion_50_427.png,162,151
sektion_50_428.png,165,154
sektion_50_429.png,170,159
sektion_50_43.png,173,162
sektion_50_430.png,115,171
sektion_50_431.png,177,166
sektion_50_432.png,179,168
sektion_50_433.png,180,169
sektion_50_434.png,180,169
sektion_50_435.png,178,168
sektion_50_436.png,173,163
sektion_50_437.png,170,160
sektion_50_438.png,166,154
sektion_50_439.png,160,148
sektion_50_44.png,155,142
sektion_50_440.png,130,175
sektion_50_441.png,148,135
sektion_50_442.png,139,131
sektion_50_443.png,134,130
sektion_50_444.png,130,130
sektion_50_445.png,134,129
sektion_50_446.png,134,130
sektion_50_447.png,136,130
sektion_50_448.png,139,133
sektion_50_449.png,143,134
sektion_50_45.png,147,135
sektion_50_450.png,142,181
sektion_50_451.png,149,136
sektion_50_452.png,148,138
sektion_50_453.png,149,138
sektion_50_454.png,150,137
sektion_50_455.png,149,137
sektion_50_456.png,150,145
sektion_50_457.png,153,155
sektion_50_458.png,156,164
sektion_50_459.png,156,172
sektion_50_46.png,153,178
sektion_50_460.png,155,191
sektion_50_461.png,149,183
sektion_50_462.png,147,187
sektion_50_463.png,145,190
sektion_50_464.png,143,191
sektion_50_465.png,141,193
sektion_50_466.png,140,193
sektion_50_467.png,143,190
sektion_50_468.png,147,184
sektion_50_469.png,152,178
sektion_50_47.png,155,171
sektion_50_470.png,175,195
sektion_50_471.png,158,164
sektion_50_472.png,160,155
sektion_50_473.png,159,148
sektion_50_474.png,160,146
sektion_50_475.png,160,146
sektion_50_476.png,161,147
sektion_50_477.png,161,147
sektion_50_478.png,161,147
sektion_50_479.png,160,146
sektion_50_48.png,159,146
sektion_50_480.png,186,194
sektion_50_481.png,160,145
sektion_50_482.png,160,145
sektion_50_483.png,158,145
sektion_50_484.png,158,144
sektion_50_485.png,159,143
sektion_50_486.png,158,144
sektion_50_487.png,158,145
sektion_50_49.png,160,146
sektion_50_5.png,183,186
sektion_50_50.png,119,105
sektion_50_51.png,188,190
sektion_50_52.png,191,192
sektion_50_53.png,191,193
sektion_50_54.png,192,193
sektion_50_55.png,192,193
sektion_50_56.png,193,194
sektion_50_57.png,193,194
sektion_50_58.png,194,193
sektion_50_59.png,195,193
sektion_50_6.png,195,192
sektion_50_60.png,119,107
sektion_50_61.png,194,192
sektion_50_62.png,195,193
sektion_50_63.png,192,191
sektion_50_64.png,187,191
sektion_50_65.png,180,191
sektion_50_66.png,171,191
sektion_50_67.png,163,191
sektion_50_68.png,157,196
sektion_50_69.png,155,198
sektion_50_7.png,168,194
sektion_50_70.png,118,108
sektion_50_71.png,177,191
sektion_50_72.png,186,190
sektion_50_73.png,190,191
sektion_50_74.png,191,193
sektion_50_75.png,191,195
sektion_50_76.png,190,195
sektion_50_77.png,190,194
sektion_50_78.png,189,193
sektion_50_79.png,189,193
sektion_50_8.png,183,194
sektion_50_80.png,119,108
sektion_50_81.png,161,186
sektion_50_82.png,132,167
sektion_50_83.png,118,156
sektion_50_84.png,116,164
sektion_50_85.png,128,187
sektion_50_86.png,161,179
sektion_50_87.png,175,166
sektion_50_88.png,177,166
sektion_50_89.png,178,166
sektion_50_9.png,177,164
sektion_50_90.png,120,110
sektion_50_91.png,175,165
sektion_50_92.png,177,170
sektion_50_93.png,180,174
sektion_50_94.png,184,177
sektion_50_95.png,185,177
sektion_50_96.png,183,176
sektion_50_97.png,178,176
sektion_50_98.png,179,178
sektion_50_99.png,178,178
sektion_51_0.png,176,178
sektion_51_1.png,118,107
sektion_51_10.png,118,105
sektion_51_100.png,119,112
sektion_51_101.png,176,182
sektion_51_102.png,174,183
sektion_51_103.png,172,182
sektion_51_104.png,170,181
sektion_51_105.png,166,183
sektion_51_106.png,164,184
sektion_51_107.png,155,188
sektion_51_108.png,140,186
sektion_51_109.png,129,172
sektion_51_11.png,128,155
sektion_51_110.png,121,119
sektion_51_111.png,131,149
sektion_51_112.png,130,154
sektion_51_113.png,127,157
sektion_51_114.png,128,151
sektion_51_115.png,126,146
sektion_51_116.png,122,149
sektion_51_117.png,127,166
sektion_51_118.png,126,177
sektion_51_119.png,126,186
sektion_51_12.png,128,185
sektion_51_120.png,122,124
sektion_51_121.png,126,178
sektion_51_122.png,122,177
sektion_51_123.png,119,182
sektion_51_124.png,122,183
sektion_51_125.png,128,176
sektion_51_126.png,129,178
sektion_51_127.png,128,181
sektion_51_128.png,129,179
sektion_51_129.png,131,177
sektion_51_13.png,133,174
sektion_51_130.png,119,128
sektion_51_131.png,133,172
sektion_51_132.png,131,173
sektion_51_133.png,127,174
sektion_51_134.png,123,173
sektion_51_135.png,120,175
sektion_51_136.png,120,183
sektion_51_137.png,122,187
sektion_51_138.png,126,190
sektion_51_139.png,126,193
sektion_51_14.png,124,196
sektion_51_140.png,114,124
sektion_51_141.png,125,195
sektion_51_142.png,129,194
sektion_51_143.png,138,191
sektion_51_144.png,145,187
sektion_51_145.png,153,189
sektion_51_146.png,156,183
sektion_51_147.png,160,172
sektion_51_148.png,160,161
sektion_51_149.png,158,150
sektion_51_15.png,152,142
sektion_51_150.png,110,120
sektion_51_151.png,150,136
sektion_51_152.png,148,134
sektion_51_153.png,146,135
sektion_51_154.png,141,135
sektion_51_155.png,141,134
sektion_51_156.png,147,133
sektion_51_157.png,152,137
sektion_51_158.png,155,142
sektion_51_159.png,158,144
sektion_51_16.png,158,141
sektion_51_160.png,112,119
sektion_51_161.png,155,136
sektion_51_162.png,149,136
sektion_51_163.png,142,144
sektion_51_164.png,126,153
sektion_51_165.png,124,158
sektion_51_166.png,121,164
sektion_51_167.png,121,168
sektion_51_168.png,120,174
sektion_51_169.png,119,182
sektion_51_17.png,120,192
sektion_51_170.png,114,122
sektion_51_171.png,124,198
sektion_51_172.png,127,200
sektion_51_173.png,130,199
sektion_51_174.png,132,196
sektion_51_175.png,133,196
sektion_51_176.png,136,197
sektion_51_177.png,143,196
sektion_51_178.png,155,190
sektion_51_179.png,167,181
sektion_51_18.png,171,179
sektion_51_180.png,118,128
sektion_51_181.png,171,180
sektion_51_182.png,169,179
sektion_51_183.png,165,177
sektion_51_184.png,146,180
sektion_51_185.png,133,162
sektion_51_186.png,137,144
sektion_51_187.png,140,142
sektion_51_188.png,139,139
sektion_51_189.png,140,137
sektion_51_19.png,137,139
sektion_51_190.png,122,134
sektion_51_191.png,130,128
sektion_51_192.png,124,128
sektion_51_193.png,125,127
sektion_51_194.png,124,130
sektion_51_195.png,123,139
sektion_51_196.png,120,136
sektion_51_197.png,116,129
sektion_51_198.png,113,116
sektion_51_199.png,108,111
